KOI,Host KOI,Kepler name,Host Gaia ID,P (VanHo),P pme (VanHo,PSR (VanHo),PSR pme (VanHo),PSR (Fulton),PSR pe (Fulton),PSR me (Fulton),PSR (Van Eylen),PSR pe (Van Eylen),PSR me (Van Eylen)
K00041.01,KOI-41,Kepler-100 c,Gaia DR3 2101733244046205568       ,12.815893,0.000008,0.0137932,0.000168,0.014026,7.90E-05,0.000601,0.013445775,0.000131194,0.00010093
K00041.02,KOI-41,Kepler-100 b,Gaia DR3 2101733244046205568       ,6.887062,0.000007,0.0082278,0.0001469,0.008062,0.001336,0.000227,0.007897869,0.00040951,0.000176509
K00041.03,KOI-41,Kepler-100 d,Gaia DR3 2101733244046205568       ,35.333093,0.000019,0.0103546,0.0002224,0.009209,0.002335,0.000349,0.009168564,0.000384615,0.000197729
K00046.02,KOI-46,Kepler-101 c,Gaia DR3 2131709921047710336       ,6.029792,0.00002,0.0073128,0.0007421,0.006862,0.000255,0.000539,0,0,0
K00049.01,KOI-49,Kepler-461 b,Gaia DR3 2126801563705846528       ,8.313784,0.000015,0.0286729,0.0009586,0.025915,0.000346,0.00029,0,0,0
K00069.01,KOI-69,Kepler-93 b,Gaia DR3 2052747119115620352       ,4.726739,0.000001,0.0151309,0.0001247,0.015858,0.000197,0.000809,0.014863227,9.94E-05,4.42E-05
K00070.01,KOI-70,Kepler-20 A c,Gaia DR3 2102548708017562112       ,10.854089,0.000003,0.0290471,0.0001932,0.029956,0.001821,0.000609,0,0,0
K00070.02,KOI-70,Kepler-20 A b,Gaia DR3 2102548708017562112       ,3.696115,0.000001,0.0182169,0.0002168,0.020874,0.001408,0.002266,0,0,0
K00070.03,KOI-70,Kepler-20 A d,Gaia DR3 2102548708017562112       ,77.611598,0.000019,0.0262888,0.0003397,0.025923,0.000539,0.000257,0,0,0
K00070.05,KOI-70,Kepler-20 A f,Gaia DR3 2102548708017562112       ,19.577627,0.00002,0.0091348,0.000356,0.009811,0.000402,0.000317,0,0,0
K00072.02,KOI-72,Kepler-10 c,Gaia DR3 2132155017099178624       ,45.294321,0.000018,0.0209265,0.000221,0.019777,0.000265,9.20E-05,0.019955325,0.000523458,0.000203783
K00082.01,KOI-82,Kepler-102 e,Gaia DR3 2119583201145735808       ,16.145672,0.000005,0.0281257,0.0004015,0.03053,0.001286,0.001962,0,0,0
K00082.02,KOI-82,Kepler-102 d,Gaia DR3 2119583201145735808       ,10.311741,0.000005,0.0151911,0.0003436,0.016946,0.000248,0.001843,0,0,0
K00085.01,KOI-85,Kepler-65 c,Gaia DR3 2102119176929154304       ,5.859939,0.000001,0.0168953,0.0001023,0.016394,0.000135,6.80E-05,0.016814724,0.000260487,0.000150943
K00085.02,KOI-85,Kepler-65 b,Gaia DR3 2102119176929154304       ,2.154911,0.000001,0.0092337,8.55E-05,0.009656,0.000594,0.000438,0.009216847,9.26E-05,7.59E-05
K00085.03,KOI-85,Kepler-65 d,Gaia DR3 2102119176929154304       ,8.131227,0.000005,0.0101687,0.0001028,0.011306,0,0.001256,0.00985064,0.000363381,0.000243223
K00092.01,KOI-92,KOI-92.01,Gaia DR3 2105135854577044480       ,65.704594,0.000018,0.026343,0.0005619,0.024259,0.001545,0.000809,0.026158138,0.000800353,0.000821784
K00094.02,KOI-94,Kepler-89 A c,Gaia DR3 2076970047474270208       ,10.423684,0.000005,0.0266356,0.0006206,0.025851,0.000369,0.000148,0,0,0
K00094.04,KOI-94,Kepler-89 A b,Gaia DR3 2076970047474270208       ,3.743176,0.000003,0.0105429,0.0001833,0.010942,0.001009,0.000531,0,0,0
K00102.01,KOI-102,KOI-102.01,Gaia DR3 2076121602454770560       ,1.735136,0,0.0337911,0.0002593,0.027951,0.000146,6.10E-05,0,0,0
K00104.01,KOI-104,Kepler-94 b,Gaia DR3 2119602202081351168       ,2.508057,0,0.0389681,0.0001878,0.03744,0.000372,0.001718,0,0,0
K00105.01,KOI-105,Kepler-463 b,Gaia DR3 2079192121810035840       ,8.981015,0.000002,0.0312899,0.0004404,0.031006,2.00E-05,0.001065,0,0,0
K00107.01,KOI-107,Kepler-464 b,Gaia DR3 2134798444914611712       ,7.256964,0.000011,0.019813,0.0004059,0.019494,0.000282,0.000105,0.019689191,0.000418048,0.00030604
K00108.01,KOI-108,Kepler-103 b,Gaia DR3 2101243789577188736       ,15.965333,0.000013,0.0220533,0.0002473,0.020046,0.000211,7.90E-05,0.021956717,0.00034236,0.000208512
K00110.01,KOI-110,Kepler-465 b,Gaia DR3 2107236613280607104       ,9.940663,0.000014,0.021585,0.0006186,0.02114,0.000174,7.50E-05,0,0,0
K00111.01,KOI-111,Kepler-104 A b,Gaia DR3 2102454253097554304       ,11.427551,0.000005,0.0208727,0.0002431,0.020712,0.000176,0.000127,0,0,0
K00111.02,KOI-111,Kepler-104 A c,Gaia DR3 2102454253097554304       ,23.66835,0.000013,0.0199257,0.0002581,0.020567,3.70E-05,0.00088,0,0,0
K00111.03,KOI-111,Kepler-104 A d,Gaia DR3 2102454253097554304       ,51.755294,0.000018,0.0231631,0.000309,0.022948,0.001832,0.00041,0,0,0
K00112.01,KOI-112,Kepler-466 b,Gaia DR3 2134719834131370496       ,51.079265,0.000022,0.0282307,0.0005691,0.02468,0.000418,0.000163,0,0,0
K00112.02,KOI-112,Kepler-466 c,Gaia DR3 2134719834131370496       ,3.709213,0.000012,0.0116375,0.0002963,0.010549,0.00029,0.000189,0,0,0
K00115.01,KOI-115,Kepler-105 b,Gaia DR3 2130368310704421120       ,5.412206,0.000002,0.0234805,0.0002592,0.022571,0.000319,0.000224,0,0,0
K00115.02,KOI-115,Kepler-105 c,Gaia DR3 2130368310704421120       ,7.125936,0.000006,0.0132583,0.0002203,0.012899,0.000299,0.000187,0,0,0
K00116.01,KOI-116,Kepler-106 c,Gaia DR3 2082074942519913344       ,13.570778,0.000009,0.0230094,0.0003672,0.020888,0.000355,0.000261,0,0,0
K00116.02,KOI-116,Kepler-106 e,Gaia DR3 2082074942519913344       ,43.844448,0.000019,0.0233826,0.0003201,0.022959,0.002246,0.000529,0,0,0
K00116.04,KOI-116,Kepler-106 d,Gaia DR3 2082074942519913344       ,23.980232,0.00002,0.0096207,0.0003604,0.008834,0.000363,0.000492,0,0,0
K00117.01,KOI-117,Kepler-107 e,Gaia DR3 2086625752425381632       ,14.749136,0.000011,0.0188432,0.000239,0.019894,0.000415,0.001217,0.018977908,0.000226891,0.000148141
K00117.02,KOI-117,Kepler-107 c,Gaia DR3 2086625752425381632       ,4.901438,0.000006,0.0106106,0.000171,0.011954,0.00044,0.001193,0.010804269,0.000213094,0.000221092
K00117.03,KOI-117,Kepler-107 b,Gaia DR3 2086625752425381632       ,3.18002,0.000002,0.0101072,0.0001669,0.010088,0.000251,0.00021,0.010261309,0.000204442,0.000126842
K00117.04,KOI-117,Kepler-107 d,Gaia DR3 2086625752425381632       ,7.958297,0.000018,0.0061411,0.0002928,0.00694,0.000288,0.000304,0.006908766,0.000345518,0.000326941
K00118.01,KOI-118,Kepler-467 b,Gaia DR3 2099605968225288960       ,24.993239,0.000021,0.0158167,0.0006156,0.015403,0.001936,0.000387,0.015241992,0.000782911,0.000425561
K00122.01,KOI-122,Kepler-95 b,Gaia DR3 2106705269988803072       ,11.523073,0.000005,0.0204782,0.0002128,0.020278,0.000239,0.000139,0.02078208,0.00046844,0.000151321
K00123.01,KOI-123,Kepler-109 b,Gaia DR3 2101175933393051008       ,6.481639,0.000003,0.0164629,0.0002406,0.015884,0.000313,0.000145,0.015993324,0.000464641,0.000111475
K00123.02,KOI-123,Kepler-109 c,Gaia DR3 2101175933393051008       ,21.222602,0.000013,0.0179728,0.0001798,0.017316,0.000246,9.10E-05,0.018018052,0.000221235,0.000181979
K00124.01,KOI-124,Kepler-110 b,Gaia DR3 2128925579652377472       ,12.691049,0.000015,0.015836,0.0002493,0.014711,0.000277,0.000186,0,0,0
K00124.02,KOI-124,Kepler-110 c,Gaia DR3 2128925579652377472       ,31.719825,0.000018,0.0190588,0.0003164,0.017582,0.000362,0.0002,0,0,0
K00137.03,KOI-137,Kepler-18 b,Gaia DR3 2079295583282164992       ,3.504713,0.000003,0.0163997,0.00028,0.018319,0.002312,0.001802,0,0,0
K00139.02,KOI-139,Kepler-111 b,Gaia DR3 2126569051355142656       ,3.341802,0.000005,0.0112406,0.0002833,0.014025,0.000679,0.002198,0,0,0
K00144.01,KOI-144,Kepler-472 b,Gaia DR3 2073277200237694464       ,4.176255,0.000002,0.0327019,0.0002627,0.037569,0.001322,0.00323,0,0,0
K00148.01,KOI-148,Kepler-48 b,Gaia DR3 2075112109039378688       ,4.778006,0.000003,0.0194458,0.000325,0.020317,0.001275,0.000493,0,0,0
K00148.02,KOI-148,Kepler-48 c,Gaia DR3 2075112109039378688       ,9.673944,0.000004,0.0279517,0.0004586,0.028013,0.000419,0.000181,0,0,0
K00148.03,KOI-148,Kepler-48 d,Gaia DR3 2075112109039378688       ,42.89607,0.000019,0.020856,0.0003435,0.021677,0.000617,0.000255,0,0,0
K00150.01,KOI-150,Kepler-112 b,Gaia DR3 2078722600285671936       ,8.408874,0.000005,0.0262614,0.0003058,0.026028,0.000255,0.000162,0,0,0
K00150.02,KOI-150,Kepler-112 c,Gaia DR3 2078722600285671936       ,28.574262,0.000018,0.0276505,0.0003249,0.026821,0.000382,0.000338,0,0,0
K00153.01,KOI-153,Kepler-113 c,Gaia DR3 2133369840008452224       ,8.925083,0.000004,0.0300394,0.0004554,0.032747,9.00E-06,0.003893,0,0,0
K00153.02,KOI-153,Kepler-113 b,Gaia DR3 2133369840008452224       ,4.754004,0.000002,0.0252955,0.0003641,0.024604,0.000515,0.000393,0,0,0
K00157.02,KOI-157,Kepler-11 d,Gaia DR3 2076960598545789824       ,22.687159,0.000014,0.0282097,0.0005608,0.02854,0.000522,0.000366,0,0,0
K00157.06,KOI-157,Kepler-11 b,Gaia DR3 2076960598545789824       ,10.304021,0.000012,0.0156464,0.0003009,0.016189,0.000351,0.000223,0,0,0
K00159.01,KOI-159,Kepler-115 c,Gaia DR3 2079368391569401600       ,8.990883,0.000017,0.0195354,0.0003546,0.019692,0.000389,0.000206,0,0,0
K00159.02,KOI-159,Kepler-115 b,Gaia DR3 2079368391569401600       ,2.403633,0.000016,0.0090059,0.000762,0.008435,0.000274,0.00048,0,0,0
K00161.01,KOI-161,Kepler-475 b,Gaia DR3 2100597143598879616       ,3.105507,0.000001,0.0290793,0.0004636,0.028977,8.00E-05,0.002045,0,0,0
K00167.01,KOI-167,Kepler-480 b,Gaia DR3 2135044568018500096       ,4.919583,0.000009,0.0186857,0.0002487,0.019091,0.000146,0.000263,0,0,0
K00168.02,KOI-168,Kepler-23 d,Gaia DR3 2135019107451751168       ,15.274369,0.000014,0.0135473,0.0002112,0.013502,0.000338,0.000262,0.013223968,0.000388581,0.000322362
K00171.01,KOI-171,Kepler-116 b,Gaia DR3 2078272831307891456       ,5.968714,0.000012,0.0221212,0.0002981,0.021715,0.001478,0.000456,0,0,0
K00171.02,KOI-171,Kepler-116 c,Gaia DR3 2078272831307891456       ,13.07148,0.000021,0.0165123,0.0004902,0.014426,0.000496,0.000233,0,0,0
K00172.01,KOI-172,Kepler-69 b,Gaia DR3 2126436800722944000       ,13.722374,0.000019,0.0223964,0.0004814,0.022166,0.00033,0.000334,0,0,0
K00173.01,KOI-173,Kepler-481 b,Gaia DR3 2129753580626548736       ,10.060826,0.000016,0.0201036,0.0006242,0.020903,1.70E-05,0.001179,0,0,0
K00174.01,KOI-174,Kepler-482 b,Gaia DR3 2086629463276947456       ,56.354185,0.000019,0.0338763,0.0013008,0.030152,0.004579,0.001306,0,0,0
K00176.01,KOI-176,Kepler-483 b,Gaia DR3 2101719263935952768       ,30.229106,0.000019,0.0195193,0.0005701,0.019776,8.70E-05,0.000633,0,0,0
K00180.01,KOI-180,Kepler-484 b,Gaia DR3 2107243072911617024       ,10.045571,0.000015,0.0242785,0.0007172,0.023526,0.000405,0.000171,0,0,0
K00191.02,KOI-191,KOI-191.02,Gaia DR3 2076692386427776768       ,2.418405,0.000003,0.0248711,0.0006545,0.029317,0.000311,0.003934,0,0,0
K00191.04,KOI-191,Kepler-487 c,Gaia DR3 2076692386427776768       ,38.651995,0.00002,0.0213875,0.0010174,0.02761,0.000866,0.004959,0,0,0
K00232.02,KOI-232,Kepler-122 b,Gaia DR3 2053070616052194304       ,5.766165,0.000007,0.0172517,0.0004308,0.01773,0.000331,0.000208,0,0,0
K00232.03,KOI-232,Kepler-122 d,Gaia DR3 2053070616052194304       ,21.587868,0.00002,0.016142,0.0005919,0.014626,0.000649,0.000322,0,0,0
K00232.04,KOI-232,Kepler-122 e,Gaia DR3 2053070616052194304       ,37.996389,0.00002,0.0166047,0.0005821,0.018653,0.000417,0.003306,0,0,0
K00232.05,KOI-232,Kepler-122 f,Gaia DR3 2053070616052194304       ,56.25879,0.00002,0.0170975,0.00052,0.017493,0.000327,0.000608,0,0,0
K00238.01,KOI-238,Kepler-123 b,Gaia DR3 2078697552035948800       ,17.232309,0.000018,0.0223143,0.0006244,0.021011,0.000489,0.000327,0,0,0
K00238.02,KOI-238,Kepler-123 c,Gaia DR3 2078697552035948800       ,26.695166,0.00002,0.0114187,0.0013588,0.010946,0.000561,0.000537,0,0,0
K00245.01,KOI-245,Kepler-37 d,Gaia DR3 2106674071344722688       ,39.792232,0.000009,0.0230382,0.0003205,0.022246,0.000294,0.000104,0.022785991,0.000289352,0.000241276
K00246.01,KOI-246,Kepler-68 A b,Gaia DR3 2129550445852902656       ,5.398752,0.000001,0.0174596,0.0001505,0.016869,0.000121,4.10E-05,0.01741999,0.000179393,0.000114723
K00257.01,KOI-257,Kepler-506 b,Gaia DR3 2103452266056715392       ,6.883407,0.000002,0.023303,0.0002494,0.020603,0.000195,0.00013,0.023572877,0.000208695,0.000218459
K00260.01,KOI-260,Kepler-126 b,Gaia DR3 2126918008858627712       ,10.495672,0.000008,0.0100865,0.0001164,0.010367,1.70E-05,0.0006,0.009801322,0.000119736,8.12E-05
K00260.03,KOI-260,Kepler-126 c,Gaia DR3 2126918008858627712       ,21.869693,0.000015,0.0106422,0.0001516,0.010545,0.000769,0.000609,0.010202141,0.000323555,0.000404353
K00261.01,KOI-261,Kepler-96 b,Gaia DR3 2073731161099713408       ,16.238475,0.000005,0.0255933,0.0003015,0.023035,0.000211,0.000198,0.025796192,0.000265209,0.000248527
K00265.01,KOI-265,Kepler-507 b,Gaia DR3 2135314184585149696       ,3.568096,0.000008,0.0094359,0.0004369,0.0092,0.000239,0.000167,0,0,0
K00269.01,KOI-269,KOI-269.01,Gaia DR3 2105620159389754624       ,18.011664,0.000015,0.0097364,0.0003862,0.011054,0.000129,0.001438,0.009787217,0.000341728,0.000264215
K00271.01,KOI-271,Kepler-127 d,Gaia DR3 2107266570672734592       ,48.630393,0.000019,0.0183983,0.0002366,0.017145,0.000241,0.000217,0.017986654,0.000640128,0.000325374
K00271.03,KOI-271,Kepler-127 b,Gaia DR3 2107266570672734592       ,14.435942,0.000016,0.0102418,0.0002854,0.00987,0.000128,0.000361,0.010275355,0.000289026,0.000801974
K00273.01,KOI-273,Kepler-454 A b,Gaia DR3 2099541715513813504       ,10.573747,0.000007,0.0201213,0.000586,0.015743,0.0005,0.000202,0.019815502,0.000674328,0.000565336
K00275.01,KOI-275,Kepler-129 b,Gaia DR3 2131494313689868416       ,15.79193,0.000019,0.0132485,0.0002817,0.012824,0.000277,0.000178,0.013383262,0.000279201,0.000197524
K00275.02,KOI-275,Kepler-129 c,Gaia DR3 2131494313689868416       ,82.200009,0.00002,0.0148086,0.0005372,0.013406,0.000484,0.00018,0.014011089,0.000460091,0.000352455
K00276.01,KOI-276,Kepler-509 b,Gaia DR3 2129495057954829952       ,41.746,0.000017,0.0201059,0.0004306,0.018713,0.000249,0.000147,0.020543119,0.00039702,0.001459337
K00279.02,KOI-279,Kepler-450 c,Gaia DR3 2135590578620605568       ,15.413104,0.000013,0.0151226,0.0001974,0.014501,0.000136,0.000264,0.015277256,0.00013276,0.000113845
K00280.01,KOI-280,Kepler-1655 b,Gaia DR3 2100392428275714688       ,11.872891,0.000006,0.019791,0.0002934,0.017014,0.000141,0.00012,0.019292127,0.000366552,0.000465685
K00281.01,KOI-281,Kepler-510 b,Gaia DR3 2099656472742686848       ,19.55659,0.000014,0.0158805,0.0002629,0.016465,0.001356,0.000606,0.015600167,0.000540432,0.000236935
K00282.02,KOI-282,Kepler-130 A b,Gaia DR3 2101305259145506816       ,8.457451,0.000012,0.00844,0.0003192,0.008371,0.000229,0.000192,0.007929106,0.000224517,0.000281284
K00282.03,KOI-282,Kepler-130 A d,Gaia DR3 2101305259145506816       ,87.517436,0.00002,0.0161515,0.0044995,0.011099,0.000535,0.000622,0.010613601,0.001466788,0.000973819
K00283.01,KOI-283,Kepler-131 b,Gaia DR3 2102110174677569664       ,16.091981,0.000009,0.0212462,0.0003783,0.018914,0.000314,0.0001,0,0,0
K00284.01,KOI-284,Kepler-132 A d,Gaia DR3 2104466256290759936       ,18.010173,0.000016,0.0178773,0.0006161,0.012346,0.000335,0.000226,0,0,0
K00284.02,KOI-284,Kepler-132 A c,Gaia DR3 2104466256290759936       ,6.414909,0.000008,0.0128556,0.0003969,0.010907,1.90E-05,0.00083,0,0,0
K00284.03,KOI-284,Kepler-132 A b,Gaia DR3 2104466256290759936       ,6.178258,0.000008,0.0116696,0.000406,0.009122,0.000217,0.000626,0,0,0
K00285.01,KOI-285,Kepler-92 b,Gaia DR3 2102224661326132864       ,13.748833,0.000015,0.0197765,0.0002645,0.019236,7.40E-05,0.00076,0.019450517,0.000177172,0.000683642
K00285.02,KOI-285,Kepler-92 c,Gaia DR3 2102224661326132864       ,26.7232,0.000019,0.0130817,0.0002597,0.012738,0.000238,0.000167,0.013086286,0.000264378,0.000267953
K00285.03,KOI-285,Kepler-92 d,Gaia DR3 2102224661326132864       ,49.356885,0.000019,0.0109187,0.0003911,0.01071,0.00033,0.000189,0.011016287,0.000366408,0.000290364
K00291.01,KOI-291,Kepler-133 c,Gaia DR3 2086718317558873984       ,31.517801,0.00002,0.0198646,0.0008204,0.017998,0.002062,0.001036,0,0,0
K00291.02,KOI-291,Kepler-133 b,Gaia DR3 2086718317558873984       ,8.129994,0.000018,0.0177128,0.0015777,0.011417,0.000133,0.000704,0,0,0
K00292.01,KOI-292,Kepler-97 b,Gaia DR3 2131216137248338304       ,2.586638,0.000002,0.0139112,0.0003413,0.015166,6.60E-05,0.001366,0,0,0
K00294.01,KOI-294,Kepler-512 b,Gaia DR3 2086940448965828992       ,34.435879,0.000019,0.0196722,0.0009749,0.018814,0.000399,0.000259,0,0,0
K00295.01,KOI-295,Kepler-134 b,Gaia DR3 2132215421518219392       ,5.317436,0.000005,0.016126,0.0003006,0.015421,0.000317,0.000159,0,0,0
K00295.02,KOI-295,Kepler-134 c,Gaia DR3 2132215421518219392       ,10.105764,0.000017,0.0107774,0.0007959,0.009753,0.000325,0.000348,0,0,0
K00296.01,KOI-296,Kepler-513 b,Gaia DR3 2132325200882204544       ,28.862357,0.000023,0.0192779,0.0007239,0.01929,0.000562,0.000305,0,0,0
K00297.01,KOI-297,Kepler-514 A b,Gaia DR3 2133611659549905024       ,5.651799,0.000009,0.0116044,0.0005029,0.010764,0.000283,0.000127,0,0,0
K00299.01,KOI-299,Kepler-98 b,Gaia DR3 2099862910348755712       ,1.541678,0.000001,0.0160803,0.0002503,0.018805,0.000133,0.002241,0,0,0
K00304.01,KOI-304,Kepler-518 b,Gaia DR3 2100906140725803392       ,8.512033,0.000004,0.0247432,0.0003362,0.022001,0.000296,0.000114,0,0,0
K00305.01,KOI-305,Kepler-99 B b,Gaia DR3 2076871091425583232       ,4.603576,0.000002,0.0188765,0.0003688,0.022491,0.000279,0.002864,0,0,0
K00306.01,KOI-306,Kepler-519 A b,Gaia DR3 2075161655782111872       ,24.307892,0.000015,0.025247,0.0013088,0.023699,0.000582,0.000246,0,0,0
K00307.01,KOI-307,Kepler-520 b,Gaia DR3 2077598384004774912       ,19.674162,0.000019,0.0215047,0.0009159,0.013934,0.002231,0.000592,0,0,0
K00307.02,KOI-307,Kepler-520 c,Gaia DR3 2077598384004774912       ,5.211036,0.000013,0.0139191,0.0004866,0.009331,0.000315,0.000127,0,0,0
K00313.01,KOI-313,Kepler-137 c,Gaia DR3 2104847370214740352       ,18.735746,0.000016,0.0243271,0.0003979,0.024325,0.000108,0.002275,0,0,0
K00313.02,KOI-313,Kepler-137 b,Gaia DR3 2104847370214740352       ,8.436393,0.00001,0.0172864,0.0002633,0.018799,0.000259,0.001634,0,0,0
K00316.01,KOI-316,Kepler-139 b,Gaia DR3 2105362903731391744       ,15.771129,0.000014,0.0211049,0.000248,0.020826,0.000367,0.000147,0,0,0
K00316.03,KOI-316,KOI-316.03,Gaia DR3 2105362903731391744       ,7.305705,0.000008,0.0176958,0.000488,0.014849,0.000538,0.000248,0,0,0
K00317.01,KOI-317,Kepler-521 b,Gaia DR3 2079005651508492032       ,22.208119,0.000015,0.0207225,0.0002646,0.019975,0.000219,0.00016,0,0,0
K00321.01,KOI-321,Kepler-406 b,Gaia DR3 2126601108991279872       ,2.426305,0.000001,0.0125281,0.0001612,0.012465,0.000267,0.000169,0,0,0
K00323.01,KOI-323,Kepler-523 b,Gaia DR3 2106821925598401152       ,5.835989,0.000004,0.0230575,0.0005478,0.021113,0.000664,0.000254,0,0,0
K00343.01,KOI-343,Kepler-142 c,Gaia DR3 2128724678262662144       ,4.761706,0.000003,0.0207526,0.0003136,0.020461,0.000264,9.90E-05,0,0,0
K00343.02,KOI-343,Kepler-142 b,Gaia DR3 2128724678262662144       ,2.024144,0.000001,0.0144379,0.0002467,0.014564,0.000949,0.000365,0,0,0
K00343.03,KOI-343,Kepler-142 d,Gaia DR3 2128724678262662144       ,41.808766,0.00002,0.0118449,0.0004786,0.010555,0.000757,0.00036,0,0,0
K00351.03,KOI-351,Kepler-90 d,Gaia DR3 2132193431285570304       ,59.737034,0.00002,0.0216712,0.000643,0.022125,0.000585,0.000293,0,0,0
K00351.04,KOI-351,Kepler-90 e,Gaia DR3 2132193431285570304       ,91.940461,0.00002,0.0198068,0.0006755,0.020172,0.000553,0.000457,0,0,0
K00351.05,KOI-351,Kepler-90 c,Gaia DR3 2132193431285570304       ,8.719817,0.000016,0.0108678,0.000485,0.011168,0.000534,0.000317,0,0,0
K00351.06,KOI-351,Kepler-90 b,Gaia DR3 2132193431285570304       ,7.008284,0.000016,0.0098898,0.000583,0.010032,0.00046,0.000383,0,0,0
K00365.01,KOI-365,Kepler-538 A b,Gaia DR3 2087171453788422528       ,81.737807,0.00002,0.0241374,0.0002797,0.022911,0.000244,0.000113,0,0,0
K00370.02,KOI-370,Kepler-145 b,Gaia DR3 2126237131982289280       ,22.950686,0.000018,0.0120378,0.0005272,0.01088,0.00021,0.000365,0.012434472,0.000487635,0.001377838
K00377.03,KOI-377,Kepler-9 d,Gaia DR3 2099925719951103872       ,1.592957,0.000001,0.0148356,0.000381,0.014209,0.000537,0.000177,0,0,0
K00379.02,KOI-379,KOI-379.02,,23.137662,0.00002,0.007157,0.0052003,0.011319,0.002308,0.000756,0,0,0
K00384.01,KOI-384,Kepler-541 b,Gaia DR3 2052168466766597120       ,5.080068,0.000014,0.0140605,0.0005329,0.014743,0.001057,0.000705,0,0,0
K00386.01,KOI-386,Kepler-146 b,Gaia DR3 2052185062520374272       ,31.158789,0.000019,0.029662,0.0007106,0.027888,0.002403,0.000555,0,0,0
K00386.02,KOI-386,Kepler-146 c,Gaia DR3 2052185062520374272       ,76.732517,0.00002,0.0257895,0.0012929,0.025137,0.00051,0.000761,0,0,0
K00408.01,KOI-408,Kepler-150 c,Gaia DR3 2102063136195478656       ,7.381981,0.000007,0.0355103,0.0005299,0.036401,0.002126,0.000765,0,0,0
K00408.02,KOI-408,Kepler-150 d,Gaia DR3 2102063136195478656       ,12.560935,0.000013,0.0275049,0.0005639,0.028343,0.000736,0.000281,0,0,0
K00408.03,KOI-408,Kepler-150 e,Gaia DR3 2102063136195478656       ,30.826486,0.000019,0.0273259,0.0007103,0.029016,0.000181,0.003254,0,0,0
K00408.04,KOI-408,Kepler-150 b,Gaia DR3 2102063136195478656       ,3.428057,0.00001,0.0132748,0.0005687,0.013171,0.000574,0.000375,0,0,0
K00416.01,KOI-416,Kepler-152 b,Gaia DR3 2105435544515167232       ,18.207957,0.000015,0.0382589,0.0005863,0.037203,4.00E-06,0.001188,0,0,0
K00416.02,KOI-416,Kepler-152 c,Gaia DR3 2105435544515167232       ,88.255355,0.000019,0.0355083,0.0011641,0.030838,0.000706,0.000668,0,0,0
K00435.03,KOI-435,Kepler-154 b,Gaia DR3 2133022669212268800       ,33.040569,0.00002,0.0238126,0.0014626,0.021685,0.000878,0.00076,0,0,0
K00435.04,KOI-435,Kepler-154 e,Gaia DR3 2133022669212268800       ,3.932756,0.000005,0.0153082,0.0005868,0.014249,0.000315,0.000612,0,0,0
K00435.05,KOI-435,Kepler-154 c,Gaia DR3 2133022669212268800       ,62.302788,0.00002,0.0265827,0.001037,0.030064,0.002389,0.002454,0,0,0
K00435.06,KOI-435,Kepler-154 f,Gaia DR3 2133022669212268800       ,9.919346,0.000019,0.0123356,0.0007774,0.013894,0.002946,0.001689,0,0,0
K00440.01,KOI-440,Kepler-156 c,Gaia DR3 2051105410816218368       ,15.906867,0.000018,0.0261369,0.001351,0.02994,0.002592,0.001895,0,0,0
K00440.02,KOI-440,Kepler-156 b,Gaia DR3 2051105410816218368       ,4.973444,0.00001,0.0280884,0.0010611,0.029844,0.000467,0.004097,0,0,0
K00446.01,KOI-446,Kepler-158 b,Gaia DR3 2103295173333142784       ,16.709196,0.000016,0.0297081,0.000843,0.034734,0.000694,0.007144,0,0,0
K00446.02,KOI-446,Kepler-158 c,Gaia DR3 2103295173333142784       ,28.551561,0.000018,0.0253938,0.0009264,0.026045,0.004834,0.001074,0,0,0
K00448.01,KOI-448,Kepler-159 b,Gaia DR3 2076764576237957504       ,10.13962,0.000009,0.0331048,0.0005627,0.034286,1.00E-05,0.002528,0,0,0
K00456.02,KOI-456,Kepler-160 b,Gaia DR3 2102587087846067712       ,4.309241,0.000007,0.0144952,0.0006178,0.018836,0.001958,0.001759,0,0,0
K00464.02,KOI-464,Kepler-561 c,Gaia DR3 2126454633427425664       ,5.350165,0.000004,0.0266052,0.0003454,0.025593,0.000544,0.000216,0,0,0
K00475.01,KOI-475,Kepler-165 b,Gaia DR3 2119814820141727232       ,8.180865,0.000016,0.0253939,0.0008352,0.029839,0.000524,0.003958,0,0,0
K00475.02,KOI-475,Kepler-165 c,Gaia DR3 2119814820141727232       ,15.312983,0.000019,0.029684,0.0009194,0.027124,0.000933,0.0004,0,0,0
K00481.01,KOI-481,Kepler-166 b,Gaia DR3 2129025841368107136       ,7.650236,0.000007,0.0297301,0.0004976,0.02878,0.00051,0.000225,0,0,0
K00481.02,KOI-481,Kepler-166 d,Gaia DR3 2129025841368107136       ,1.554003,0.000002,0.0188228,0.0003173,0.019023,0.000471,0.000253,0,0,0
K00481.03,KOI-481,Kepler-166 c,Gaia DR3 2129025841368107136       ,34.25952,0.000018,0.0301925,0.0006176,0.030068,0.000735,0.000343,0,0,0
K00490.01,KOI-490,Kepler-167 A b,Gaia DR3 2051933102555095936       ,4.393153,0.000004,0.0184015,0.0004468,0.019357,0.000688,0.000219,0,0,0
K00490.03,KOI-490,Kepler-167 A c,Gaia DR3 2051933102555095936       ,7.406109,0.000008,0.0181944,0.000476,0.019899,0.001873,0.001367,0,0,0
K00490.04,KOI-490,Kepler-167 A d,Gaia DR3 2051933102555095936       ,21.80387,0.000019,0.0138076,0.0010162,0.015719,0.004457,0.001385,0,0,0
K00500.03,KOI-500,Kepler-80 d,Gaia DR3 2076328963475704576       ,3.072147,0.000003,0.0197765,0.0008029,0.021529,0.002915,0.001146,0,0,0
K00500.04,KOI-500,Kepler-80 e,Gaia DR3 2076328963475704576       ,4.645388,0.000011,0.0197009,0.0011436,0.022063,0.003486,0.000889,0,0,0
K00505.01,KOI-505,Kepler-169 e,Gaia DR3 2103788854053938816       ,13.767073,0.000015,0.0253636,0.0010315,0.026779,0.000391,0.003521,0,0,0
K00505.02,KOI-505,Kepler-169 c,Gaia DR3 2103788854053938816       ,6.195433,0.000013,0.0158351,0.0009981,0.014316,0.000584,0.000455,0,0,0
K00505.03,KOI-505,Kepler-169 b,Gaia DR3 2103788854053938816       ,3.250592,0.000008,0.0140501,0.0009249,0.012646,0.000728,0.000368,0,0,0
K00505.04,KOI-505,Kepler-169 d,Gaia DR3 2103788854053938816       ,8.348195,0.00001,0.0167357,0.0009389,0.018666,0.000217,0.002981,0,0,0
K00505.05,KOI-505,Kepler-169 f,Gaia DR3 2103788854053938816       ,87.090599,0.000021,0.0310157,0.0013062,0.030396,0.001062,0.000491,0,0,0
K00508.01,KOI-508,Kepler-170 b,Gaia DR3 2104098950692667264       ,7.930589,0.000006,0.0267232,0.0003651,0.027185,0.002532,0.001022,0,0,0
K00508.02,KOI-508,Kepler-170 c,Gaia DR3 2104098950692667264       ,16.665911,0.000013,0.026278,0.0004352,0.025194,0.00076,0.000298,0,0,0
K00509.01,KOI-509,Kepler-171 b,Gaia DR3 2076955822541823744       ,4.16696,0.000005,0.0274167,0.0005424,0.026931,0.000414,0.000308,0,0,0
K00509.02,KOI-509,Kepler-171 c,Gaia DR3 2076955822541823744       ,11.463477,0.000013,0.0328424,0.0008447,0.029045,0.000681,0.000396,0,0,0
K00510.01,KOI-510,Kepler-172 b,Gaia DR3 2104506319750394624       ,2.940301,0.000008,0.0216443,0.0007118,0.020115,0.000537,0.000292,0,0,0
K00510.02,KOI-510,Kepler-172 c,Gaia DR3 2104506319750394624       ,6.389019,0.000013,0.0235431,0.0007684,0.021412,0.00064,0.000309,0,0,0
K00510.03,KOI-510,Kepler-172 d,Gaia DR3 2104506319750394624       ,14.626986,0.00002,0.020554,0.0012888,0.020136,0.000187,0.001157,0,0,0
K00510.04,KOI-510,Kepler-172 e,Gaia DR3 2104506319750394624       ,35.118523,0.00002,0.0247668,0.0021263,0.021953,0.001236,0.00044,0,0,0
K00518.01,KOI-518,Kepler-174 b,Gaia DR3 2106008493152187392       ,13.981783,0.000012,0.0287249,0.0005544,0.028932,0.000822,0.00025,0,0,0
K00518.02,KOI-518,Kepler-174 c,Gaia DR3 2106008493152187392       ,44.000432,0.000019,0.022377,0.0005025,0.0225,0.000763,0.000336,0,0,0
K00520.02,KOI-520,Kepler-176 b,Gaia DR3 2078286197246582016       ,5.433113,0.000007,0.0154564,0.0005517,0.014764,0.000698,0.000363,0,0,0
K00520.04,KOI-520,Kepler-176 e,Gaia DR3 2078286197246582016       ,51.165791,0.000019,0.0146672,0.0010299,0.016054,0.000424,0.001353,0,0,0
K00528.01,KOI-528,Kepler-178 b,Gaia DR3 2130634667395736704       ,9.576682,0.000012,0.0252097,0.0005212,0.024883,0.000452,0.000199,0,0,0
K00528.03,KOI-528,Kepler-178 c,Gaia DR3 2130634667395736704       ,20.552816,0.000017,0.0278854,0.0012817,0.025805,0.004446,0.000826,0,0,0
K00555.01,KOI-555,Kepler-598 b,Gaia DR3 2053546910744629504       ,3.701759,0.000004,0.0153074,0.0004554,0.015645,0.000394,0.000569,0,0,0
K00555.02,KOI-555,Kepler-598 c,Gaia DR3 2053546910744629504       ,86.494779,0.00002,0.0272076,0.0007648,0.029698,0.000147,0.001379,0,0,0
K00564.03,KOI-564,Kepler-603 d,Gaia DR3 2077556465126659456       ,6.217125,0.000018,0.011278,0.0012118,0.012285,0.000476,0.00053,0,0,0
K00567.01,KOI-567,Kepler-184 b,Gaia DR3 2125831210335846016       ,10.687576,0.000008,0.0262755,0.0004046,0.025745,0.00051,0.000334,0,0,0
K00567.02,KOI-567,Kepler-184 c,Gaia DR3 2125831210335846016       ,20.303028,0.000016,0.0216603,0.0003722,0.021708,0.000247,0.000631,0,0,0
K00567.03,KOI-567,Kepler-184 d,Gaia DR3 2125831210335846016       ,29.022346,0.000017,0.0246645,0.0004831,0.026968,0.000456,0.003782,0,0,0
K00568.01,KOI-568,Kepler-605 b,Gaia DR3 2105618029085927680       ,3.38354,0.000005,0.0165614,0.0005992,0.014902,0.000604,0.000285,0,0,0
K00584.01,KOI-584,Kepler-192 b,Gaia DR3 2130243550494676480       ,9.926735,0.000012,0.0249212,0.0004144,0.024821,0.000368,0.000447,0,0,0
K00584.02,KOI-584,Kepler-192 c,Gaia DR3 2130243550494676480       ,21.223467,0.000018,0.0217668,0.0004801,0.025571,0.000257,0.002807,0,0,0
K00584.03,KOI-584,Kepler-192 d,Gaia DR3 2130243550494676480       ,6.47028,0.000015,0.009832,0.0005713,0.009987,0.000504,0.000332,0,0,0
K00612.01,KOI-612,Kepler-196 b,Gaia DR3 2104094071610116608       ,20.739916,0.000018,0.025077,0.0005936,0.02247,0.000788,0.000391,0,0,0
K00612.02,KOI-612,Kepler-196 c,Gaia DR3 2104094071610116608       ,47.42766,0.00002,0.0273178,0.0006394,0.026097,0.000707,0.000523,0,0,0
K00623.01,KOI-623,Kepler-197 A c,Gaia DR3 2135179533070399232       ,10.349724,0.000011,0.0100904,0.0001724,0.010287,0.000251,0.000189,0.009878832,0.000215436,0.00026604
K00623.02,KOI-623,Kepler-197 A d,Gaia DR3 2135179533070399232       ,15.677577,0.000017,0.0098754,0.0002011,0.009372,0.000273,0.000173,0.010173256,0.000166022,0.000266351
K00623.03,KOI-623,Kepler-197 A b,Gaia DR3 2135179533070399232       ,5.599323,0.000006,0.008615,0.0001702,0.008752,0.000271,0.00011,0.008700007,0.000181429,0.000176278
K00645.01,KOI-645,Kepler-633 b,Gaia DR3 2076601917234347520       ,8.503414,0.000019,0.0186947,0.0018003,0.012871,0.000356,0.000411,0,0,0
K00645.02,KOI-645,KOI-645.02,Gaia DR3 2076601917234347520       ,23.78325,0.00002,0.0146158,0.0008518,0.014509,0.000428,0.000264,0,0,0
K00657.01,KOI-657,Kepler-202 b,Gaia DR3 2104376405579347968       ,4.069424,0.000003,0.0218653,0.0004323,0.024329,0.000113,0.002737,0,0,0
K00657.02,KOI-657,Kepler-202 c,Gaia DR3 2104376405579347968       ,16.282491,0.000016,0.0273519,0.0006059,0.025927,0.000483,0.000779,0,0,0
K00658.01,KOI-658,Kepler-203 b,Gaia DR3 2076792648144511104       ,3.162692,0.000007,0.0233803,0.0007159,0.022411,6.30E-05,0.001334,0,0,0
K00658.02,KOI-658,Kepler-203 c,Gaia DR3 2076792648144511104       ,5.370646,0.000012,0.0241604,0.0008296,0.02087,0.000452,0.000258,0,0,0
K00658.03,KOI-658,Kepler-203 d,Gaia DR3 2076792648144511104       ,11.329752,0.00002,0.0115186,0.0013487,0.012452,0.002643,0.000448,0,0,0
K00665.01,KOI-665,Kepler-207 d,Gaia DR3 2101898759208960640       ,5.868083,0.000009,0.0202096,0.0003987,0.019111,0.000282,0.000112,0,0,0
K00665.02,KOI-665,Kepler-207 b,Gaia DR3 2101898759208960640       ,1.611895,0.000005,0.0095698,0.0003769,0.008971,0.000248,0.000179,0,0,0
K00665.03,KOI-665,Kepler-207 c,Gaia DR3 2101898759208960640       ,3.071542,0.000012,0.0081308,0.0004396,0.008769,0.000288,0.00017,0,0,0
K00671.01,KOI-671,Kepler-208 b,Gaia DR3 2077750803804146176       ,4.228655,0.000005,0.0118965,0.0003691,0.011551,0.000302,0.000231,0,0,0
K00671.02,KOI-671,Kepler-208 c,Gaia DR3 2077750803804146176       ,7.466634,0.000012,0.0107257,0.0004045,0.010288,0.000106,0.000477,0,0,0
K00671.03,KOI-671,Kepler-208 e,Gaia DR3 2077750803804146176       ,16.25946,0.000018,0.0120048,0.0006365,0.010506,0.000546,0.000224,0,0,0
K00671.04,KOI-671,Kepler-208 d,Gaia DR3 2077750803804146176       ,11.131752,0.000019,0.0083138,0.0005729,0.008915,0.000391,0.000325,0,0,0
K00672.01,KOI-672,Kepler-209 b,Gaia DR3 2101964558106974848       ,16.087861,0.000017,0.0250806,0.0008616,0.022863,0.000507,0.000286,0,0,0
K00679.01,KOI-679,Kepler-212 c,Gaia DR3 2102610280669509888       ,31.80474,0.00002,0.0165463,0.000601,0.01652,0.000239,0.000213,0,0,0
K00679.02,KOI-679,Kepler-212 b,Gaia DR3 2102610280669509888       ,16.258358,0.00002,0.0054681,0.001167,0.007021,0.000415,0.000246,0,0,0
K00692.01,KOI-692,Kepler-213 b,Gaia DR3 2127001056345369984       ,2.46234,0.000003,0.0132238,0.0004022,0.012353,0.00042,0.000221,0,0,0
K00692.02,KOI-692,Kepler-213 c,Gaia DR3 2127001056345369984       ,4.822981,0.000005,0.0220433,0.0029966,0.017112,0.000642,0.000407,0,0,0
K00700.02,KOI-700,Kepler-215 b,Gaia DR3 2079885608708649344       ,9.360628,0.000011,0.0151507,0.0003461,0.01603,5.40E-05,0.001563,0,0,0
K00700.03,KOI-700,Kepler-215 c,Gaia DR3 2079885608708649344       ,14.667187,0.000016,0.0140543,0.0003901,0.013933,0.003207,0.000388,0,0,0
K00700.04,KOI-700,Kepler-215 e,Gaia DR3 2079885608708649344       ,68.161359,0.00002,0.01682,0.0006107,0.015877,0.000442,0.000616,0,0,0
K00701.01,KOI-701,Kepler-62 d,Gaia DR3 2107001283431633408       ,18.164063,0.000013,0.0300887,0.0004294,0.027504,0.000683,0.000241,0,0,0
K00701.02,KOI-701,Kepler-62 b,Gaia DR3 2107001283431633408       ,5.714885,0.000004,0.0192012,0.0003343,0.018665,0.00057,0.000239,0,0,0
K00707.02,KOI-707,Kepler-33 f,Gaia DR3 2127355923723254272       ,41.028059,0.000019,0.0207447,0.0004245,0.022403,0.000441,0.000279,0,0,0
K00707.03,KOI-707,Kepler-33 e,Gaia DR3 2127355923723254272       ,31.784774,0.00002,0.0187988,0.0004522,0.019804,0.000431,0.000166,0,0,0
K00707.04,KOI-707,Kepler-33 c,Gaia DR3 2127355923723254272       ,13.175562,0.000015,0.0145995,0.0003567,0.014488,0.000428,0.000226,0,0,0
K00707.05,KOI-707,Kepler-33 b,Gaia DR3 2127355923723254272       ,5.66814,0.000014,0.0080193,0.0003191,0.008349,0.000284,0.000425,0,0,0
K00708.01,KOI-708,Kepler-216 c,Gaia DR3 2128067720065692672       ,17.406653,0.000017,0.0230414,0.0005558,0.022193,0.000409,0.000186,0,0,0
K00708.02,KOI-708,Kepler-216 b,Gaia DR3 2128067720065692672       ,7.693644,0.000021,0.0159157,0.0006184,0.016979,0.002022,0.000925,0,0,0
K00711.01,KOI-711,Kepler-218 c,Gaia DR3 2080452613110460928       ,44.699505,0.00002,0.027173,0.0006981,0.025865,0.000669,0.000354,0,0,0
K00711.02,KOI-711,Kepler-218 b,Gaia DR3 2080452613110460928       ,3.619312,0.000004,0.0130009,0.0003194,0.014986,2.00E-05,0.001685,0,0,0
K00718.01,KOI-718,Kepler-219 b,Gaia DR3 2127771917075703424       ,4.58548,0.000007,0.0185884,0.0003823,0.018179,0.0003,0.000248,0,0,0
K00718.02,KOI-718,Kepler-219 c,Gaia DR3 2127771917075703424       ,22.714443,0.000017,0.0212859,0.0004597,0.022095,0.001653,0.000484,0,0,0
K00718.03,KOI-718,Kepler-219 d,Gaia DR3 2127771917075703424       ,47.903519,0.000019,0.0189387,0.0007378,0.017606,0.000597,0.000376,0,0,0
K00719.01,KOI-719,Kepler-220 c,Gaia DR3 2129084935820532608       ,9.034182,0.000008,0.0269052,0.0008845,0.021785,0.000835,0.000816,0,0,0
K00719.02,KOI-719,Kepler-220 d,Gaia DR3 2129084935820532608       ,28.122464,0.00002,0.0114591,0.0009077,0.013777,0.001888,0.00104,0,0,0
K00719.03,KOI-719,Kepler-220 e,Gaia DR3 2129084935820532608       ,45.902757,0.00002,0.0181889,0.0009212,0.017653,0.000678,0.000309,0,0,0
K00720.01,KOI-720,Kepler-221 c,Gaia DR3 2080344586094498432       ,5.690592,0.000004,0.0347523,0.0004735,0.033474,0.000359,0.000231,0,0,0
K00720.02,KOI-720,Kepler-221 d,Gaia DR3 2080344586094498432       ,10.041575,0.000007,0.0327336,0.000485,0.030708,0.000605,0.000289,0,0,0
K00720.04,KOI-720,Kepler-221 b,Gaia DR3 2080344586094498432       ,2.795895,0.000002,0.0180822,0.0003669,0.018185,0.000437,0.000314,0,0,0
K00723.01,KOI-723,Kepler-222 b,Gaia DR3 2130460394803778816       ,3.936992,0.000005,0.0356346,0.000677,0.034649,0.004444,0.000827,0,0,0
K00723.02,KOI-723,Kepler-222 d,Gaia DR3 2130460394803778816       ,28.081956,0.000025,0.0412394,0.0007446,0.040725,0.000639,0.00087,0,0,0
K00730.04,KOI-730,Kepler-223 b,Gaia DR3 2086337508581280256       ,7.384422,0.000019,0.015567,0.000954,0.016418,0.000758,0.000611,0,0,0
K00733.01,KOI-733,Kepler-224 c,Gaia DR3 2129161734133025408       ,5.924998,0.000008,0.035932,0.0010523,0.04358,3.30E-05,0.005493,0,0,0
K00733.02,KOI-733,Kepler-224 d,Gaia DR3 2129161734133025408       ,11.349343,0.000012,0.033055,0.0012493,0.033484,0.001012,0.000508,0,0,0
K00733.03,KOI-733,Kepler-224 b,Gaia DR3 2129161734133025408       ,3.132955,0.000008,0.0187202,0.0010902,0.019684,0.000683,0.000576,0,0,0
K00733.04,KOI-733,Kepler-224 e,Gaia DR3 2129161734133025408       ,18.64352,0.000018,0.0332128,0.0029611,0.026251,0.001715,0.000612,0,0,0
K00749.01,KOI-749,Kepler-226 c,Gaia DR3 2128504397979254528       ,5.34956,0.000006,0.0261098,0.0006974,0.03072,0.000959,0.003343,0,0,0
K00749.02,KOI-749,Kepler-226 b,Gaia DR3 2128504397979254528       ,3.94105,0.000006,0.0160737,0.0005676,0.018026,0.000718,0.000372,0,0,0
K00749.03,KOI-749,Kepler-226 d,Gaia DR3 2128504397979254528       ,8.109042,0.000016,0.0125061,0.0009402,0.013557,0.000732,0.000679,0,0,0
K00756.02,KOI-756,Kepler-228 c,Gaia DR3 2086660283961964416       ,4.134431,0.000007,0.0244302,0.0008421,0.028445,0.001329,0.002711,0,0,0
K00756.03,KOI-756,Kepler-228 b,Gaia DR3 2086660283961964416       ,2.566577,0.000009,0.0151305,0.0008579,0.014685,0.000696,0.000662,0,0,0
K00757.03,KOI-757,Kepler-229 b,Gaia DR3 2131114947819394816       ,6.252953,0.000012,0.0278801,0.0012192,0.029697,0.000765,0.000507,0,0,0
K00800.01,KOI-800,Kepler-234 b,Gaia DR3 2052688467040906624       ,2.711494,0.000008,0.0259437,0.0010392,0.031139,0.000259,0.002531,0,0,0
K00800.02,KOI-800,Kepler-234 c,Gaia DR3 2052688467040906624       ,7.21203,0.000017,0.028294,0.001197,0.030183,0.000777,0.000313,0,0,0
K00829.02,KOI-829,Kepler-53 d,Gaia DR3 2101188990094347648       ,9.751929,0.000019,0.0192496,0.0009591,0.023649,0.000466,0.004133,0,0,0
K00834.02,KOI-834,Kepler-238 d,Gaia DR3 2100624562669914240       ,13.233546,0.000019,0.0197413,0.0005424,0.020462,0.000601,0.00027,0,0,0
K00834.03,KOI-834,Kepler-238 c,Gaia DR3 2100624562669914240       ,6.155574,0.00001,0.0144034,0.000473,0.017858,0.000105,0.001838,0,0,0
K00834.04,KOI-834,Kepler-238 b,Gaia DR3 2100624562669914240       ,2.090815,0.000006,0.0094475,0.0004878,0.00999,0.000558,0.00024,0,0,0
K00834.05,KOI-834,Kepler-238 f,Gaia DR3 2100624562669914240       ,50.447315,0.00002,0.0203404,0.0008933,0.020445,0.002503,0.001917,0,0,0
K00841.03,KOI-841,KOI-841.03,Gaia DR3 2053586321364864640       ,6.546272,0.000009,0.0236775,0.0009438,0.029998,0.001692,0.004189,0,0,0
K00864.01,KOI-864,Kepler-244 b,Gaia DR3 2102469921138142208       ,4.311781,0.000004,0.0307689,0.0006088,0.032741,0.00015,0.000978,0,0,0
K00864.02,KOI-864,Kepler-244 d,Gaia DR3 2102469921138142208       ,20.050393,0.000018,0.025065,0.0007008,0.031691,0.000227,0.003959,0,0,0
K00864.03,KOI-864,Kepler-244 c,Gaia DR3 2102469921138142208       ,9.767345,0.000014,0.0273272,0.0016539,0.022847,0.000763,0.001142,0,0,0
K00869.01,KOI-869,Kepler-245 b,Gaia DR3 2101768089124657664       ,7.49017,0.000007,0.0308828,0.0006549,0.031177,0.000761,0.000381,0,0,0
K00869.03,KOI-869,Kepler-245 c,Gaia DR3 2101768089124657664       ,17.460864,0.000016,0.0285918,0.0014273,0.026535,0.001109,0.000667,0,0,0
K00869.04,KOI-869,Kepler-245 e,Gaia DR3 2101768089124657664       ,3.219823,0.000005,0.0160162,0.000825,0.020121,0.000722,0.000435,0,0,0
K00872.02,KOI-872,Kepler-46 d,Gaia DR3 2102700131386216576       ,6.766514,0.000013,0.0176764,0.0009192,0.021329,0.003491,0.001057,0,0,0
K00880.03,KOI-880,Kepler-82 e,Gaia DR3 2125850623586710400       ,5.902252,0.000006,0.0235099,0.0005947,0.025211,0.000432,0.000335,0,0,0
K00880.04,KOI-880,Kepler-82 d,Gaia DR3 2125850623586710400       ,2.382954,0.000003,0.0145251,0.0004267,0.017484,0.000454,0.000266,0,0,0
K00881.01,KOI-881,Kepler-712 b,Gaia DR3 2077961463362645632       ,21.022471,0.000017,0.0391029,0.0008492,0.039816,0.001159,0.000575,0,0,0
K00884.03,KOI-884,Kepler-247 b,Gaia DR3 2102911581215700096       ,3.336125,0.000004,0.0196232,0.000699,0.019064,0.00078,0.000358,0,0,0
K00896.01,KOI-896,Kepler-248 c,Gaia DR3 2126266823097360000       ,16.239471,0.000013,0.0459894,0.0007084,0.046223,0.00087,0.000339,0,0,0
K00896.02,KOI-896,Kepler-248 b,Gaia DR3 2126266823097360000       ,6.308197,0.000007,0.0327486,0.0004931,0.034583,0.002262,0.000773,0,0,0
K00896.03,KOI-896,KOI-896.03,Gaia DR3 2126266823097360000       ,28.867136,0.000019,0.0164424,0.002306,0.016197,0.001165,0.000731,0,0,0
K00907.01,KOI-907,Kepler-251 c,Gaia DR3 2078832551450444032       ,16.514133,0.000017,0.02844,0.0006601,0.030629,0.000732,0.00037,0,0,0
K00907.02,KOI-907,Kepler-251 d,Gaia DR3 2078832551450444032       ,30.132939,0.000018,0.0295369,0.0007899,0.036214,0.000171,0.004524,0,0,0
K00907.03,KOI-907,Kepler-251 b,Gaia DR3 2078832551450444032       ,4.790919,0.000014,0.0143647,0.0007907,0.015386,0.000693,0.000394,0,0,0
K00907.04,KOI-907,Kepler-251 e,Gaia DR3 2078832551450444032       ,99.640965,0.000021,0.0319982,0.0017384,0.033208,0.00544,0.002141,0,0,0
K00921.01,KOI-921,Kepler-253 c,Gaia DR3 2126576679217244160       ,10.281933,0.000015,0.0293121,0.0008381,0.031333,0.000729,0.000773,0,0,0
K00921.02,KOI-921,Kepler-253 d,Gaia DR3 2126576679217244160       ,18.119898,0.000018,0.0345614,0.0010641,0.036703,0.005883,0.001139,0,0,0
K00921.03,KOI-921,Kepler-253 b,Gaia DR3 2126576679217244160       ,3.784031,0.000008,0.0200979,0.0008487,0.019591,0.001,0.000427,0,0,0
K00934.01,KOI-934,Kepler-254 b,Gaia DR3 2130250731680096384       ,5.826654,0.000006,0.0368332,0.0010528,0.03806,0.000458,0.000636,0,0,0
K00934.02,KOI-934,Kepler-254 c,Gaia DR3 2130250731680096384       ,12.412179,0.000019,0.0236751,0.0012922,0.023578,0.000912,0.000464,0,0,0
K00934.03,KOI-934,Kepler-254 d,Gaia DR3 2130250731680096384       ,18.74654,0.000019,0.0257398,0.001286,0.026945,0.000444,0.001193,0,0,0
K00935.04,KOI-935,KOI-935.04,Gaia DR3 2128013019361703936       ,9.6173,0.000019,0.0103124,0.0007979,0.013782,0.000671,0.000428,0,0,0
K00941.01,KOI-941,Kepler-257 c,Gaia DR3 2080246282881778048       ,6.581482,0.000009,0.0428697,0.0009428,0.044931,0.000851,0.000788,0,0,0
K00941.02,KOI-941,Kepler-257 b,Gaia DR3 2080246282881778048       ,2.382652,0.000004,0.0263214,0.000813,0.025163,0.000918,0.000417,0,0,0
K00954.01,KOI-954,Kepler-259 b,Gaia DR3 2130405041264941184       ,8.115286,0.000016,0.0275043,0.0011692,0.027648,0.002239,0.000707,0,0,0
K00954.02,KOI-954,Kepler-259 c,Gaia DR3 2130405041264941184       ,36.924954,0.000019,0.0291059,0.0016714,0.027999,0.000815,0.000441,0,0,0
K00974.01,KOI-974,KOI-974.01,Gaia DR3 2080386917291928832       ,53.505835,0.000019,0.0128473,0.0002617,0.012335,0.000245,0.000112,0.012876367,0.000226143,0.000104673
K00975.01,KOI-975,Kepler-21 A b,Gaia DR3 2099606483621385216       ,2.785818,0,0.0082442,7.09E-05,0.007805,2.70E-05,0.000243,0.008451549,0.00015781,0.000162714
K00987.01,KOI-987,Kepler-743 A b,Gaia DR3 2077994272606400512       ,3.179264,0.000006,0.016135,0.0009996,0.013201,0.00021,0.000396,0,0,0
K00988.01,KOI-988,Kepler-261 b,Gaia DR3 2052528625536778624       ,10.381225,0.000009,0.0267855,0.0003535,0.026397,0.000633,0.000336,0,0,0
K00988.02,KOI-988,Kepler-261 c,Gaia DR3 2052528625536778624       ,24.570817,0.000015,0.0280271,0.0005665,0.024892,0.000583,0.000737,0,0,0
K00991.01,KOI-991,Kepler-744 b,Gaia DR3 2080562667352233728       ,12.062215,0.000014,0.0180419,0.00106,0.016099,0.000424,0.000443,0,0,0
K01001.01,KOI-1001,Kepler-264 b,Gaia DR3 2051738798233021824       ,40.806846,0.00002,0.0158769,0.0003331,0.018577,0.000681,0.002041,0,0,0
K01050.01,KOI-1050,Kepler-755 A b,Gaia DR3 2076782889978499840       ,1.269091,0.000002,0.0184043,0.0004137,0.021192,0.000276,0.003628,0,0,0
K01050.02,KOI-1050,Kepler-755 A c,Gaia DR3 2076782889978499840       ,2.853133,0.000004,0.0180074,0.0006731,0.015337,0.000429,0.000384,0,0,0
K01060.01,KOI-1060,Kepler-758 b,Gaia DR3 2053552270863859712       ,12.109695,0.000018,0.0159526,0.0005696,0.015831,0.000406,0.000443,0,0,0
K01060.02,KOI-1060,Kepler-758 c,Gaia DR3 2053552270863859712       ,4.757961,0.000013,0.0096482,0.0005553,0.011207,4.40E-05,0.000799,0,0,0
K01060.03,KOI-1060,Kepler-758 d,Gaia DR3 2053552270863859712       ,20.496612,0.000021,0.0135719,0.0009471,0.013625,0.000563,0.00055,0,0,0
K01060.04,KOI-1060,Kepler-758 e,Gaia DR3 2053552270863859712       ,8.193476,0.000017,0.0110422,0.0005953,0.009994,0.000474,0.000538,0,0,0
K01102.03,KOI-1102,Kepler-24 e,Gaia DR3 2052823535171095296       ,18.998513,0.000019,0.019811,0.0012431,0.019882,0.000849,0.00066,0,0,0
K01102.04,KOI-1102,Kepler-24 d,Gaia DR3 2052823535171095296       ,4.244376,0.000012,0.0126096,0.0008463,0.013519,0.000141,0.000907,0,0,0
K01127.02,KOI-1127,Kepler-269 c,Gaia DR3 2101854881822529024       ,8.128107,0.000018,0.0172411,0.0022512,0.016074,0.000889,0.000754,0,0,0
K01127.03,KOI-1127,KOI-1127.03,Gaia DR3 2101854881822529024       ,2.836704,0.000016,0.0120963,0.001456,0.012235,0.000582,0.000775,0,0,0
K01198.01,KOI-1198,Kepler-275 c,Gaia DR3 2051950454223150720       ,16.088329,0.000018,0.023246,0.0011342,0.02368,0.000816,0.000433,0,0,0
K01198.02,KOI-1198,Kepler-275 b,Gaia DR3 2051950454223150720       ,10.300658,0.000019,0.0135627,0.0012862,0.016067,0.000622,0.00072,0,0,0
K01198.03,KOI-1198,Kepler-275 d,Gaia DR3 2051950454223150720       ,35.675697,0.00002,0.0157244,0.0018742,0.022012,0.000328,0.001316,0,0,0
K01199.01,KOI-1199,Kepler-786 b,Gaia DR3 2052392835854583936       ,53.529348,0.00002,0.029212,0.0015939,0.030245,0.001316,0.000739,0,0,0
K01203.01,KOI-1203,Kepler-276 c,Gaia DR3 2052304325169514880       ,31.884154,0.00002,0.0241549,0.0011449,0.028153,0.000766,0.001061,0,0,0
K01203.02,KOI-1203,Kepler-276 b,Gaia DR3 2052304325169514880       ,14.128467,0.000017,0.022747,0.0011384,0.023584,0.000692,0.001005,0,0,0
K01215.02,KOI-1215,Kepler-277 c,Gaia DR3 2100389610777053056       ,33.00631,0.00002,0.0161209,0.0007801,0.0151,0.00049,0.000241,0,0,0
K01270.01,KOI-1270,Kepler-57 b,Gaia DR3 2126418658780855296       ,5.729326,0.000005,0.035598,0.0024357,0.033651,0.000145,0.004964,0,0,0
K01279.01,KOI-1279,Kepler-804 b,Gaia DR3 2126432677554353280       ,14.374592,0.000017,0.0172818,0.000687,0.016889,0.000503,0.000203,0,0,0
K01279.02,KOI-1279,Kepler-804 c,Gaia DR3 2126432677554353280       ,9.651851,0.000019,0.0083673,0.0010027,0.010429,0.001357,0.000957,0,0,0
K01282.01,KOI-1282,Kepler-805 b,Gaia DR3 2126508676995012352       ,30.863889,0.000019,0.0150928,0.0004408,0.015804,0.000508,0.001278,0.015039786,0.000607367,0.000469059
K01306.01,KOI-1306,Kepler-286 b,Gaia DR3 2129503716608032256       ,1.796327,0.000003,0.0138188,0.0005579,0.013859,0.000653,0.000359,0,0,0
K01306.02,KOI-1306,Kepler-286 c,Gaia DR3 2129503716608032256       ,3.468077,0.00001,0.0132488,0.0007293,0.014856,0.000598,0.000462,0,0,0
K01306.03,KOI-1306,Kepler-286 d,Gaia DR3 2129503716608032256       ,5.914293,0.000014,0.0134094,0.0008101,0.014884,0.00059,0.000661,0,0,0
K01306.04,KOI-1306,Kepler-286 e,Gaia DR3 2129503716608032256       ,29.221513,0.000019,0.0184054,0.0011181,0.018086,0.000918,0.000827,0,0,0
K01353.02,KOI-1353,Kepler-289 b,Gaia DR3 2078515170549178880       ,34.543847,0.000019,0.0232759,0.0012832,0.019539,0.000729,0.00054,0,0,0
K01364.01,KOI-1364,Kepler-292 f,Gaia DR3 2077140987172577408       ,20.834288,0.000018,0.0256397,0.0009735,0.029409,0.003671,0.001525,0,0,0
K01364.02,KOI-1364,Kepler-292 d,Gaia DR3 2077140987172577408       ,7.055679,0.000009,0.023056,0.0008446,0.025712,0.000914,0.000609,0,0,0
K01364.03,KOI-1364,Kepler-292 e,Gaia DR3 2077140987172577408       ,11.978813,0.000016,0.0237118,0.0009293,0.028641,0.002836,0.00317,0,0,0
K01364.04,KOI-1364,Kepler-292 c,Gaia DR3 2077140987172577408       ,3.715456,0.000006,0.016603,0.0007948,0.017903,0.000789,0.000659,0,0,0
K01364.05,KOI-1364,Kepler-292 b,Gaia DR3 2077140987172577408       ,2.580823,0.000005,0.0152323,0.0008736,0.016478,0.000513,0.000921,0,0,0
K01445.01,KOI-1445,Kepler-853 b,Gaia DR3 2131859244171951616       ,7.16894,0.00001,0.0102591,0.0003373,0.010051,6.70E-05,0.000561,0,0,0
K01486.02,KOI-1486,Kepler-302 b,Gaia DR3 2078195212660287616       ,30.183689,0.000018,0.0285895,0.0010565,0.029821,0.000841,0.000406,0,0,0
K01529.02,KOI-1529,Kepler-59 b,Gaia DR3 2130625287187139072       ,11.869151,0.000019,0.0099335,0.0014283,0.009258,0.000553,0.00045,0,0,0
K01537.01,KOI-1537,KOI-1537.01,Gaia DR3 2119196585370036736       ,10.191548,0.000018,0.009894,0.0005542,0.007654,0.001183,0.000527,0,0,0
K01557.01,KOI-1557,Kepler-304 b,Gaia DR3 2076565805151925760       ,3.295705,0.000002,0.0398516,0.0005356,0.039028,0.003487,0.00081,0,0,0
K01557.02,KOI-1557,Kepler-304 d,Gaia DR3 2076565805151925760       ,9.653473,0.000008,0.0334888,0.000616,0.033395,0.001168,0.000763,0,0,0
K01557.03,KOI-1557,Kepler-304 c,Gaia DR3 2076565805151925760       ,5.315955,0.000005,0.0347268,0.0010818,0.028789,0.00122,0.000643,0,0,0
K01557.04,KOI-1557,Kepler-304 e,Gaia DR3 2076565805151925760       ,1.49915,0.000002,0.0156871,0.0006258,0.014669,0.000688,0.000301,0,0,0
K01563.01,KOI-1563,Kepler-305 b,Gaia DR3 2073547954981763328       ,5.487102,0.000006,0.0314396,0.0010513,0.039932,0.000489,0.003783,0,0,0
K01563.02,KOI-1563,Kepler-305 c,Gaia DR3 2073547954981763328       ,8.29088,0.000012,0.0280606,0.0011807,0.038122,2.60E-05,0.006853,0,0,0
K01563.03,KOI-1563,Kepler-305 e,Gaia DR3 2073547954981763328       ,3.205405,0.000006,0.0190858,0.0009711,0.020829,0.001253,0.000609,0,0,0
K01563.04,KOI-1563,Kepler-305 d,Gaia DR3 2073547954981763328       ,16.738655,0.000019,0.0337772,0.0021504,0.030609,0.001823,0.0009,0,0,0
K01567.01,KOI-1567,Kepler-306 c,Gaia DR3 2102067396802935680       ,7.240222,0.000013,0.0267876,0.0011626,0.027795,0.00092,0.000474,0,0,0
K01567.02,KOI-1567,Kepler-306 b,Gaia DR3 2102067396802935680       ,4.64622,0.000013,0.0176042,0.0011532,0.019546,0.000791,0.000577,0,0,0
K01567.03,KOI-1567,Kepler-306 d,Gaia DR3 2102067396802935680       ,17.326689,0.00002,0.0244408,0.0012651,0.027607,0.000229,0.001446,0,0,0
K01567.04,KOI-1567,Kepler-306 e,Gaia DR3 2102067396802935680       ,44.841224,0.000021,0.0294356,0.0015662,0.029471,0.001078,0.000916,0,0,0
K01598.01,KOI-1598,Kepler-310 c,Gaia DR3 2127798442794047104       ,56.476167,0.000019,0.0300511,0.0006912,0.035741,0.000685,0.004381,0,0,0
K01598.02,KOI-1598,Kepler-310 d,Gaia DR3 2127798442794047104       ,92.875035,0.00002,0.0232015,0.0007445,0.025516,0.002786,0.002718,0,0,0
K01598.03,KOI-1598,Kepler-310 b,Gaia DR3 2127798442794047104       ,13.930726,0.000018,0.0132558,0.0010116,0.012991,0.000365,0.000883,0,0,0
K01621.01,KOI-1621,Kepler-911 b,Gaia DR3 2073804411752924288       ,20.310505,0.00002,0.0122736,0.0006823,0.01188,0.000303,0.000159,0.011586464,0.001024693,0.000464142
K01692.01,KOI-1692,Kepler-314 c,Gaia DR3 2077540827141811200       ,5.960402,0.000005,0.0267866,0.0003383,0.028909,0.000131,0.002626,0,0,0
K01781.02,KOI-1781,Kepler-411 A b,Gaia DR3 2132768956905956352       ,3.005159,0.000002,0.0252326,0.0003785,0.023155,0.000724,0.000184,0,0,0
K01805.01,KOI-1805,Kepler-319 c,Gaia DR3 2101230049979183232       ,6.941362,0.000005,0.0309433,0.000589,0.02677,0.000728,0.000243,0,0,0
K01805.02,KOI-1805,Kepler-319 d,Gaia DR3 2101230049979183232       ,31.782112,0.000018,0.023613,0.0005929,0.023415,0.000178,0.000985,0,0,0
K01805.03,KOI-1805,Kepler-319 b,Gaia DR3 2101230049979183232       ,4.36275,0.000004,0.0174442,0.0003883,0.016628,0.000397,0.000214,0,0,0
K01832.01,KOI-1832,Kepler-325 b,Gaia DR3 2133021810218800384       ,4.544438,0.000005,0.0308119,0.0008215,0.027448,0.000761,0.000318,0,0,0
K01832.02,KOI-1832,Kepler-325 c,Gaia DR3 2133021810218800384       ,12.762276,0.000017,0.0290377,0.0020911,0.0311,0.001046,0.00659,0,0,0
K01832.03,KOI-1832,Kepler-325 d,Gaia DR3 2133021810218800384       ,38.714683,0.00002,0.0283083,0.001744,0.028052,0.004525,0.001083,0,0,0
K01835.01,KOI-1835,Kepler-326 c,Gaia DR3 2128098197152438144       ,4.580345,0.000004,0.025928,0.0007142,0.016019,0.000538,0.000228,0,0,0
K01835.02,KOI-1835,Kepler-326 b,Gaia DR3 2128098197152438144       ,2.24829,0.000002,0.0229256,0.0005086,0.014652,0.000463,0.000261,0,0,0
K01835.03,KOI-1835,Kepler-326 d,Gaia DR3 2128098197152438144       ,6.766902,0.000007,0.0242354,0.0010967,0.013944,0.000702,0.000244,0,0,0
K01858.02,KOI-1858,KOI-1858.02,Gaia DR3 2126878048483137152       ,86.049055,0.00002,0.0109801,0.0071386,0.018911,0.000715,0.000986,0,0,0
K01860.01,KOI-1860,Kepler-416 b,Gaia DR3 2052975370856687744       ,6.319431,0.000006,0.0218313,0.0005154,0.022347,0.000495,0.000285,0,0,0
K01860.02,KOI-1860,Kepler-416 c,Gaia DR3 2052975370856687744       ,12.209458,0.000015,0.0215702,0.0006465,0.021653,0.000599,0.000324,0,0,0
K01860.03,KOI-1860,KOI-1860.03,Gaia DR3 2052975370856687744       ,3.076446,0.000006,0.0140681,0.000563,0.014335,4.20E-05,0.000751,0,0,0
K01860.04,KOI-1860,KOI-1860.04,Gaia DR3 2052975370856687744       ,24.843512,0.00002,0.0138319,0.0015157,0.012518,0.000362,0.001043,0,0,0
K01883.01,KOI-1883,Kepler-997 b,Gaia DR3 2132709613336959744       ,2.707311,0.000004,0.0073531,0.0002562,0.00791,0.00022,0.000103,0.00807141,0.000238637,0.000229436
K01909.01,KOI-1909,Kepler-334 c,Gaia DR3 2130661880308812800       ,12.758027,0.00001,0.0129659,0.0002814,0.012595,0.000395,0.000141,0,0,0
K01909.02,KOI-1909,Kepler-334 b,Gaia DR3 2130661880308812800       ,5.470338,0.000007,0.009776,0.0002957,0.009413,0.000342,0.000153,0,0,0
K01909.03,KOI-1909,Kepler-334 d,Gaia DR3 2130661880308812800       ,25.098518,0.000019,0.0139955,0.000594,0.012767,0.000227,0.000522,0,0,0
K01929.01,KOI-1929,Kepler-337 c,Gaia DR3 2127851116271982848       ,9.693154,0.000011,0.0113433,0.0002694,0.011413,0.001423,0.000565,0,0,0
K01929.02,KOI-1929,Kepler-337 b,Gaia DR3 2127851116271982848       ,3.292765,0.000005,0.0085607,0.0002336,0.008382,0.000192,0.000204,0,0,0
K01930.01,KOI-1930,Kepler-338 b,Gaia DR3 2104344141784539264       ,13.727074,0.000023,0.012609,0.0003133,0.013025,0.000342,0.000203,0.01362525,0.00019715,0.000290067
K01930.02,KOI-1930,Kepler-338 c,Gaia DR3 2104344141784539264       ,24.311147,0.00002,0.011522,0.0003317,0.012518,0.000374,0.000224,0.013112198,0.000194923,0.000353649
K01930.03,KOI-1930,Kepler-338 d,Gaia DR3 2104344141784539264       ,44.430136,0.00002,0.0138357,0.0003447,0.014775,0.002249,0.000911,0.014015585,0.000234993,0.000440641
K01930.04,KOI-1930,Kepler-338 e,Gaia DR3 2104344141784539264       ,9.341436,0.000015,0.0081421,0.0003276,0.009273,0.001649,0.001113,0.008378312,0.00033007,0.000184589
K01931.01,KOI-1931,Kepler-339 b,Gaia DR3 2128911251641171200       ,4.977614,0.000007,0.0148656,0.0007035,0.016512,0.003795,0.000927,0,0,0
K01931.02,KOI-1931,Kepler-339 d,Gaia DR3 2128911251641171200       ,10.558388,0.000017,0.0129565,0.0007471,0.013167,0.000537,0.000441,0,0,0
K01931.03,KOI-1931,Kepler-339 c,Gaia DR3 2128911251641171200       ,6.988047,0.000014,0.011859,0.0006971,0.013364,0.000579,0.000341,0,0,0
K01944.01,KOI-1944,KOI-1944.01,Gaia DR3 2051104586182508928       ,12.184169,0.000012,0.0223455,0.0008047,0.021149,0.000429,0.000694,0,0,0
K01952.01,KOI-1952,Kepler-341 c,Gaia DR3 2102815683186036096       ,8.010394,0.000016,0.0156541,0.0007419,0.015753,0.000538,0.00028,0,0,0
K01952.02,KOI-1952,Kepler-341 d,Gaia DR3 2102815683186036096       ,27.666593,0.000019,0.0164219,0.0009224,0.017867,0.004216,0.000954,0,0,0
K01952.03,KOI-1952,Kepler-341 b,Gaia DR3 2102815683186036096       ,5.19557,0.000018,0.0089477,0.0007225,0.010437,0.000465,0.000403,0,0,0
K01952.04,KOI-1952,Kepler-341 e,Gaia DR3 2102815683186036096       ,42.473056,0.00002,0.0155778,0.0010166,0.022145,8.50E-05,0.004446,0,0,0
K01955.01,KOI-1955,Kepler-342 b,Gaia DR3 2128298617506651904       ,15.170267,0.000017,0.0156119,0.0006106,0.014124,0.000295,0.000227,0,0,0
K02007.01,KOI-2007,Kepler-1050 b,Gaia DR3 2143749504651818368       ,15.378754,0.000019,0.0113445,0.0006635,0.013186,0.001964,0.000487,0,0,0
K02007.02,KOI-2007,Kepler-1050 c,Gaia DR3 2143749504651818368       ,21.12846,0.00002,0.0114218,0.0013891,0.012161,0.000453,0.00035,0,0,0
K02037.01,KOI-2037,KOI-2037.01,Gaia DR3 2107244481660894592       ,73.757928,0.000019,0.057898,0.0053496,0.041661,0.000885,0.001262,0,0,0
K02037.02,KOI-2037,KOI-2037.02,Gaia DR3 2107244481660894592       ,5.477164,0.000009,0.0262567,0.0015,0.022135,0.000805,0.000809,0,0,0
K02037.03,KOI-2037,KOI-2037.03,Gaia DR3 2107244481660894592       ,8.562684,0.000014,0.0273151,0.0018754,0.022341,0.001231,0.000601,0,0,0
K02038.03,KOI-2038,Kepler-85 d,Gaia DR3 2127398083121764736       ,17.913373,0.00002,0.0129526,0.0011155,0.013296,0.000829,0.000607,0,0,0
K02038.04,KOI-2038,Kepler-85 e,Gaia DR3 2127398083121764736       ,25.215282,0.000021,0.0176514,0.001484,0.012662,0.000882,0.000926,0,0,0
K02051.01,KOI-2051,Kepler-355 c,Gaia DR3 2105535462635217792       ,25.762459,0.00002,0.0230446,0.0009506,0.024936,0.002121,0.0011,0,0,0
K02051.02,KOI-2051,Kepler-355 b,Gaia DR3 2105535462635217792       ,11.031732,0.000021,0.0124512,0.0012562,0.013249,0.000205,0.001126,0,0,0
K02086.01,KOI-2086,Kepler-60 b,Gaia DR3 2102316985943863424       ,7.132954,0.000009,0.0128329,0.0004031,0.012459,0.001739,0.001244,0,0,0
K02086.03,KOI-2086,Kepler-60 d,Gaia DR3 2102316985943863424       ,11.898452,0.000022,0.0152232,0.0014968,0.01115,0.000757,0.000566,0,0,0
K02110.01,KOI-2110,Kepler-1104 b,Gaia DR3 2135002576119495936       ,5.037286,0.000009,0.0091744,0.0006544,0.008187,0.000292,0.000194,0,0,0
K02148.01,KOI-2148,Kepler-363 d,Gaia DR3 2104466153215402624       ,11.932081,0.000018,0.0121237,0.0005654,0.01284,0.002205,0.000715,0,0,0
K02148.02,KOI-2148,Kepler-363 c,Gaia DR3 2104466153215402624       ,7.542335,0.000019,0.0104807,0.0006996,0.010129,0.000402,0.000303,0,0,0
K02148.03,KOI-2148,Kepler-363 b,Gaia DR3 2104466153215402624       ,3.614611,0.000016,0.0073164,0.0008917,0.007487,0.000461,0.000324,0,0,0
K02149.01,KOI-2149,Kepler-1121 b,Gaia DR3 2086505630781210752       ,13.151421,0.000019,0.0092909,0.0004272,0.010779,0.000148,0.001675,0,0,0
K02173.01,KOI-2173,Kepler-367 b,Gaia DR3 2087250476887856256       ,37.815615,0.000019,0.0141785,0.0007172,0.01471,0.000561,0.000432,0,0,0
K02173.02,KOI-2173,Kepler-367 c,Gaia DR3 2087250476887856256       ,53.57784,0.000019,0.0156561,0.000668,0.017355,0.002422,0.002542,0,0,0
K02218.01,KOI-2218,Kepler-373 b,Gaia DR3 2133124511477266176       ,5.535327,0.000008,0.016469,0.000665,0.015052,0.000441,0.000536,0,0,0
K02218.02,KOI-2218,Kepler-373 c,Gaia DR3 2133124511477266176       ,16.726072,0.000019,0.0174314,0.0038858,0.012536,0.00099,0.000738,0,0,0
K02290.01,KOI-2290,KOI-2290.01,Gaia DR3 2135427576021495168       ,91.500923,0.00002,0.0233174,0.0019904,0.023643,0.000884,0.000915,0,0,0
K02339.01,KOI-2339,Kepler-1197 b,Gaia DR3 2125790322246812672       ,2.032326,0.000007,0.014935,0.0019615,0.016468,0.000148,0.001149,0,0,0
K02390.01,KOI-2390,Kepler-1219 b,Gaia DR3 2086389357427331712       ,16.104672,0.00002,0.0120173,0.0010919,0.010195,0.000341,0.000311,0.011687234,0.001097303,0.000629202
K02414.01,KOI-2414,Kepler-384 b,Gaia DR3 2106306495162679552       ,22.596597,0.00002,0.011575,0.0005797,0.011242,0.000501,0.00028,0,0,0
K02414.02,KOI-2414,Kepler-384 c,Gaia DR3 2106306495162679552       ,45.348527,0.00002,0.0157402,0.0012032,0.012116,0.000597,0.000419,0,0,0
K02433.01,KOI-2433,Kepler-385 c,Gaia DR3 2135203000771400320       ,15.162253,0.000017,0.0234801,0.0010218,0.026244,0.000604,0.00595,0,0,0
K02433.02,KOI-2433,Kepler-385 b,Gaia DR3 2135203000771400320       ,10.043771,0.000018,0.0189066,0.000989,0.02547,0.000565,0.005075,0,0,0
K02433.03,KOI-2433,Kepler-385 d,Gaia DR3 2135203000771400320       ,56.414742,0.000019,0.0160477,0.0036914,0.019512,0.00092,0.000867,0,0,0
K02433.04,KOI-2433,KOI-2433.04,Gaia DR3 2135203000771400320       ,27.90388,0.00002,0.0165098,0.0020718,0.016094,0.000817,0.000935,0,0,0
K02433.06,KOI-2433,KOI-2433.06,Gaia DR3 2135203000771400320       ,6.063299,0.000018,0.0135877,0.0017208,0.013024,0.000829,0.000479,0,0,0
K02433.07,KOI-2433,KOI-2433.07,Gaia DR3 2135203000771400320       ,86.432217,0.00002,0.0118241,0.0046381,0.019482,0.001229,0.001024,0,0,0
K02462.01,KOI-2462,KOI-2462.01,Gaia DR3 2073539536845074176       ,12.146927,0.000016,0.0079382,0.0003434,0.008303,0.001535,0.000532,0.007987587,0.000420912,0.000401049
K02533.01,KOI-2533,Kepler-1270 b,Gaia DR3 2131169545443676032       ,6.033555,0.000021,0.0074213,0.0005989,0.009463,1.70E-05,0.001374,0,0,0
K02533.03,KOI-2533,KOI-2533.03,Gaia DR3 2131169545443676032       ,26.11529,0.000019,0.0122194,0.001088,0.0075,0.000405,0.000595,0,0,0
K02545.01,KOI-2545,Kepler-1274 b,Gaia DR3 2107342716152550272       ,6.981525,0.000017,0.0057666,0.0003525,0.005612,0.00022,0.000212,0.00611029,0.000316504,0.000281078
K02595.01,KOI-2595,Kepler-393 b,Gaia DR3 2127390970655877888       ,9.182486,0.000016,0.0089413,0.0004998,0.008635,0.000234,0.000355,0,0,0
K02595.02,KOI-2595,Kepler-393 c,Gaia DR3 2127390970655877888       ,14.61342,0.00002,0.0081037,0.0006175,0.008003,0.000425,0.000225,0,0,0
K02597.01,KOI-2597,Kepler-394 b,Gaia DR3 2135378231142791808       ,8.005064,0.000015,0.0140529,0.0007341,0.013653,0.000674,0.000511,0,0,0
K02597.02,KOI-2597,Kepler-394 c,Gaia DR3 2135378231142791808       ,12.130657,0.000017,0.0152942,0.0008927,0.014401,0.000578,0.000656,0,0,0
K02597.03,KOI-2597,KOI-2597.03,Gaia DR3 2135378231142791808       ,5.613583,0.000014,0.0114361,0.0008671,0.011931,0.00049,0.000588,0,0,0
K02632.01,KOI-2632,Kepler-1298 b,Gaia DR3 2132178725317511936       ,7.128124,0.000016,0.0066062,0.0005045,0.006214,0.000276,0.000126,0.006734134,0.000411939,0.000305645
K02639.01,KOI-2639,KOI-2639.01,Gaia DR3 2132004074768150400       ,25.10806,0.00002,0.0191165,0.0082877,0.016931,0.000861,0.001585,0,0,0
K02678.01,KOI-2678,Kepler-1313 b,Gaia DR3 2125713940547834496       ,3.83309,0.000003,0.0222444,0.0008099,0.019496,0.000341,0.00068,0,0,0
K02706.01,KOI-2706,KOI-2706.01,Gaia DR3 2107315365800640896       ,3.097587,0.000003,0.0088241,0.0003409,0.008653,0.000264,0.000119,0.008848756,0.000206092,0.000140953
K03097.01,KOI-3097,Kepler-431 d,Gaia DR3 2116862833283266432       ,11.921625,0.000021,0.0053683,0.0007059,0.006625,0.000297,0.000245,0,0,0
K03165.01,KOI-3165,KOI-3165.01,Gaia DR3 2130320172711659136       ,4.117558,0.000012,0.0059901,0.0003735,0.005388,0.000172,0.000212,0,0,0
K03168.01,KOI-3168,KOI-3168.01,Gaia DR3 2100416823690394624       ,56.348109,0.000022,0.0068121,0.0006266,0.006667,6.50E-05,0.000534,0.005836187,0.000352947,0.000361122
K03197.01,KOI-3197,KOI-3197.01,Gaia DR3 2079695496278608896       ,22.599212,0.00002,0.0084665,0.0051937,0.011463,0.000163,0.001593,0,0,0
