KOI,Kepler name,P,P_err,k,k_err,Rp,e_Rp,E_Rp,Source,ntr,Flag 
K00041.01,Kepler-100 c,12.8158935,7.7e-06,0.0137932,0.000168,2.276507494650256,0.032501145522814384,0.031057987,-2,93,1
K00041.02,Kepler-100 b,6.8870616,7.3e-06,0.0082278,0.0001469,1.3579625006875404,0.026270328622035512,0.025641602,-2,173,1
K00041.03,Kepler-100 d,35.3330929,1.92e-05,0.0103546,0.0002224,1.7089815636767063,0.038850536,0.038179464564139724,-2,35,1
K00046.02,Kepler-101 c,6.0297921,2e-05,0.0073128,0.0007421,1.3201168465216915,0.13869034038548456,0.13911175641792234,-1,50,0
K00049.01,Kepler-461 b,8.3137843,1.5e-05,0.0286729,0.0009586,4.031393735935467,0.16602795130507791,0.16787350563252304,-1,34,1
K00069.01,Kepler-93 b,4.7267389,6e-07,0.0151309,0.0001247,1.5018855283391603,0.035252882859736295,0.035252882859736295,-2,275,1
K00070.01,Kepler-20 A c,10.854089,2.9e-06,0.0290471,0.0001932,2.788149977830388,0.066024914,0.069071456,-1,116,1
K00070.02,Kepler-20 A b,3.6961151,1.1e-06,0.0182169,0.0002168,1.7485893370125902,0.044859534,0.046628941,-1,336,1
K00070.03,Kepler-20 A d,77.6115982,1.92e-05,0.0262888,0.0003397,2.5233884669102085,0.065971201,0.068478618,-1,15,1
K00070.05,Kepler-20 A f,19.5776274,2e-05,0.0091348,0.000356,0.8768239313902259,0.039557623,0.040068818,-1,62,1
K00072.02,Kepler-10 c,45.2943213,1.84e-05,0.0209265,0.000221,2.433671083371145,0.030919046936039675,0.030179194018950955,-2,24,1
K00082.01,Kepler-102 e,16.1456718,4.5e-06,0.0281257,0.0004015,2.221122878405795,0.063676705,0.063676705,-1,82,1
K00082.02,Kepler-102 d,10.3117412,4.6e-06,0.0151911,0.0003436,1.1996607998432136,0.040321987,0.040321987,-1,126,1
K00085.01,Kepler-65 c,5.8599391,1.2e-06,0.0168953,0.0001023,2.5812086503087754,0.029396294620835973,0.028250585295418018,-2,214,1
K00085.02,Kepler-65 b,2.1549107,6e-07,0.0092337,8.55e-05,1.410694472093194,0.018862038642811413,0.018331642,-2,576,1
K00085.03,Kepler-65 d,8.1312267,4.6e-06,0.0101687,0.0001028,1.553540712647591,0.021707276333807268,0.021149018680279897,-2,150,1
K00092.01,KOI-92.01,65.7045945,1.78e-05,0.026343,0.0005619,3.017068775183832,0.10757454232908376,0.10757454232908376,-2,15,1
K00094.02,Kepler-89 A c,10.4236838,5.5e-06,0.0266356,0.0006206,3.974470344861323,0.13122075583625545,0.1332949443701742,-1,58,1
K00094.04,Kepler-89 A b,3.7431763,3.3e-06,0.0105429,0.0001833,1.573174376,0.045850778,0.046778773,-1,166,1
K00102.01,KOI-102.01,1.7351362,2e-07,0.0337911,0.0002593,4.072820657931045,0.12201643794575798,0.1255828375644198,-1,613,0
K00104.01,Kepler-94 b,2.5080573,3e-07,0.0389681,0.0001878,3.1666216963750955,0.082188753,0.086368942,-1,352,1
K00105.01,Kepler-463 b,8.9810151,2.3e-06,0.0312899,0.0004404,3.648484954244995,0.10252506179983914,0.10549293046201745,-1,120,1
K00107.01,Kepler-464 b,7.256964,1.1e-05,0.019813,0.0004059,3.457808212,0.11176258250436467,0.11176258250436431,-2,71,1
K00108.01,Kepler-103 b,15.9653333,1.29e-05,0.0220533,0.0002473,3.487966192831721,0.044704999907234554,0.044705,-2,61,1
K00110.01,Kepler-465 b,9.9406632,1.39e-05,0.021585,0.0006186,2.895928557877738,0.10747025914648572,0.10898123280262165,-1,40,1
K00111.01,Kepler-104 A b,11.4275512,5.5e-06,0.0208727,0.0002431,2.3928309993399286,0.063374477,0.065426907,-1,101,1
K00111.02,Kepler-104 A c,23.6683503,1.35e-05,0.0199257,0.0002581,2.2842676148053496,0.061869442,0.063786676,-1,45,1
K00111.03,Kepler-104 A d,51.7552935,1.85e-05,0.0231631,0.000309,2.655400773,0.072418756,0.074632644,-1,23,1
K00112.01,Kepler-466 b,51.0792655,2.15e-05,0.0282307,0.0005691,2.8822269513867766,0.22621932834417274,0.25910145362163206,-1,8,0
K00112.02,Kepler-466 c,3.7092132,1.21e-05,0.0116375,0.0002963,1.1881361831893513,0.095067139,0.10839559907276244,-1,104,0
K00115.01,Kepler-105 b,5.4122064,1.6e-06,0.0234805,0.0002592,2.6277580831438834,0.067968844,0.07029355,-1,176,1
K00115.02,Kepler-105 c,7.1259356,6e-06,0.0132583,0.0002203,1.4837675941205064,0.042573235110764024,0.043760243751893045,-1,136,1
K00116.01,Kepler-106 c,13.5707783,8.7e-06,0.0230094,0.0003672,2.6252318089525093,0.079669245,0.079669245,-1,94,1
K00116.02,Kepler-106 e,43.8444479,1.88e-05,0.0233826,0.0003201,2.6678116463711765,0.07794843,0.07794843,-1,28,1
K00116.04,Kepler-106 d,23.9802322,1.98e-05,0.0096207,0.0003604,1.0976630274752668,0.049935944,0.049935944,-1,54,1
K00117.01,Kepler-107 e,14.7491361,1.1e-05,0.0188432,0.000239,2.900095842435835,0.10336760859525132,0.10336760859525132,-2,61,1
K00117.02,Kepler-107 c,4.9014377,6.1e-06,0.0106106,0.000171,1.633043057747605,0.060428350288954026,0.060428350288954026,-2,183,1
K00117.03,Kepler-107 b,3.1800204,2.3e-06,0.0101072,0.0001669,1.5555663952336902,0.057833090003214974,0.057833090003214974,-2,282,1
K00117.04,Kepler-107 d,7.9582973,1.77e-05,0.0061411,0.0002928,0.9451567981013155,0.054972065,0.054972065,-2,112,1
K00118.01,Kepler-467 b,24.9932394,2.11e-05,0.0158167,0.0006156,2.346310396,0.11446261617498302,0.11446261617498278,-2,21,1
K00122.01,Kepler-95 b,11.5230726,4.5e-06,0.0204782,0.0002128,3.2388472151581187,0.095476408,0.095476408,-2,109,1
K00123.01,Kepler-109 b,6.4816389,3.4e-06,0.0164629,0.0002406,2.404442263099465,0.044850169860433574,0.046998543,-2,182,1
K00123.02,Kepler-109 c,21.2226017,1.3e-05,0.0179728,0.0001798,2.6249664339960805,0.040190917788727264,0.043017329,-2,55,1
K00124.01,Kepler-110 b,12.6910488,1.49e-05,0.015836,0.0002493,2.131529423621455,0.063192654,0.064662844,-1,57,1
K00124.02,Kepler-110 c,31.7198246,1.85e-05,0.0190588,0.0003164,2.565319081770433,0.077245257,0.078987945,-1,24,1
K00137.03,Kepler-18 b,3.5047133,2.7e-06,0.0163997,0.00028,1.617093060027281,0.048073065,0.049548098264541034,-1,359,1
K00139.02,Kepler-111 b,3.3418024,5.5e-06,0.0112406,0.0002833,1.3548226570765587,0.047558805,0.048420249,-1,261,1
K00144.01,Kepler-472 b,4.1762546,1.9e-06,0.0327019,0.0002627,2.764428539572913,0.074716566,0.074716566,-1,190,1
K00148.01,Kepler-48 b,4.778006,2.9e-06,0.0194458,0.000325,1.7732206140010347,0.053500848,0.055279258,-1,245,1
K00148.02,Kepler-48 c,9.673944,4.2e-06,0.0279517,0.0004586,2.548855312528809,0.076473334,0.079043544,-1,121,1
K00148.03,Kepler-48 d,42.8960696,1.87e-05,0.020856,0.0003435,1.9018137143036324,0.057125961,0.059041571032725094,-1,29,1
K00150.01,Kepler-112 b,8.4088735,5.5e-06,0.0262614,0.0003058,2.595235370702874,0.069890241,0.072483698,-1,96,1
K00150.02,Kepler-112 c,28.5742617,1.81e-05,0.0276505,0.0003249,2.732510666515106,0.073712527,0.076438685,-1,29,1
K00153.01,Kepler-113 c,8.9250827,4e-06,0.0300394,0.0004554,2.441058603988649,0.075258933,0.078128639,-1,118,1
K00153.02,Kepler-113 b,4.7540042,1.7e-06,0.0252955,0.0003641,2.0555602947194305,0.062614391,0.065059121,-1,226,1
K00157.02,Kepler-11 d,22.6871587,1.41e-05,0.0282097,0.0005608,3.341634700449978,0.10398749957927413,0.10637294825342232,-1,54,1
K00157.06,Kepler-11 b,10.3040214,1.21e-05,0.0156464,0.0003009,1.8534246439033573,0.056916016394342725,0.058256365,-1,124,1
K00159.01,Kepler-115 c,8.9908829,1.66e-05,0.0195354,0.0003546,2.407861101487904,0.072251756,0.073959753,-1,43,1
K00159.02,Kepler-115 b,2.4036331,1.58e-05,0.0090059,0.000762,1.110033902243615,0.09759445,0.097865981,-1,160,1
K00161.01,Kepler-475 b,3.1055071,7e-07,0.0290793,0.0004636,2.4772261797102586,0.07472632,0.077437152,-1,339,1
K00167.01,Kepler-480 b,4.9195832,8.6e-06,0.0186857,0.0002487,2.877893696223013,0.080969042,0.082770339,-1,78,1
K00168.02,Kepler-23 d,15.2743693,1.4e-05,0.0135473,0.0002112,2.2874646105078313,0.079389301,0.079389301,-2,82,1
K00171.01,Kepler-116 b,5.9687145,1.17e-05,0.0221212,0.0002981,3.329802292093256,0.097769563,0.10208112687056778,-1,63,1
K00171.02,Kepler-116 c,13.0714804,2.05e-05,0.0165123,0.0004902,2.485520423292203,0.098228224,0.10064239268874837,-1,31,1
K00172.01,Kepler-69 b,13.7223738,1.94e-05,0.0223964,0.0004814,2.943716224800489,0.098684721,0.10057160973224324,-1,30,1
K00173.01,Kepler-481 b,10.060826,1.62e-05,0.0201036,0.0006242,2.7059494140386633,0.1123278852186974,0.11379516617510989,-1,38,1
K00174.01,Kepler-482 b,56.3541855,1.92e-05,0.0338763,0.0013008,2.922827150845863,0.13644559970405684,0.13858035487285306,-1,13,1
K00176.01,Kepler-483 b,30.2291064,1.92e-05,0.0195193,0.0005701,2.8253082724118466,0.10701018730333939,0.10837817114214639,-1,13,1
K00180.01,Kepler-484 b,10.0455712,1.54e-05,0.0242785,0.0007172,2.343666439574482,0.088803006,0.088803006,-1,37,1
K00191.02,KOI-191.02,2.4184054,3e-06,0.0248711,0.0006545,2.4632671857073425,0.11052834849650119,0.1127368873467629,-1,290,1
K00191.04,Kepler-487 c,38.6519952,2e-05,0.0213875,0.0010174,2.1182467576551014,0.12680760051258277,0.12823728297826018,-1,19,1
K00232.02,Kepler-122 b,5.7661651,7.3e-06,0.0172517,0.0004308,2.331491749566485,0.090759431,0.092210893,-1,171,1
K00232.03,Kepler-122 d,21.5878685,2.02e-05,0.016142,0.0005919,2.181520651385209,0.10316429323361118,0.10428508561212341,-1,45,1
K00232.04,Kepler-122 e,37.9963888,2.01e-05,0.0166047,0.0005821,2.244052531288315,0.10334180643388322,0.10452538946858315,-1,26,1
K00232.05,Kepler-122 f,56.2587899,2e-05,0.0170975,0.00052,2.3106522944528938,0.098488713,0.099804182,-1,18,1
K00238.01,Kepler-123 b,17.232309,1.78e-05,0.0223143,0.0006244,3.207963047957856,0.13242548037503835,0.13422505743569974,-1,11,1
K00238.02,Kepler-123 c,26.6951665,2.02e-05,0.0114187,0.0013588,1.6415826468101788,0.20159768008754028,0.20190908745301758,-1,7,0
K00245.01,Kepler-37 d,39.7922323,9.3e-06,0.0230382,0.0003205,1.941157817983067,0.031239852,0.029891548,-2,26,1
K00246.01,Kepler-68 A b,5.3987517,9e-07,0.0174596,0.0001505,2.3574174746772862,0.022522553,0.023994590185339153,-2,206,1
K00257.01,Kepler-506 b,6.8834066,1.7e-06,0.023303,0.0002494,3.0501679998745708,0.082947925,0.082947925,-2,108,1
K00260.01,Kepler-126 b,10.495672,8e-06,0.0100865,0.0001164,1.4797674036546935,0.026149533243679406,0.023747942720376433,-2,106,1
K00260.03,Kepler-126 c,21.8696934,1.54e-05,0.0106422,0.0001516,1.5612928828804815,0.030516268,0.028246088137568855,-2,51,1
K00261.01,Kepler-96 b,16.2384747,4.6e-06,0.0255933,0.0003015,2.624126821686709,0.089271965,0.089271965,-2,50,1
K00265.01,Kepler-507 b,3.5680965,8.2e-06,0.0094359,0.0004369,1.3163899359950455,0.067867193,0.0683261,-1,115,1
K00269.01,KOI-269.01,18.0116641,1.51e-05,0.0097364,0.0003862,1.5399162048258883,0.0646693,0.0646693,-2,57,1
K00271.01,Kepler-127 d,48.6303934,1.95e-05,0.0183983,0.0002366,2.727268096186952,0.07850824,0.07850824,-2,11,1
K00271.03,Kepler-127 b,14.4359423,1.57e-05,0.0102418,0.0002854,1.518191049582164,0.057607404,0.057607404,-2,40,1
K00273.01,Kepler-454 A b,10.5737471,7.3e-06,0.0201213,0.000586,2.4142342156755148,0.0963268,0.0963268,-2,81,1
K00275.01,Kepler-129 b,15.7919302,1.88e-05,0.0132485,0.0002817,2.3823167980115554,0.054349398,0.053480218349005605,-2,13,1
K00275.02,Kepler-129 c,82.2000087,1.97e-05,0.0148086,0.0005372,2.6628506272433796,0.099075282,0.098482564,-2,2,0
K00276.01,Kepler-509 b,41.746,1.69e-05,0.0201059,0.0004306,2.609763536115771,0.071047746,0.071047746,-2,25,1
K00279.02,Kepler-450 c,15.4131045,1.25e-05,0.0151226,0.0001974,2.589743768112761,0.14422669524883183,0.14422669524883183,-2,65,1
K00280.01,Kepler-1655 b,11.8728914,5.9e-06,0.019791,0.0002934,2.245079670748342,0.054514341597748754,0.054514341597748754,-2,75,1
K00281.01,Kepler-510 b,19.55659,1.42e-05,0.0158805,0.0002629,2.390418480895564,0.07979216,0.07979216,-2,53,1
K00282.02,Kepler-130 A b,8.4574508,1.2e-05,0.00844,0.0003192,1.0375213489910788,0.049624967,0.049624967,-2,68,1
K00282.03,Kepler-130 A d,87.5174361,1.97e-05,0.0161515,0.0044995,1.985488870643295,0.5561663431576908,0.5561663431576908,-2,6,0
K00283.01,Kepler-131 b,16.0919811,8.7e-06,0.0212462,0.0003783,2.3151409289067275,0.067382006,0.067382006,-1,66,1
K00284.01,Kepler-132 A d,18.0101733,1.61e-05,0.0178773,0.0006161,2.0240906600994024,0.17624139165656028,0.20160168575962523,-1,31,0
K00284.02,Kepler-132 A c,6.4149091,8.3e-06,0.0128556,0.0003969,1.4555273945156082,0.12476019276243032,0.14324852274515198,-1,85,0
K00284.03,Kepler-132 A b,6.1782582,8.2e-06,0.0116696,0.000406,1.3212469649833023,0.11521597047130229,0.1317485019300412,-1,89,0
K00285.01,Kepler-92 b,13.7488332,1.53e-05,0.0197765,0.0002645,3.707664292,0.056610771,0.055207812149571746,-2,20,1
K00285.02,Kepler-92 c,26.7231997,1.89e-05,0.0130817,0.0002597,2.4525346735858955,0.051931322,0.051266173,-2,11,1
K00285.03,Kepler-92 d,49.3568851,1.92e-05,0.0109187,0.0003911,2.047019144337687,0.074856957,0.074536869,-2,5,1
K00291.01,Kepler-133 c,31.5178009,1.97e-05,0.0198646,0.0008204,3.499314934745457,0.1915191031139053,0.19439019943466318,-1,5,0
K00291.02,Kepler-133 b,8.1299936,1.85e-05,0.0177128,0.0015777,3.120257421551873,0.299665617,0.3011319062668834,-1,20,0
K00292.01,Kepler-97 b,2.5866375,1.5e-06,0.0139112,0.0003413,1.4870355440021323,0.052631330861956205,0.052631330861956205,-1,256,1
K00294.01,Kepler-512 b,34.4358793,1.94e-05,0.0196722,0.0009749,2.4333056518963327,0.13378344081017424,0.1347265661947496,-1,4,1
K00295.01,Kepler-134 b,5.3174361,5.5e-06,0.016126,0.0003006,1.7044376218309527,0.050069265,0.051440835,-1,40,1
K00295.02,Kepler-134 c,10.1057637,1.69e-05,0.0107774,0.0007959,1.1391173276398925,0.088008409,0.088361006,-1,21,1
K00296.01,Kepler-513 b,28.8623565,2.26e-05,0.0192779,0.0007239,2.268881673,0.1023821230679597,0.10356296578233048,-1,6,1
K00297.01,Kepler-514 A b,5.6517992,8.8e-06,0.0116044,0.0005029,1.6746082013201424,0.082501202,0.083110677,-1,115,1
K00299.01,Kepler-98 b,1.5416784,6e-07,0.0160803,0.0002503,1.5961224951161004,0.045893984637061194,0.045893984637061194,-1,640,1
K00304.01,Kepler-518 b,8.5120327,4.4e-06,0.0247432,0.0003362,2.4883843761120086,0.068327682,0.068327682,-1,105,1
K00305.01,Kepler-99 B b,4.6035756,2.4e-06,0.0188765,0.0003688,1.5174683422727773,0.049085654,0.050741876,-1,216,1
K00306.01,Kepler-519 A b,24.3078923,1.54e-05,0.025247,0.0013088,2.266419480989636,0.12975963425350484,0.13095225931526314,-1,34,1
K00307.01,Kepler-520 b,19.6741615,1.94e-05,0.0215047,0.0009159,3.9242801945203127,0.38318380521958423,0.4453851798546852,-1,12,0
K00307.02,Kepler-520 c,5.2110357,1.27e-05,0.0139191,0.0004866,2.540023736929493,0.24019810341719203,0.2815789360020601,-1,46,0
K00313.01,Kepler-137 c,18.7357462,1.61e-05,0.0243271,0.0003979,2.258138522909644,0.06465771,0.066852865,-1,33,1
K00313.02,Kepler-137 b,8.4363935,9.6e-06,0.0172864,0.0002633,1.6045926461610824,0.044938200942743714,0.046531788,-1,73,1
K00316.01,Kepler-139 b,15.7711287,1.37e-05,0.0211049,0.000248,2.405637961438359,0.064118855,0.066192883,-1,43,1
K00316.03,KOI-316.03,7.3057045,8.1e-06,0.0176958,0.000488,2.017052354572678,0.07363847,0.074917503,-1,94,1
K00317.01,Kepler-521 b,22.2081191,1.46e-05,0.0207225,0.0002646,3.6888668700710245,0.10800631961881989,0.1120917894839644,-1,42,1
K00321.01,Kepler-406 b,2.4263048,1.2e-06,0.0125281,0.0001612,1.4567099787115287,0.040170494165161726,0.040170494165161726,-1,409,1
K00323.01,Kepler-523 b,5.8359892,3.7e-06,0.0230575,0.0005478,2.019567819295715,0.067717229,0.067717229,-1,122,1
K00343.01,Kepler-142 c,4.7617056,2.5e-06,0.0207526,0.0003136,2.492243738075602,0.069872509,0.071789538,-1,112,1
K00343.02,Kepler-142 b,2.0241441,1.4e-06,0.0144379,0.0002467,1.7338919396105426,0.050540137,0.05182423,-1,261,1
K00343.03,Kepler-142 d,41.8087659,1.96e-05,0.0118449,0.0004786,1.4224905724165506,0.066573073,0.067234253,-1,12,1
K00351.03,Kepler-90 d,59.7370338,1.98e-05,0.0216712,0.000643,2.8011217761402305,0.10925359802286012,0.11080249919198212,-1,7,1
K00351.04,Kepler-90 e,91.9404607,1.96e-05,0.0198068,0.0006755,2.560137823270253,0.10873916410393272,0.11004056989851503,-1,6,1
K00351.05,Kepler-90 c,8.7198167,1.57e-05,0.0108678,0.000485,1.404722915147144,0.072073568,0.072665795,-1,65,1
K00351.06,Kepler-90 b,7.0082841,1.62e-05,0.0098898,0.000583,1.2783110368448285,0.082011212,0.082442852,-1,82,1
K00365.01,Kepler-538 A b,81.7378072,2.03e-05,0.0241374,0.0002797,2.2694908316207023,0.058858353,0.058858353,-1,7,1
K00370.02,Kepler-145 b,22.9506858,1.82e-05,0.0120378,0.0005272,2.4782570796872423,0.11003187862110116,0.1097292982437308,-2,37,1
K00377.03,Kepler-9 d,1.5929574,1.1e-06,0.0148356,0.000381,1.571285216,0.056006067,0.057140106,-1,562,1
K00379.02,KOI-379.02,23.1376624,1.99e-05,0.007157,0.0052003,2.0273729426161395,1.4742590123888675,1.474321844830264,-1,7,0
K00384.01,Kepler-541 b,5.0800675,1.36e-05,0.0140605,0.0005329,3.1992320953105158,0.14683665995996176,0.14858827401625435,-1,31,1
K00386.01,Kepler-146 b,31.1587893,1.87e-05,0.029662,0.0007106,3.303367197347172,0.1154948800160877,0.11787225882680472,-1,6,1
K00386.02,Kepler-146 c,76.7325172,2.03e-05,0.0257895,0.0012929,2.872098589,0.1614971659404345,0.1627904463930816,-1,3,1
K00408.01,Kepler-150 c,7.3819812,6.8e-06,0.0355103,0.0005299,3.3426878000862326,0.11586673708144757,0.11937441280520053,-1,86,1
K00408.02,Kepler-150 d,12.5609351,1.25e-05,0.0275049,0.0005639,2.5891162190291777,0.096846475,0.099369432,-1,51,1
K00408.03,Kepler-150 e,30.8264857,1.94e-05,0.0273259,0.0007103,2.572266428511626,0.10462824712299286,0.10693779534818412,-1,21,1
K00408.04,Kepler-150 b,3.4280574,1e-05,0.0132748,0.0005687,1.2495955260469418,0.066289146,0.06715329,-1,187,1
K00416.01,Kepler-152 b,18.2079573,1.47e-05,0.0382589,0.0005863,3.121510185484705,0.092601893,0.096199273,-1,11,1
K00416.02,Kepler-152 c,88.255355,1.94e-05,0.0355083,0.0011641,2.8970911374672705,0.12015063028164093,0.12256106306949692,-1,2,0
K00435.03,Kepler-154 b,33.0405686,1.96e-05,0.0238126,0.0014626,2.7272615843276213,0.18699888047898888,0.18816774493377814,-1,10,1
K00435.04,Kepler-154 e,3.9327557,5.4e-06,0.0153082,0.0005868,1.753251042943823,0.085858672,0.086907644,-1,93,1
K00435.05,Kepler-154 c,62.3027882,1.98e-05,0.0265827,0.001037,3.0445216615449744,0.1507147184180159,0.1525168994407775,-1,5,1
K00435.06,Kepler-154 f,9.9193457,1.87e-05,0.0123356,0.0007774,1.4127986024051051,0.098900198,0.099493353,-1,37,1
K00440.01,Kepler-156 c,15.9068674,1.83e-05,0.0261369,0.001351,2.272181800224205,0.1318267142237773,0.13314569151316222,-1,10,1
K00440.02,Kepler-156 b,4.9734436,9.8e-06,0.0280884,0.0010611,2.4418332425581286,0.11246686178647712,0.11424721157162308,-1,30,1
K00446.01,Kepler-158 b,16.7091956,1.55e-05,0.0297081,0.000843,2.070648655,0.082792197,0.082792197,-1,35,1
K00446.02,Kepler-158 c,28.5515612,1.81e-05,0.0253938,0.0009264,1.769942803615497,0.081578466,0.081578466,-1,19,1
K00448.01,Kepler-159 b,10.1396201,9.4e-06,0.0331048,0.0005627,2.3832279483858825,0.079674635,0.079674635,-1,70,1
K00456.02,Kepler-160 b,4.3092406,7e-06,0.0144952,0.0006178,1.6522325800473494,0.084904615,0.08579792,-1,129,1
K00464.02,Kepler-561 c,5.3501647,3.7e-06,0.0266052,0.0003454,2.5653668135902543,0.079829189,0.082475456,-1,152,1
K00475.01,Kepler-165 b,8.1808651,1.56e-05,0.0253939,0.0008352,2.044167344152647,0.087115181,0.088902279,-1,19,1
K00475.02,Kepler-165 c,15.312983,1.93e-05,0.029684,0.0009194,2.3895133651714455,0.098340774,0.10050239424410129,-1,11,1
K00481.01,Kepler-166 b,7.6502356,7.3e-06,0.0297301,0.0004976,2.5002384361283143,0.085523034,0.085523034,-1,68,1
K00481.02,Kepler-166 d,1.554003,1.5e-06,0.0188228,0.0003173,1.5829576098148352,0.054239747,0.054239747,-1,339,1
K00481.03,Kepler-166 c,34.2595202,1.79e-05,0.0301925,0.0006176,2.539125296679262,0.091842501,0.091842501,-1,13,1
K00490.01,Kepler-167 A b,4.3931533,4.4e-06,0.0184015,0.0004468,1.4772762629623244,0.053833911,0.053833911,-1,166,1
K00490.03,Kepler-167 A c,7.4061092,7.5e-06,0.0181944,0.000476,1.4606502317116383,0.055097042,0.055097042,-1,99,1
K00490.04,Kepler-167 A d,21.80387,1.88e-05,0.0138076,0.0010162,1.1084770115739797,0.086963974,0.086963974,-1,34,1
K00500.03,Kepler-80 d,3.0721474,3.4e-06,0.0197765,0.0008029,1.4603897682460294,0.072077262,0.073325372,-1,229,1
K00500.04,Kepler-80 e,4.6453876,1.06e-05,0.0197009,0.0011436,1.4548071087016512,0.093800958,0.094756073,-1,152,1
K00505.01,Kepler-169 e,13.767073,1.51e-05,0.0253636,0.0010315,2.0112959800003134,0.097230218,0.098753317,-1,11,1
K00505.02,Kepler-169 c,6.1954334,1.26e-05,0.0158351,0.0009981,1.255700017856415,0.08568179,0.086358089,-1,25,1
K00505.03,Kepler-169 b,3.2505923,7.5e-06,0.0140501,0.0009249,1.1141521569730797,0.078911924,0.079490185,-1,51,1
K00505.04,Kepler-169 d,8.3481946,9.6e-06,0.0167357,0.0009389,1.327116266322259,0.082135743,0.082923106,-1,20,1
K00505.05,Kepler-169 f,87.0905986,2.07e-05,0.0310157,0.0013062,2.459499153,0.12190360260010787,0.1237208644718222,-1,2,0
K00508.01,Kepler-170 b,7.9305893,6.1e-06,0.0267232,0.0003651,2.879891233615026,0.087988765,0.090605344,-1,72,1
K00508.02,Kepler-170 c,16.6659109,1.31e-05,0.026278,0.0004352,2.8319131629795704,0.090492606,0.092955779,-1,35,1
K00509.01,Kepler-171 b,4.1669599,5.3e-06,0.0274167,0.0005424,2.757254030382089,0.11015139054580861,0.11275919119854991,-1,69,1
K00509.02,Kepler-171 c,11.4634769,1.34e-05,0.0328424,0.0008447,3.302908073087597,0.1426800861968871,0.1455738906453353,-1,25,1
K00510.01,Kepler-172 b,2.9403011,7.6e-06,0.0216443,0.0007118,2.464760484852856,0.11574996696059817,0.11916659192366824,-1,54,1
K00510.02,Kepler-172 c,6.3890187,1.27e-05,0.0235431,0.0007684,2.6809877229080765,0.12543926091428378,0.12916900171780094,-1,24,1
K00510.03,Kepler-172 d,14.6269863,2e-05,0.020554,0.0012888,2.340601775,0.16642322023272338,0.16858376214732929,-1,11,1
K00510.04,Kepler-172 e,35.1185229,1.97e-05,0.0247668,0.0021263,2.8203374549536697,0.25994009347828806,0.26195373188534476,-1,5,1
K00518.01,Kepler-174 b,13.981783,1.18e-05,0.0287249,0.0005544,2.2715756846474657,0.076478306,0.076478306,-1,22,1
K00518.02,Kepler-174 c,44.0004324,1.9e-05,0.022377,0.0005025,1.7695814117840738,0.062945255,0.062945255,-1,9,1
K00520.02,Kepler-176 b,5.4331131,6.6e-06,0.0154564,0.0005517,1.3268253487339492,0.060155087,0.06120899,-1,129,1
K00520.04,Kepler-176 e,51.1657906,1.93e-05,0.0146672,0.0010299,1.259077971257898,0.095158262,0.09576154,-1,15,1
K00528.01,Kepler-178 b,9.5766816,1.2e-05,0.0252097,0.0005212,2.428058020424578,0.085122049,0.087357826,-1,31,1
K00528.03,Kepler-178 c,20.5528157,1.75e-05,0.0278854,0.0012817,2.6857665550461736,0.14498687575830238,0.14660499261848953,-1,15,1
K00555.01,Kepler-598 b,3.7017594,4.3e-06,0.0153074,0.0004554,1.4125455888556153,0.059231538,0.060419812,-1,141,1
K00555.02,Kepler-598 c,86.4947793,2.02e-05,0.0272076,0.0007648,2.5106794990232197,0.10239792887912025,0.10456819374244357,-1,5,1
K00564.03,Kepler-603 d,6.2171254,1.78e-05,0.011278,0.0012118,1.9018324754393943,0.23540559265600855,0.24240813364897004,-1,28,0
K00567.01,Kepler-184 b,10.6875764,7.7e-06,0.0262755,0.0004046,2.3530157025368057,0.072721783,0.07522031,-1,76,1
K00567.02,Kepler-184 c,20.3030278,1.64e-05,0.0216603,0.0003722,1.9397166950831752,0.061746708040188086,0.063748304,-1,38,1
K00567.03,Kepler-184 d,29.0223461,1.74e-05,0.0246645,0.0004831,2.2087479132735455,0.073312536,0.075501182,-1,26,1
K00568.01,Kepler-605 b,3.3835398,5.2e-06,0.0165614,0.0005992,1.5535533689970367,0.068839027,0.069897493,-1,130,1
K00584.01,Kepler-192 b,9.9267346,1.21e-05,0.0249212,0.0004144,2.666666082695474,0.081145056,0.08343483,-1,35,1
K00584.02,Kepler-192 c,21.2234668,1.82e-05,0.0217668,0.0004801,2.329132918511782,0.078500238,0.080310498,-1,15,1
K00584.03,Kepler-192 d,6.4702796,1.46e-05,0.009832,0.0005713,1.0520625381226385,0.066752295,0.067190217,-1,54,1
K00612.01,Kepler-196 b,20.7399158,1.84e-05,0.025077,0.0005936,2.130805047443596,0.07440971,0.076443203,-1,16,1
K00612.02,Kepler-196 c,47.4276601,1.96e-05,0.0273178,0.0006394,2.3212069276649783,0.080642863,0.082869179,-1,8,1
K00623.01,Kepler-197 A c,10.3497242,1.08e-05,0.0100904,0.0001724,1.232699116,0.041985305507472516,0.041985306,-2,79,1
K00623.02,Kepler-197 A d,15.6775773,1.73e-05,0.0098754,0.0002011,1.2064335262225427,0.043210295,0.043210295,-2,52,1
K00623.03,Kepler-197 A b,5.599323,6.4e-06,0.008615,0.0001702,1.0524560856681457,0.037335545755102575,0.037335546,-2,147,1
K00645.01,Kepler-633 b,8.5034136,1.93e-05,0.0186947,0.0018003,3.464515896616548,0.34712571618690335,0.34769424133502486,-1,18,0
K00645.02,KOI-645.02,23.7832495,2.03e-05,0.0146158,0.0008518,2.708611073821358,0.17473686348951295,0.17542640364301076,-1,7,0
K00657.01,Kepler-202 b,4.0694244,3.4e-06,0.0218653,0.0004323,1.628946509215911,0.053667413861644815,0.055593646,-1,100,1
K00657.02,Kepler-202 c,16.2824906,1.56e-05,0.0273519,0.0006059,2.0376936070130602,0.070152982,0.072462239,-1,25,1
K00658.01,Kepler-203 b,3.1626923,6.6e-06,0.0233803,0.0007159,2.6241951798482304,0.10581920246747381,0.10749608341104655,-1,50,1
K00658.02,Kepler-203 c,5.3706464,1.17e-05,0.0241604,0.0008296,2.7117532804628333,0.11718824027027269,0.11880680252346171,-1,28,1
K00658.03,Kepler-203 d,11.329752,1.96e-05,0.0115186,0.0013487,1.2928428890390555,0.15513196186890263,0.155411539,-1,13,0
K00665.01,Kepler-207 d,5.8680826,8.9e-06,0.0202096,0.0003987,3.690148561057368,0.11265394753741764,0.11434508874482076,-1,37,1
K00665.02,Kepler-207 b,1.6118954,4.8e-06,0.0095698,0.0003769,1.7473865736880891,0.079958875,0.080495342,-1,136,1
K00665.03,Kepler-207 c,3.0715423,1.17e-05,0.0081308,0.0004396,1.4846340313635722,0.087403315,0.087758061,-1,72,1
K00671.01,Kepler-208 b,4.2286546,5.5e-06,0.0118965,0.0003691,1.601271772,0.063116155,0.063924667,-1,95,1
K00671.02,Kepler-208 c,7.4666342,1.17e-05,0.0107257,0.0004045,1.4436818097333062,0.064777985,0.065419254,-1,54,1
K00671.03,Kepler-208 e,16.2594596,1.8e-05,0.0120048,0.0006365,1.6158489785735564,0.094249891,0.094803136,-1,25,1
K00671.04,Kepler-208 d,11.1317523,1.88e-05,0.0083138,0.0005729,1.1190394873771186,0.081770752,0.082076913,-1,35,1
K00672.01,Kepler-209 b,16.0878613,1.72e-05,0.0250806,0.0008616,2.4566593391699723,0.10365649524485296,0.10526847420363492,-1,28,1
K00679.01,Kepler-212 c,31.8047395,2.02e-05,0.0165463,0.000601,2.6133653905834024,0.11402066308543943,0.11402066308543943,-1,4,1
K00679.02,Kepler-212 b,16.2583585,2.03e-05,0.0054681,0.001167,0.8636458478481054,0.18549737332016408,0.18549737332016408,-1,10,0
K00692.01,Kepler-213 b,2.4623399,2.7e-06,0.0132238,0.0004022,1.5722204809269222,0.061671304,0.062592163,-1,153,1
K00692.02,Kepler-213 c,4.8229807,4.8e-06,0.0220433,0.0029966,2.6207994469983222,0.3621418094399731,0.36258054780373733,-1,79,0
K00700.02,Kepler-215 b,9.3606276,1.13e-05,0.0151507,0.0003461,1.4807146992113638,0.048461621,0.049658464490668845,-1,73,1
K00700.03,Kepler-215 c,14.6671873,1.63e-05,0.0140543,0.0003901,1.3735608649848703,0.04989916,0.050901659,-1,43,1
K00700.04,Kepler-215 e,68.1613588,2.01e-05,0.01682,0.0006107,1.6438594415264736,0.071040311,0.072051811,-1,9,1
K00701.01,Kepler-62 d,18.1640627,1.29e-05,0.0300887,0.0004294,2.3203501000501716,0.070604387,0.070604387,-1,42,1
K00701.02,Kepler-62 b,5.7148845,4.3e-06,0.0192012,0.0003343,1.480738826904564,0.047414614,0.047414614,-1,137,1
K00707.02,Kepler-33 f,41.0280588,1.95e-05,0.0207447,0.0004245,3.6407753491023973,0.126168913,0.1298487082029997,-1,22,1
K00707.03,Kepler-33 e,31.7847737,1.96e-05,0.0187988,0.0004522,3.2992623481036674,0.12170750788768361,0.12484533792983658,-1,29,1
K00707.04,Kepler-33 c,13.1755617,1.53e-05,0.0145995,0.0003567,2.5622689028629213,0.095154079,0.09757515,-1,69,1
K00707.05,Kepler-33 b,5.6681405,1.41e-05,0.0080193,0.0003191,1.407418268620749,0.068452561,0.069473281,-1,160,1
K00708.01,Kepler-216 c,17.4066528,1.74e-05,0.0230414,0.0005558,3.8830056849375203,0.1411223561578581,0.14492054331128112,-1,8,1
K00708.02,Kepler-216 b,7.6936444,2.1e-05,0.0159157,0.0006184,2.682161396,0.12718887764443662,0.12921061221537702,-1,21,1
K00711.01,Kepler-218 c,44.6995045,1.96e-05,0.027173,0.0006981,3.0735977133785926,0.11033513698415313,0.1124252722769176,-1,14,1
K00711.02,Kepler-218 b,3.6193117,4.1e-06,0.0130009,0.0003194,1.4705603544644954,0.051620333373361194,0.052642576553838666,-1,184,1
K00718.01,Kepler-219 b,4.5854797,7.2e-06,0.0185884,0.0003823,2.3539915979178754,0.077741603,0.079338053,-1,70,1
K00718.02,Kepler-219 c,22.7144429,1.73e-05,0.0212859,0.0004597,2.6955967030040293,0.090778069,0.092571544,-1,14,1
K00718.03,Kepler-219 d,47.9035191,1.91e-05,0.0189387,0.0007378,2.398352772454179,0.11211789003718589,0.11327281963616695,-1,6,1
K00719.01,Kepler-220 c,9.0341818,7.9e-06,0.0269052,0.0008845,2.0102842748467413,0.084605155,0.086467902,-1,40,1
K00719.02,Kepler-220 d,28.1224638,1.97e-05,0.0114591,0.0009077,0.856193172,0.071455287,0.071858631,-1,14,1
K00719.03,Kepler-220 e,45.9027566,2.01e-05,0.0181889,0.0009212,1.3590257514071589,0.077542457,0.078475926,-1,6,1
K00720.01,Kepler-221 c,5.6905918,3.6e-06,0.0347523,0.0004735,2.9074321991455134,0.08219782,0.085538734,-1,68,1
K00720.02,Kepler-221 d,10.0415747,7.4e-06,0.0327336,0.000485,2.7385445750050956,0.079047462,0.082132096,-1,37,1
K00720.04,Kepler-221 b,2.7958948,2.4e-06,0.0180822,0.0003669,1.512785355541619,0.048441157999979736,0.049982605,-1,134,1
K00723.01,Kepler-222 b,3.9369918,4.7e-06,0.0356346,0.000677,3.1134011644878576,0.11709671522742474,0.12046726245002234,-1,83,1
K00723.02,Kepler-222 d,28.0819564,2.52e-05,0.0412394,0.0007446,3.6030935097568246,0.13383041581276753,0.1377787820645434,-1,12,1
K00730.04,Kepler-223 b,7.3844217,1.87e-05,0.015567,0.000954,2.6726391920164314,0.23108022983461846,0.24335588934701932,-1,75,1
K00733.01,Kepler-224 c,5.9249983,7.6e-06,0.035932,0.0010523,2.716097181480378,0.126205629,0.13238361683020006,-1,49,1
K00733.02,Kepler-224 d,11.349343,1.23e-05,0.033055,0.0012493,2.4986249675451933,0.1305478073091073,0.1356270847339578,-1,26,1
K00733.03,Kepler-224 b,3.1329551,7.7e-06,0.0187202,0.0010902,1.4150585120992145,0.096938272,0.099149659,-1,95,1
K00733.04,Kepler-224 e,18.6435196,1.85e-05,0.0332128,0.0029611,2.5105530576942976,0.24145844982766615,0.24426849616510976,-1,16,1
K00749.01,Kepler-226 c,5.3495596,5.7e-06,0.0261098,0.0006974,2.452095474743262,0.119271055,0.12407075604379414,-1,85,1
K00749.02,Kepler-226 b,3.9410501,5.6e-06,0.0160737,0.0005676,1.5095576003025977,0.081283994,0.083962686,-1,114,1
K00749.03,Kepler-226 d,8.109042,1.62e-05,0.0125061,0.0009402,1.1745073197300138,0.1003800813015592,0.10170604351707938,-1,53,1
K00756.02,Kepler-228 c,4.1344307,6.7e-06,0.0244302,0.0008421,2.9418923369906405,0.19612946785570726,0.20764845087601685,-1,85,1
K00756.03,Kepler-228 b,2.5665772,9.2e-06,0.0151305,0.0008579,1.8220195497718756,0.14657163657310726,0.1525362372375962,-1,136,1
K00757.03,Kepler-229 b,6.2529525,1.17e-05,0.0278801,0.0012192,2.146988446781957,0.1309129808431576,0.13522191516345264,-1,45,1
K00800.01,Kepler-234 b,2.7114943,8.3e-06,0.0259437,0.0010392,3.3137480719007226,0.2361035128212855,0.2527311016789079,-1,57,1
K00800.02,Kepler-234 c,7.2120303,1.74e-05,0.028294,0.001197,3.613948201157085,0.26214996289651615,0.27998240257275425,-1,22,1
K00829.02,Kepler-53 d,9.7519295,1.88e-05,0.0192496,0.0009591,2.2193580663583194,0.1598864627283807,0.16762651873988124,-1,47,0
K00834.02,Kepler-238 d,13.2335461,1.92e-05,0.0197413,0.0005424,3.3742357624480643,0.18064253224887034,0.18808688215822533,-1,42,1
K00834.03,Kepler-238 c,6.1555736,1.02e-05,0.0144034,0.000473,2.461867626794813,0.1390381918579712,0.1441971927138699,-1,89,1
K00834.04,Kepler-238 b,2.0908146,5.9e-06,0.0094475,0.0004878,1.6147919521879555,0.11160916876269404,0.11439085651715525,-1,264,1
K00834.05,Kepler-238 f,50.447315,2e-05,0.0203404,0.0008933,3.4766355357802485,0.22097669776462556,0.22747480036744508,-1,11,1
K00841.03,KOI-841.03,6.5462724,9.4e-06,0.0236775,0.0009438,1.9214958909393078,0.12449088029786401,0.13068586587684367,-1,137,1
K00864.01,Kepler-244 b,4.3117806,3.8e-06,0.0307689,0.0006088,2.8762290708220313,0.13659746332111367,0.14581086034387247,-1,107,1
K00864.02,Kepler-244 d,20.0503931,1.8e-05,0.025065,0.0007008,2.3430373416064345,0.12051744971453522,0.12747989391001255,-1,24,1
K00864.03,Kepler-244 c,9.7673453,1.38e-05,0.0273272,0.0016539,2.554504290506577,0.1899099832680263,0.1952388519742627,-1,47,1
K00869.01,Kepler-245 b,7.4901703,6.8e-06,0.0308828,0.0006549,2.627495318166852,0.1273660374891178,0.1304035087671327,-1,117,1
K00869.03,Kepler-245 c,17.460864,1.63e-05,0.0285918,0.0014273,2.4325780252426275,0.16121336882429146,0.16328153562501294,-1,51,1
K00869.04,Kepler-245 e,3.2198229,5.5e-06,0.0160162,0.000825,1.3626513954312416,0.09195001,0.093088079,-1,266,1
K00872.02,Kepler-46 d,6.766514,1.27e-05,0.0176764,0.0009192,1.5366778146407236,0.095370808,0.096436781,-1,118,1
K00880.03,Kepler-82 e,5.9022522,6.2e-06,0.0235099,0.0005947,2.141252763997115,0.098324154,0.10264342851143643,-1,151,1
K00880.04,Kepler-82 d,2.3829545,3.2e-06,0.0145251,0.0004267,1.3229282354384535,0.06388075,0.066423565,-1,378,1
K00881.01,Kepler-712 b,21.0224706,1.74e-05,0.0391029,0.0008492,3.1434541806509775,0.16803896994473586,0.17586786023690573,-1,21,1
K00884.03,Kepler-247 b,3.3361252,4.1e-06,0.0196232,0.000699,1.6866568208588764,0.081894577,0.083363886,-1,273,1
K00896.01,Kepler-248 c,16.2394712,1.34e-05,0.0459894,0.0007084,3.8776438395979995,0.1572590115154715,0.16191066371735455,-1,35,1
K00896.02,Kepler-248 b,6.3081972,7.2e-06,0.0327486,0.0004931,2.7612320892522857,0.11162279608203184,0.11494556081534653,-1,92,1
K00896.03,KOI-896.03,28.8671361,1.95e-05,0.0164424,0.002306,1.3863579665793886,0.20126905367818768,0.20173995405216494,-1,19,0
K00907.01,Kepler-251 c,16.5141326,1.74e-05,0.02844,0.0006601,2.5096247741490414,0.11509619181716806,0.11778218394715882,-1,27,1
K00907.02,Kepler-251 d,30.1329392,1.84e-05,0.0295369,0.0007899,2.606418283810226,0.12444867908186825,0.12713050043288873,-1,12,1
K00907.03,Kepler-251 b,4.7909189,1.36e-05,0.0143647,0.0007907,1.2675811179050187,0.085920243,0.086843908,-1,95,1
K00907.04,Kepler-251 e,99.6409649,2.05e-05,0.0319982,0.0017384,2.823610247826155,0.1897528309482122,0.19182793242641305,-1,4,1
K00921.01,Kepler-253 c,10.2819331,1.46e-05,0.0293121,0.0008381,2.5546087311315286,0.12312160341644784,0.12832538144466343,-1,40,1
K00921.02,Kepler-253 d,18.1198979,1.78e-05,0.0345614,0.0010641,3.0120958307364267,0.14919049236096724,0.15516730374063045,-1,23,1
K00921.03,Kepler-253 b,3.7840306,7.6e-06,0.0200979,0.0008487,1.7515725866590361,0.10044550483831464,0.10346225220732208,-1,110,1
K00934.01,Kepler-254 b,5.8266544,6.3e-06,0.0368332,0.0010528,3.623903863294712,0.2404108818265549,0.2586837130200342,-1,65,1
K00934.02,Kepler-254 c,12.4121793,1.95e-05,0.0236751,0.0012922,2.329319373659868,0.18870491379253349,0.1984373784063964,-1,29,1
K00934.03,Kepler-254 d,18.7465398,1.9e-05,0.0257398,0.001286,2.532458777962089,0.19747022451117552,0.2084422730340541,-1,21,1
K00935.04,KOI-935.04,9.6173001,1.89e-05,0.0103124,0.0007979,1.3621802291403398,0.1227849298901695,0.12515279105428284,-1,77,1
K00941.01,Kepler-257 c,6.5814818,9.2e-06,0.0428697,0.0009428,3.745533102693592,0.14685509708513522,0.15074912471752877,-1,39,1
K00941.02,Kepler-257 b,2.3826522,4.2e-06,0.0263214,0.000813,2.2997052699048304,0.10304236697805327,0.10514086924593276,-1,109,1
K00954.01,Kepler-259 b,8.1152859,1.58e-05,0.0275043,0.0011692,2.691062092859943,0.14743103351393808,0.1512876822702986,-1,19,1
K00954.02,Kepler-259 c,36.9249537,1.95e-05,0.0291059,0.0016714,2.847765046504445,0.19086346543744226,0.1942137796355241,-1,4,1
K00974.01,KOI-974.01,53.5058347,1.91e-05,0.0128473,0.0002617,2.5924731861369374,0.077011422,0.077011422,-2,18,1
K00975.01,Kepler-21 A b,2.7858181,5e-07,0.0082442,7.09e-05,1.6636077184427964,0.030536398503469855,0.030536399,-2,395,1
K00987.01,Kepler-743 A b,3.1792642,5.9e-06,0.016135,0.0009996,1.6156315675514654,0.10669760667453614,0.10731993330524926,-1,92,1
K00988.01,Kepler-261 b,10.3812255,9.2e-06,0.0267855,0.0003535,2.188327181,0.062574871,0.065180698,-1,62,1
K00988.02,Kepler-261 c,24.5708172,1.54e-05,0.0280271,0.0005665,2.2897636677113873,0.0742689,0.076683484,-1,25,1
K00991.01,Kepler-744 b,12.0622152,1.36e-05,0.0180419,0.00106,1.6963685664163308,0.1086627955062224,0.1086627955062224,-1,44,1
K01001.01,Kepler-264 b,40.8068456,2.04e-05,0.0158769,0.0003331,3.389122091031812,0.11747868010413913,0.12025408541903009,-1,19,1
K01050.01,Kepler-755 A b,1.2690914,1.5e-06,0.0184043,0.0004137,1.648136358744767,0.057645618,0.059197678738560994,-1,223,1
K01050.02,Kepler-755 A c,2.8531326,4.1e-06,0.0180074,0.0006731,1.6125932888759975,0.07416619,0.075327513,-1,101,1
K01060.01,Kepler-758 b,12.109695,1.76e-05,0.0159526,0.0005696,2.6413984977908784,0.13436521892807712,0.13813192774800678,-1,23,1
K01060.02,Kepler-758 c,4.7579609,1.34e-05,0.0096482,0.0005553,1.597528991285806,0.10864726179022242,0.11036158221255327,-1,57,1
K01060.03,Kepler-758 d,20.4966119,2.08e-05,0.0135719,0.0009471,2.247207118097866,0.17669595321619325,0.17878585070147002,-1,12,1
K01060.04,Kepler-758 e,8.193476,1.65e-05,0.0110422,0.0005953,1.8283446267258274,0.11876057482110372,0.12081330941060539,-1,34,1
K01102.03,Kepler-24 e,18.9985131,1.9e-05,0.019811,0.0012431,2.3424285863815246,0.17051439773704144,0.17161990742060124,-1,26,1
K01102.04,Kepler-24 d,4.2443758,1.2e-05,0.0126096,0.0008463,1.490943793995077,0.11419239390787385,0.11486137148641708,-1,108,1
K01127.02,Kepler-269 c,8.1281074,1.85e-05,0.0172411,0.0022512,3.071014272261331,0.46292217240717276,0.47969706207999635,-1,22,0
K01127.03,KOI-1127.03,2.8367038,1.61e-05,0.0120963,0.001456,2.1546136813518135,0.3059371988004981,0.3184038339168071,-1,65,0
K01198.01,Kepler-275 c,16.0883291,1.81e-05,0.023246,0.0011342,3.549825038804659,0.29054288,0.31126811391295406,-1,31,1
K01198.02,Kepler-275 b,10.3006578,1.89e-05,0.0135627,0.0012862,2.0711181301641557,0.23895878229282086,0.24768338504333046,-1,44,0
K01198.03,Kepler-275 d,35.6756965,2.01e-05,0.0157244,0.0018742,2.4012246769414087,0.3268203190771654,0.3354378711492895,-1,14,0
K01199.01,Kepler-786 b,53.5293481,1.97e-05,0.029212,0.0015939,2.255927970273279,0.14165181938912144,0.14325540809818876,-1,9,1
K01203.01,Kepler-276 c,31.8841536,1.96e-05,0.0241549,0.0011449,2.342273927,0.15862140939399666,0.16242693007159428,-1,14,1
K01203.02,Kepler-276 b,14.1284668,1.67e-05,0.022747,0.0011384,2.2057514217556955,0.1535205180012683,0.15700965860851734,-1,31,1
K01215.02,Kepler-277 c,33.0063104,1.98e-05,0.0161209,0.0007801,3.043806436874618,0.1680401695754269,0.16976099428769245,-1,9,1
K01270.01,Kepler-57 b,5.7293262,5.3e-06,0.035598,0.0024357,3.156798223891127,0.23524121388667826,0.23524121388667826,-1,114,1
K01279.01,Kepler-804 b,14.374592,1.71e-05,0.0172818,0.000687,1.98117286,0.094807845,0.095870064,-1,11,1
K01279.02,Kepler-804 c,9.6518512,1.92e-05,0.0083673,0.0010027,0.9592211271554223,0.11775515787200831,0.11795658857540246,-1,15,0
K01282.01,Kepler-805 b,30.8638889,1.86e-05,0.0150928,0.0004408,2.617565877988743,0.091014079,0.091014079,-2,15,1
K01306.01,Kepler-286 b,1.7963267,2.6e-06,0.0138188,0.0005579,1.290252696094448,0.12310458977377488,0.1397029587535907,-1,301,0
K01306.02,Kepler-286 c,3.4680771,9.6e-06,0.0132488,0.0007293,1.2370321532995718,0.1267790597119331,0.14171331983741406,-1,158,0
K01306.03,Kepler-286 d,5.9142931,1.36e-05,0.0134094,0.0008101,1.2520272746554617,0.13204627750547115,0.1467779086320432,-1,92,0
K01306.04,Kepler-286 e,29.2215132,1.92e-05,0.0184054,0.0011181,1.718500663783885,0.18157435553032852,0.20176144584553032,-1,19,0
K01353.02,Kepler-289 b,34.5438475,1.95e-05,0.0232759,0.0012832,2.5236175927345132,0.15292129801843807,0.15399239362243425,-1,12,1
K01364.01,Kepler-292 f,20.8342876,1.8e-05,0.0256397,0.0009735,2.2737052480785813,0.14577293658230164,0.15261437455255364,-1,21,1
K01364.02,Kepler-292 d,7.0556789,9.2e-06,0.023056,0.0008446,2.0445850848371774,0.12948459948978225,0.1357091291848838,-1,64,1
K01364.03,Kepler-292 e,11.978813,1.61e-05,0.0237118,0.0009293,2.102740831655195,0.13635069355683427,0.14260945990719698,-1,38,1
K01364.04,Kepler-292 c,3.7154564,6.5e-06,0.016603,0.0007948,1.4723389210423166,0.10369728965340369,0.10774567424972906,-1,122,1
K01364.05,Kepler-292 b,2.5808229,4.9e-06,0.0152323,0.0008736,1.3507864932236873,0.10426496219767552,0.10766466659892152,-1,177,1
K01445.01,Kepler-853 b,7.1689405,1.02e-05,0.0102591,0.0003373,1.6046824160141733,0.064398543,0.065046683,-1,44,1
K01486.02,Kepler-302 b,30.1836888,1.84e-05,0.0285895,0.0010565,3.2681239675138367,0.2021905975034355,0.20976809565789417,-1,9,1
K01529.02,Kepler-59 b,11.8691509,1.93e-05,0.0099335,0.0014283,1.4497365518101004,0.21269206380115238,0.21290997991091012,-1,31,0
K01537.01,KOI-1537.01,10.1915482,1.83e-05,0.009894,0.0005542,1.9155828608833352,0.11565704051397102,0.1160641623675289,-1,46,0
K01557.01,Kepler-304 b,3.295705,2.3e-06,0.0398516,0.0005356,2.8254641316379487,0.094868948,0.098867704,-1,90,1
K01557.02,Kepler-304 d,9.6534733,8.4e-06,0.0334888,0.000616,2.374343896,0.085115924,0.08827113,-1,31,1
K01557.03,Kepler-304 c,5.3159554,5.1e-06,0.0347268,0.0010818,2.462117651651746,0.10780522163674415,0.11049992382321838,-1,56,1
K01557.04,Kepler-304 e,1.4991499,1.8e-06,0.0156871,0.0006258,1.1122097576864582,0.056033401,0.057094511547747556,-1,192,1
K01563.01,Kepler-305 b,5.4871021,6.5e-06,0.0314396,0.0010513,2.644003765089917,0.14092254430769857,0.14360911420182734,-1,83,1
K01563.02,Kepler-305 c,8.2908801,1.22e-05,0.0280606,0.0011807,2.359837022439285,0.13947182110484033,0.14163799149714035,-1,56,1
K01563.03,Kepler-305 e,3.2054046,6.5e-06,0.0190858,0.0009711,1.6050753527320047,0.10539221641014185,0.10672031138253248,-1,143,1
K01563.04,Kepler-305 d,16.7386546,1.89e-05,0.0337772,0.0021504,2.840590973619103,0.21588048740960925,0.2179144246681189,-1,26,1
K01567.01,Kepler-306 c,7.240222,1.25e-05,0.0267876,0.0011626,2.2469366305137894,0.1291893211209618,0.13112433475436627,-1,19,1
K01567.02,Kepler-306 b,4.6462199,1.26e-05,0.0176042,0.0011532,1.476635526545523,0.11161374695414669,0.11258406606721119,-1,29,1
K01567.03,Kepler-306 d,17.3266887,1.99e-05,0.0244408,0.0012651,2.050087682325457,0.13129251842723424,0.1328798106173302,-1,8,1
K01567.04,Kepler-306 e,44.8412238,2.06e-05,0.0294356,0.0015662,2.4690501530988853,0.16102297114634048,0.16290062945888564,-1,4,1
K01598.01,Kepler-310 c,56.4761668,1.93e-05,0.0300511,0.0006912,2.750128671003904,0.09592451,0.09592451,-1,7,1
K01598.02,Kepler-310 d,92.8750347,1.99e-05,0.0232015,0.0007445,2.1232870131308696,0.087988289,0.087988289,-1,5,1
K01598.03,Kepler-310 b,13.9307264,1.78e-05,0.0132558,0.0010116,1.213105531481162,0.097889182,0.097889182,-1,21,1
K01621.01,Kepler-911 b,20.310505,1.96e-05,0.0122736,0.0006823,2.583806305,0.15329367297337348,0.15329367297337348,-2,16,1
K01692.01,Kepler-314 c,5.9604016,5.4e-06,0.0267866,0.0003383,2.5594837577209515,0.06678045,0.069351557,-1,28,1
K01781.02,Kepler-411 A b,3.0051591,1.6e-06,0.0252326,0.0003785,2.0311829584296266,0.060522141,0.062915471,-1,130,1
K01805.01,Kepler-319 c,6.9413615,5.1e-06,0.0309433,0.000589,2.8351536038005047,0.089085389,0.089085389,-1,66,1
K01805.02,Kepler-319 d,31.7821116,1.82e-05,0.023613,0.0005929,2.163521086844044,0.076659032,0.076659032,-1,15,1
K01805.03,Kepler-319 b,4.3627498,4e-06,0.0174442,0.0003883,1.5983100217306092,0.053501323126077464,0.053501323126077464,-1,103,1
K01832.01,Kepler-325 b,4.5444384,4.6e-06,0.0308119,0.0008215,2.7222886835107634,0.11102963878576813,0.1135941975428795,-1,58,1
K01832.02,Kepler-325 c,12.7622758,1.7e-05,0.0290377,0.0020911,2.5655348130164155,0.20100619119580088,0.2022748596659664,-1,20,1
K01832.03,Kepler-325 d,38.7146828,1.97e-05,0.0283083,0.001744,2.5010909661341154,0.17234072353825897,0.17374571772823413,-1,6,1
K01835.01,Kepler-326 c,4.5803454,4.4e-06,0.025928,0.0007142,3.0798359,0.1303650409862264,0.1325251879481727,-1,100,0
K01835.02,Kepler-326 b,2.2482898,2.1e-06,0.0229256,0.0005086,2.7231983149966292,0.10634841106313923,0.10841569169894505,-1,202,0
K01835.03,Kepler-326 d,6.7669017,7.4e-06,0.0242354,0.0010967,2.8787818178485756,0.1597839251549989,0.16132904525919922,-1,65,0
K01858.02,KOI-1858.02,86.0490555,1.98e-05,0.0109801,0.0071386,0.9485542107273326,0.6172554725933017,0.6173077571133035,-1,4,0
K01860.01,Kepler-416 b,6.3194311,6e-06,0.0218313,0.0005154,2.3693725769351377,0.085221596,0.087032163,-1,70,1
K01860.02,Kepler-416 c,12.2094579,1.47e-05,0.0215702,0.0006465,2.3410351357457553,0.09465023,0.096245143,-1,38,1
K01860.03,KOI-1860.03,3.0764456,5.7e-06,0.0140681,0.000563,1.526824804275568,0.073825018,0.074696993,-1,150,1
K01860.04,KOI-1860.04,24.8435116,2.04e-05,0.0138319,0.0015157,1.5011897847086122,0.16946915288098965,0.1698381258516477,-1,17,0
K01883.01,Kepler-997 b,2.7073109,3.7e-06,0.0073531,0.0002562,1.1870332029287718,0.069732826,0.069732826,-2,200,1
K01909.01,Kepler-334 c,12.7580269,1.05e-05,0.0129659,0.0002814,1.4128590416221132,0.044702721,0.045742117,-1,37,1
K01909.02,Kepler-334 b,5.4703378,7e-06,0.009776,0.0002957,1.065264269421928,0.040493686,0.041148274296529466,-1,83,1
K01909.03,Kepler-334 d,25.0985182,1.9e-05,0.0139955,0.000594,1.5250517678697417,0.073636491,0.074376498,-1,19,1
K01929.01,Kepler-337 c,9.6931544,1.07e-05,0.0113433,0.0002694,2.2221656485097445,0.077618407,0.079450752,-1,39,1
K01929.02,Kepler-337 b,3.2927651,5e-06,0.0085607,0.0002336,1.677051075718474,0.062763079,0.06405565,-1,115,1
K01930.01,Kepler-338 b,13.7270741,2.25e-05,0.012609,0.0003133,2.3862217675326507,0.12741418638981633,0.12741418638981608,-2,31,1
K01930.02,Kepler-338 c,24.3111474,2.04e-05,0.011522,0.0003317,2.1805097315815054,0.12066894992777641,0.12066894992777617,-2,20,1
K01930.03,Kepler-338 d,44.4301357,1.99e-05,0.0138357,0.0003447,2.6183716796773333,0.13989109845496175,0.13989109845496148,-2,10,1
K01930.04,Kepler-338 e,9.3414357,1.48e-05,0.0081421,0.0003276,1.5408720956005708,0.09564089,0.09564089,-2,47,1
K01931.01,Kepler-339 b,4.9776145,7.1e-06,0.0148656,0.0007035,1.2420580434173185,0.068757057,0.069612123,-1,94,1
K01931.02,Kepler-339 d,10.5583879,1.65e-05,0.0129565,0.0007471,1.0825479657421488,0.069736603,0.070378057,-1,41,1
K01931.03,Kepler-339 c,6.9880467,1.44e-05,0.011859,0.0006971,0.9908490970351671,0.06482486,0.065403044,-1,65,1
K01944.01,KOI-1944.01,12.1841689,1.18e-05,0.0223455,0.0008047,2.1497568487010237,0.094173413,0.095582245,-1,36,1
K01952.01,Kepler-341 c,8.0103942,1.59e-05,0.0156541,0.0007419,2.0233785113827003,0.11390483822464095,0.11483529895572493,-1,45,1
K01952.02,Kepler-341 d,27.6665925,1.92e-05,0.0164219,0.0009224,2.122620883734968,0.13554681929870127,0.13640807902499547,-1,12,1
K01952.03,Kepler-341 b,5.1955703,1.77e-05,0.0089477,0.0007225,1.1565394309669024,0.099777977,0.1001258222236264,-1,68,1
K01952.04,Kepler-341 e,42.4730564,1.97e-05,0.0155778,0.0010166,2.013516316787131,0.1449415152054775,0.14566676644472257,-1,8,1
K01955.01,Kepler-342 b,15.1702666,1.69e-05,0.0156119,0.0006106,2.3210382410576815,0.10676453551483923,0.10767058468547637,-1,11,1
K02007.01,Kepler-1050 b,15.3787535,1.92e-05,0.0113445,0.0006635,1.2349420536993778,0.077632509,0.07809464,-1,23,1
K02007.02,Kepler-1050 c,21.1284598,2.04e-05,0.0114218,0.0013891,1.243356793948041,0.1539059535036573,0.15414276834026458,-1,15,0
K02037.01,KOI-2037.01,73.7579281,1.95e-05,0.057898,0.0053496,4.648063531396498,0.45336524768955694,0.45542787758098036,-1,4,1
K02037.02,KOI-2037.02,5.477164,8.6e-06,0.0262567,0.0015,2.1078933594393314,0.13725934730437364,0.138656561,-1,65,1
K02037.03,KOI-2037.03,8.5626839,1.4e-05,0.0273151,0.0018754,2.1928619324751883,0.1654191729564679,0.16667550054274774,-1,41,1
K02038.03,Kepler-85 d,17.9133732,2.04e-05,0.0129526,0.0011155,1.2051376771232811,0.10963392497965856,0.1100972159456527,-1,27,1
K02038.04,Kepler-85 e,25.2152823,2.1e-05,0.0176514,0.001484,1.6423241043476897,0.14622393307749876,0.14686896995631007,-1,18,1
K02051.01,Kepler-355 c,25.7624589,1.97e-05,0.0230446,0.0009506,2.9484778228720154,0.17309855204406616,0.1785428555196936,-1,10,1
K02051.02,Kepler-355 b,11.0317323,2.07e-05,0.0124512,0.0012562,1.5930884922343644,0.17395891364306398,0.17555794975189679,-1,26,0
K02086.01,Kepler-60 b,7.1329538,9.4e-06,0.0128329,0.0004031,2.005864903888305,0.085226506,0.086175304,-1,63,1
K02086.03,Kepler-60 d,11.8984523,2.15e-05,0.0152232,0.0014968,2.379484185559963,0.24366358767519386,0.24413273887533735,-1,38,0
K02110.01,Kepler-1104 b,5.037286,8.8e-06,0.0091744,0.0006544,1.450029160082156,0.11241134545357054,0.11321027501702814,-1,104,1
K02148.01,Kepler-363 d,11.932081,1.81e-05,0.0121237,0.0005654,2.0933737565215345,0.1104119223667319,0.11103578306595703,-1,16,1
K02148.02,Kepler-363 c,7.5423348,1.89e-05,0.0104807,0.0006996,1.8096804053197664,0.12876358464016188,0.1291638716112775,-1,23,1
K02148.03,Kepler-363 b,3.6146107,1.56e-05,0.0073164,0.0008917,1.2633073857167496,0.15708222270491162,0.1572422909117238,-1,45,0
K02149.01,Kepler-1121 b,13.1514209,1.88e-05,0.0092909,0.0004272,1.4735092668694438,0.076010869,0.076475593,-1,20,1
K02173.01,Kepler-367 b,37.8156146,1.88e-05,0.0141785,0.0007172,1.081030986116555,0.061360497659894445,0.061360497659894445,-1,12,1
K02173.02,Kepler-367 c,53.5778402,1.94e-05,0.0156561,0.000668,1.1936896866198397,0.059488362,0.059488362,-1,9,1
K02218.01,Kepler-373 b,5.5353269,8.5e-06,0.016469,0.000665,2.3819982213825437,0.12336022050610607,0.1244929354157174,-1,80,1
K02218.02,Kepler-373 c,16.7260716,1.93e-05,0.0174314,0.0038858,2.521195203,0.5679393195066856,0.5682161458313518,-1,25,0
K02290.01,KOI-2290.01,91.5009228,2.04e-05,0.0233174,0.0019904,1.721866476985309,0.15472068975472714,0.15472068975472714,-1,3,1
K02339.01,Kepler-1197 b,2.0323259,7e-06,0.014935,0.0019615,1.096354416440633,0.1479987171944553,0.1479987171944553,-1,59,0
K02390.01,Kepler-1219 b,16.1046721,1.98e-05,0.0120173,0.0010919,3.512953298756683,0.4574600253097864,0.4574600253097864,-2,15,0
K02414.01,Kepler-384 b,22.5965974,1.99e-05,0.011575,0.0005797,2.0415578883209737,0.11460252733767091,0.11517832198049655,-1,19,1
K02414.02,Kepler-384 c,45.3485272,1.97e-05,0.0157402,0.0012032,2.7762012504319467,0.22358618156213173,0.22413263680196666,-1,10,1
K02433.01,Kepler-385 c,15.1622529,1.68e-05,0.0234801,0.0010218,2.7916252600774527,0.17283342049338346,0.1783802683978892,-1,24,1
K02433.02,Kepler-385 b,10.0437713,1.84e-05,0.0189066,0.000989,2.2478670083253633,0.15370452578811244,0.15775994880285327,-1,40,1
K02433.03,Kepler-385 d,56.4147421,1.95e-05,0.0160477,0.0036914,1.907963112854926,0.4468526535443103,0.4478697335050831,-1,6,0
K02433.04,KOI-2433.04,27.9038797,1.99e-05,0.0165098,0.0020718,1.9629036809394649,0.26104955443767586,0.2628878782154809,-1,15,0
K02433.06,KOI-2433.06,6.0632985,1.76e-05,0.0135877,0.0017208,1.6154857324438314,0.21660718485348918,0.21810792317749014,-1,60,0
K02433.07,KOI-2433.07,86.4322169,2.03e-05,0.0118241,0.0046381,1.405805607202772,0.554902858,0.5553478303996289,-1,5,0
K02462.01,KOI-2462.01,12.1469266,1.58e-05,0.0079382,0.0003434,1.4806377785547418,0.072815672,0.072815672,-2,39,1
K02533.01,Kepler-1270 b,6.0335549,2.09e-05,0.0074213,0.0005989,2.4357508059908124,0.20852904808092015,0.20963223771147513,-1,50,1
K02533.03,KOI-2533.03,26.1152898,1.94e-05,0.0122194,0.001088,4.010539042852888,0.3750393722460956,0.3767030328471541,-1,11,1
K02545.01,Kepler-1274 b,6.9815249,1.75e-05,0.0057666,0.0003525,1.3586395665166744,0.086778177,0.086778177,-2,56,1
K02595.01,Kepler-393 b,9.1824862,1.61e-05,0.0089413,0.0004998,1.4629268300904656,0.089780743,0.090187707,-1,41,1
K02595.02,Kepler-393 c,14.6134202,1.97e-05,0.0081037,0.0006175,1.3258832779354355,0.10646918091959282,0.10675133725050903,-1,25,1
K02597.01,Kepler-394 b,8.0050644,1.5e-05,0.0140529,0.0007341,1.5221094545852212,0.095919163,0.09678485,-1,58,1
K02597.02,Kepler-394 c,12.130657,1.69e-05,0.0152942,0.0008927,1.6565581780498895,0.11295269945825832,0.11382401363655581,-1,36,1
K02597.03,KOI-2597.03,5.613583,1.41e-05,0.0114361,0.0008671,1.2386764250497797,0.10356995522502736,0.10410193837032503,-1,80,1
K02632.01,Kepler-1298 b,7.1281236,1.59e-05,0.0066062,0.0005045,1.5564534915413681,0.12912241664009044,0.12912241664009033,-2,43,1
K02639.01,KOI-2639.01,25.1080599,2.02e-05,0.0191165,0.0082877,3.6949007567457395,1.6216221789235297,1.6264197839444214,-1,11,0
K02678.01,Kepler-1313 b,3.83309,3.2e-06,0.0222444,0.0008099,1.9095283369592826,0.082103951,0.083419914,-1,70,1
K02706.01,KOI-2706.01,3.0975868,2.7e-06,0.0088241,0.0003409,1.7902514931092335,0.10350101452050874,0.10350101452050857,-2,100,1
K03097.01,Kepler-431 d,11.9216252,2.05e-05,0.0053683,0.0007059,0.9392297081011588,0.12528929129343055,0.12538913962366283,-1,23,0
K03165.01,KOI-3165.01,4.1175579,1.17e-05,0.0059901,0.0003735,1.1852283598532478,0.077756003,0.077961617,-1,52,1
K03168.01,KOI-3168.01,56.3481086,2.18e-05,0.0068121,0.0006266,1.1517106745739325,0.11801795023366622,0.11801795023366622,-2,4,0
K03197.01,KOI-3197.01,22.5992117,2.02e-05,0.0084665,0.0051937,1.0130741165629262,0.621890113,0.621890113,-1,10,0
