KOI,rs_f18,e_rs_f18,E_rs_f18,ms_f18,e_ms_f18,E_ms_f18,teff_f18,e_teff_f18,E_teff_f18,FeH_f18,FeH_err_f18,Ksmag_f18,rs_v18,e_rs_v18,E_rs_v18,ms_v18,e_ms_v18,E_ms_v18,teff_v18,e_teff_v18,E_teff_v18,FeH_v18,FeH_err_v18,Ksmag_v18,age,e_age,E_age,RCF,rhos,rhos_err,u0,u0_err,u1,u1_err 
K00041.01,1.526,0.033,0.034,1.097,0.03,0.072,5854,60,60,0.1,0.04,9.768,1.51,0.01,0.01,1.11,0.02,0.02,5902.77,66.37,53.27,0.1,0.09,11.197,6.918,0.796,1.912,1.0083,0.312793,0.0149111,0.4638083,0.0837977,0.1709975,0.1063173
K00046.02,1.655,0.045,0.047,1.244,0.094,0.033,5661,60,60,0.39,0.04,12.011,0,0,0,0,0,0,0,0,0,0,0,0,5.248,1.692,0.725,1,0.2789766,0.0254194,0.5176641,0.1788152,0.2699539,0.1579211
K00049.01,1.289,0.031,0.032,0.948,0.025,0.027,5779,60,60,-0.06,0.04,11.917,0,0,0,0,0,0,0,0,0,0,0,0,10.471,1.206,1.206,1,0.4411151,0.0205916,0.3437061,0.1193838,0.2490598,0.1328949
K00069.01,0.941,0.022,0.022,0.874,0.026,0.034,5594,60,60,-0.09,0.04,8.37,0.91,0.02,0.02,0.89,0.07,0.07,5669,75,75,-0.18,0.1,9.931,9.12,2.1,2.94,1,1.0444974,0.0550651,0.444918,0.0439955,0.159423,0.0633724
K00070.01,0.88,0.02,0.021,0.942,0.026,0.02,5508,60,60,0.11,0.04,10.871,0,0,0,0,0,0,0,0,0,0,0,0,3.09,1.565,1.992,1.0054,1.3905407,0.0522615,0.4510074,0.0449635,0.2446901,0.0665025
K00072.02,1.083,0.025,0.026,0.871,0.011,0.018,5599,60,60,-0.11,0.04,9.496,1.07,0.01,0.01,0.92,0.02,0.01,5678.29,49.46,55.21,-0.1,0.06,10.961,12.882,0.89,1.483,1.0005,0.6899136,0.0192652,0.3791984,0.1013401,0.2436402,0.1290627
K00082.01,0.724,0.018,0.018,0.803,0.021,0.009,4909,60,60,0.11,0.04,9.351,0,0,0,0,0,0,0,0,0,0,0,0,1.072,1.579,0.888,1,2.0394188,0.054638,0.619607,0.0564855,0.0920255,0.0668249
K00085.01,1.443,0.032,0.033,1.249,0.03,0.01,6220,60,60,0.13,0.04,9.806,1.4,0.01,0.01,1.2,0.03,0.03,6193.44,52.09,42.69,0.15,0.08,11.018,2.951,0.408,0.34,1.0001,0.4282639,0.0190558,0.3302998,0.0569683,0.2536132,0.0726667
K00092.01,1.064,0.024,0.024,1.08,0.046,0.029,5923,60,60,0.09,0.04,10.3,1.05,0.03,0.03,1.08,0.11,0.11,5952,119,119,0.02,0.15,11.667,2.344,1.403,1.349,1,0.8937905,0.0487675,0.4128326,0.1245204,0.2565623,0.1317457
K00094.02,1.368,0.032,0.033,1.177,0.024,0.032,6181,60,60,0.07,0.04,10.926,0,0,0,0,0,0,0,0,0,0,0,0,3.467,0.559,0.639,1,0.4622847,0.0209949,0.3260709,0.1093416,0.3740115,0.1559331
K00102.01,1.105,0.032,0.033,1.084,0.037,0.033,5759,60,60,0.24,0.04,11.055,0,0,0,0,0,0,0,0,0,0,0,0,3.467,1.437,2.235,1.1844,0.8861754,0.0480469,0.467054,0.0392265,0.1484551,0.0592468
K00104.01,0.745,0.019,0.02,0.815,0.022,0.012,4728,60,60,0.32,0.04,10.594,0,0,0,0,0,0,0,0,0,0,0,0,3.02,2.434,4.311,1,2.083552,0.0551754,0.6216751,0.0509999,0.0747586,0.0581352
K00105.01,1.069,0.026,0.027,0.822,0.006,0.008,5567,60,60,-0.35,0.04,11.209,0,0,0,0,0,0,0,0,0,0,0,0,13.49,0.311,0.621,1.0004,0.7522829,0.0199231,0.3523625,0.0954135,0.2585351,0.1242763
K00107.01,1.598,0.04,0.042,1.262,0.047,0.021,5920,60,60,0.26,0.04,11.338,1.6,0.04,0.04,1.2,0.08,0.08,5862,97,97,0.27,0.11,12.702,4.074,0.938,0.469,1.0073,0.3118884,0.0206729,0.41489,0.0919395,0.2211489,0.1312823
K00108.01,1.487,0.036,0.037,1.134,0.047,0.043,5886,60,60,0.13,0.04,10.873,1.45,0.01,0.01,1.1,0.03,0.02,5889.04,70.97,75.58,0.1,0.09,12.287,5.888,1.085,1.085,1.001,0.3529637,0.0195066,0.3557835,0.1198369,0.2519405,0.1276019
K00110.01,1.23,0.029,0.03,1.048,0.028,0.03,6207,60,60,-0.16,0.04,11.456,0,0,0,0,0,0,0,0,0,0,0,0,4.898,0.789,1.015,1,0.5631649,0.0309569,0.3302787,0.1084317,0.3712929,0.1429725
K00111.01,1.051,0.025,0.026,0.818,0.008,0.013,5760,60,60,-0.42,0.04,11.209,0,0,0,0,0,0,0,0,0,0,0,0,13.183,0.607,0.911,1.0013,0.7315785,0.0247189,0.4360363,0.070724,0.2025551,0.0973849
K00112.01,0.936,0.071,0.082,0.979,0.033,0.027,5805,60,60,-0.03,0.04,11.367,0,0,0,0,0,0,0,0,0,0,0,0,3.162,2.112,3.495,1.0971,1.092702,0.1877359,0.2895835,0.1081645,0.2891621,0.1483732
K00115.01,1.026,0.024,0.025,0.991,0.033,0.032,5933,60,60,-0.09,0.04,11.503,0,0,0,0,0,0,0,0,0,0,0,0,4.266,1.375,1.964,1.0002,0.9253074,0.061108,0.2809889,0.1211615,0.3479065,0.1461083
K00116.01,1.046,0.027,0.027,0.959,0.033,0.034,5860,60,60,-0.09,0.04,11.431,0,0,0,0,0,0,0,0,0,0,0,0,6.026,1.665,2.081,1.0001,0.8991473,0.0579004,0.4537572,0.1226016,0.254561,0.1453848
K00117.01,1.439,0.034,0.035,1.215,0.025,0.024,5866,60,60,0.32,0.04,11.06,1.41,0.05,0.05,1.14,0.07,0.07,5851,75,75,0.27,0.1,12.487,4.266,0.688,0.589,1,0.4042188,0.0151193,0.4030889,0.0908995,0.3093613,0.1245977
K00118.01,1.407,0.035,0.035,1.02,0.026,0.029,5764,60,60,0.07,0.04,10.897,1.36,0.04,0.04,1.01,0.07,0.07,5747,85,85,0.03,0.1,12.377,8.913,1.026,1.026,1.0059,0.3808658,0.0197568,0.3946706,0.1210353,0.2164197,0.1307516
K00122.01,1.407,0.036,0.037,1.075,0.029,0.049,5654,60,60,0.27,0.04,10.801,1.45,0.04,0.04,1.12,0.08,0.08,5699,74,74,0.3,0.1,12.346,8.318,1.149,1.915,1,0.3938632,0.0242802,0.381023,0.0730654,0.2178576,0.1040494
K00123.01,1.342,0.032,0.033,1.025,0.028,0.031,5917,60,60,-0.02,0.04,11.001,1.34,0.02,0.02,1.07,0.04,0.04,5969.16,63.76,63.9,-0.06,0.08,12.365,7.586,1.048,1.048,1,0.4401372,0.0192038,0.3433971,0.0889676,0.2536669,0.1084972
K00124.01,1.234,0.031,0.032,0.989,0.028,0.029,5956,60,60,-0.1,0.04,11.623,0,0,0,0,0,0,0,0,0,0,0,0,7.586,1.048,1.223,1,0.5327333,0.0287037,0.3207478,0.1249438,0.2279374,0.1246695
K00137.03,0.904,0.022,0.023,0.983,0.024,0.026,5441,60,60,0.28,0.04,11.756,0,0,0,0,0,0,0,0,0,0,0,0,2.042,1.316,3.432,1,1.3324062,0.0491089,0.5108146,0.1186895,0.2461091,0.1407624
K00139.02,1.105,0.027,0.028,1.125,0.032,0.034,5905,60,60,0.22,0.04,12.11,0,0,0,0,0,0,0,0,0,0,0,0,2.291,0.844,2.163,1,0.8237441,0.0431045,0.4531411,0.1263955,0.3247679,0.1598148
K00144.01,0.775,0.02,0.02,0.857,0.021,0.015,4932,60,60,0.28,0.04,11.461,0,0,0,0,0,0,0,0,0,0,0,0,2.138,1.92,2.806,1.0003,1.7940215,0.0568809,0.6099578,0.0478139,0.1139568,0.0748538
K00148.01,0.836,0.021,0.022,0.916,0.02,0.013,5235,60,60,0.26,0.04,11.221,0,0,0,0,0,0,0,0,0,0,0,0,2.692,1.549,1.487,1.0037,1.5433379,0.0434795,0.4171657,0.0681394,0.4820704,0.1119686
K00150.01,0.906,0.022,0.023,0.782,0.009,0.013,5501,60,60,-0.4,0.04,12.155,0,0,0,0,0,0,0,0,0,0,0,0,12.882,0.593,1.483,1.0015,1.1656781,0.0302013,0.3716727,0.0796958,0.2328551,0.1129229
K00153.01,0.745,0.02,0.021,0.792,0.029,0.018,4791,60,60,0.13,0.04,11.255,0,0,0,0,0,0,0,0,0,0,0,0,4.677,3.339,4.954,1,1.9350503,0.0843239,0.5446159,0.075623,0.1747944,0.1034216
K00157.02,1.086,0.026,0.027,0.986,0.033,0.034,5763,60,60,0.05,0.04,12.18,0,0,0,0,0,0,0,0,0,0,0,0,6.457,1.635,2.081,1.0034,0.8334166,0.0512365,0.3424261,0.0890869,0.5909977,0.1384827
K00159.01,1.13,0.027,0.028,1.042,0.034,0.03,6000,60,60,-0.02,0.04,11.97,0,0,0,0,0,0,0,0,0,0,0,0,4.169,1.152,1.536,1,0.7671614,0.0401462,0.4018111,0.1157287,0.2995449,0.155436
K00161.01,0.781,0.02,0.021,0.877,0.02,0.007,4995,60,60,0.34,0.04,11.241,0,0,0,0,0,0,0,0,0,0,0,0,0.933,1.246,0.43,1.0023,1.7982487,0.0357491,0.5280224,0.0747906,0.1350071,0.0906226
K00167.01,1.412,0.035,0.036,1.204,0.021,0.029,6231,60,60,0.06,0.04,12.065,0,0,0,0,0,0,0,0,0,0,0,0,3.236,0.373,0.596,1,0.4315999,0.0208056,0.4058475,0.0914917,0.1728663,0.113877
K00168.02,1.491,0.038,0.039,0.99,0.023,0.024,5823,60,60,-0.09,0.04,11.998,1.55,0.05,0.05,1.08,0.08,0.08,5828,100,100,-0.05,0.1,13.438,9.12,0.84,0.84,1,0.3003028,0.014987,0.2728231,0.1272992,0.1775348,0.1208614
K00171.01,1.38,0.036,0.038,1.198,0.029,0.019,6220,60,60,0.07,0.04,12.383,0,0,0,0,0,0,0,0,0,0,0,0,3.162,0.583,0.437,1,0.4742,0.025356,0.4026782,0.1080775,0.1904347,0.1164898
K00172.01,1.205,0.031,0.032,0.866,0.01,0.012,5630,60,60,-0.22,0.04,12.234,0,0,0,0,0,0,0,0,0,0,0,0,13.183,0.304,0.607,1,0.5310467,0.0208355,0.5453603,0.1166276,0.2990617,0.1661331
K00173.01,1.234,0.034,0.035,0.936,0.024,0.027,5676,60,60,0.01,0.04,12.383,0,0,0,0,0,0,0,0,0,0,0,0,11.22,1.292,1.55,1,0.512129,0.0283796,0.4474889,0.1070676,0.1904163,0.1266063
K00174.01,0.791,0.021,0.022,0.719,0,0.003,4734,60,60,-0.27,0.04,11.536,0,0,0,0,0,0,0,0,0,0,0,0,13.804,0,0.636,1.0087,1.8002737,0.0053672,0.5119181,0.1278015,0.146341,0.1054253
K00176.01,1.327,0.032,0.033,1.076,0.03,0.028,6319,60,60,-0.21,0.04,12.222,0,0,0,0,0,0,0,0,0,0,0,0,4.677,0.646,0.754,1,0.4613592,0.0205055,0.3409538,0.1186779,0.2517987,0.1426613
K00180.01,0.885,0.021,0.021,0.974,0.034,0.017,5652,60,60,0.06,0.04,11.482,0,0,0,0,0,0,0,0,0,0,0,0,0.741,1.041,0.751,1,1.390621,0.0482096,0.4550782,0.0941388,0.2336739,0.1308806
K00191.02,0.908,0.033,0.034,0.932,0.033,0.029,5456,60,60,0.11,0.04,13.25,0,0,0,0,0,0,0,0,0,0,0,0,4.677,2.369,3.662,1.034,1.2935124,0.0995238,0.5378215,0.116943,0.2770921,0.1481921
K00232.02,1.239,0.037,0.038,0.982,0.029,0.028,5917,60,60,-0.08,0.04,12.826,0,0,0,0,0,0,0,0,0,0,0,0,7.943,1.097,1.28,1,0.5464958,0.0344451,0.4562988,0.1100878,0.5203294,0.1605789
K00238.01,1.318,0.04,0.041,1.079,0.03,0.029,6154,60,60,-0.08,0.04,12.655,0,0,0,0,0,0,0,0,0,0,0,0,5.012,0.808,0.923,1.0069,0.4941312,0.0346402,0.4879271,0.145543,0.3336241,0.1607308
K00245.01,0.786,0.018,0.018,0.787,0.029,0.037,5348,60,60,-0.25,0.04,7.942,0.77,0.01,0.01,0.81,0.01,0.02,5429.68,46.73,62.91,-0.29,0.06,9.705,8.318,2.873,5.746,1,1.6778072,0.0914445,0.4577718,0.0699403,0.1800539,0.085634
K00246.01,1.252,0.029,0.03,1.042,0.03,0.033,5789,60,60,0.14,0.04,8.588,1.24,0.01,0.01,1.07,0.02,0.01,5834.7,43.16,25.74,0.17,0.05,9.997,7.413,1.195,1.366,1,0.5433485,0.0246836,0.4140782,0.0624581,0.2017149,0.0789052
K00257.01,1.193,0.026,0.026,1.156,0.018,0.04,6163,60,60,0.1,0.04,9.617,1.2,0.03,0.03,1.23,0.1,0.1,6184,81,81,0.12,0.1,10.868,2.138,0.64,1.378,1.0001,0.6927908,0.0290651,0.3524109,0.1079964,0.1880013,0.1045497
K00260.01,1.395,0.029,0.029,1.108,0.042,0.023,6270,60,60,-0.16,0.04,9.344,1.34,0.02,0.02,1.15,0.05,0.05,6286.3,76.51,64.06,-0.15,0.08,10.5,4.571,0.842,0.526,1,0.4009458,0.0141804,0.3448503,0.1140884,0.29412,0.1367193
K00261.01,0.943,0.021,0.022,1.013,0.029,0.014,5751,60,60,0.1,0.04,8.868,0.94,0.03,0.03,1.03,0.1,0.1,5690,77,77,0.04,0.07,10.297,1.778,1.146,0.86,1,1.1877993,0.036134,0.4179775,0.0946484,0.1304369,0.0933253
K00265.01,1.279,0.029,0.03,1.144,0.031,0.024,6030,60,60,0.14,0.04,10.665,0,0,0,0,0,0,0,0,0,0,0,0,3.89,0.806,0.896,1,0.560302,0.0245404,0.53442,0.1447372,0.3513875,0.1688797
K00269.01,1.432,0.03,0.03,1.173,0.03,0.027,6302,60,60,-0.07,0.04,9.754,1.45,0.02,0.02,1.33,0.08,0.08,6463,110,110,0.09,0.11,10.927,3.715,0.513,0.513,1.0002,0.398938,0.0146022,0.3149668,0.1168251,0.3548424,0.1495083
K00271.01,1.383,0.031,0.032,1.248,0.022,0.014,6125,60,60,0.24,0.04,10.234,1.36,0.03,0.03,1.24,0.09,0.09,6106,106,106,0.33,0.1,11.485,2.692,0.496,0.372,1,0.4815823,0.0148348,0.3232856,0.1181373,0.2566029,0.1282331
K00273.01,1.071,0.025,0.025,1.06,0.033,0.017,5678,60,60,0.28,0.04,9.968,1.1,0.03,0.03,1.15,0.11,0.11,5739,75,75,0.35,0.1,11.457,4.365,1.407,1.407,1,0.8610852,0.0392404,0.4604617,0.1320265,0.2138583,0.1185256
K00275.01,1.636,0.04,0.041,1.235,0.083,0.026,5808,60,60,0.26,0.04,10.252,1.65,0.01,0.01,1.16,0.03,0.03,5822.05,66.75,65.06,0.35,0.08,11.696,5.012,1.385,0.692,1,0.2824882,0.0148895,0.4301253,0.1284626,0.2399544,0.1423632
K00276.01,1.19,0.03,0.031,1.018,0.028,0.031,5952,60,60,-0.02,0.04,10.483,1.19,0.02,0.02,1.05,0.07,0.07,5982,82,82,-0.02,0.1,11.854,6.31,1.162,1.308,1,0.6149489,0.0326078,0.3562607,0.1104673,0.2215658,0.1243127
K00279.02,1.611,0.037,0.038,1.334,0.022,0.023,6298,60,60,0.17,0.04,10.429,1.57,0.08,0.08,1.35,0.08,0.08,6215,89,89,0.28,0.1,11.684,2.57,0.237,0.296,1.0242,0.3320077,0.0149472,0.385422,0.110388,0.3004659,0.1378305
K00280.01,1.052,0.023,0.023,0.922,0.029,0.029,6002,60,60,-0.27,0.04,9.785,1.04,0.02,0.02,1.03,0.09,0.09,6134,91,91,-0.24,0.1,11.072,7.244,1.334,1.668,1,0.7935802,0.038937,0.312079,0.1203819,0.2921257,0.1170187
K00281.01,1.455,0.036,0.037,0.861,0.01,0.015,5700,60,60,-0.36,0.04,10.446,1.38,0.04,0.04,0.81,0.11,0.11,5622,106,106,-0.4,0.11,11.947,13.183,0.607,0.607,1,0.2900848,0.0098554,0.4051068,0.0984956,0.2361146,0.1322023
K00282.02,1.138,0.026,0.027,0.927,0.028,0.028,5887,60,60,-0.16,0.04,10.49,1.13,0.03,0.03,0.93,0.06,0.06,5884,75,75,-0.22,0.1,11.529,9.12,1.47,1.47,1,0.6309433,0.029289,0.3920653,0.1607676,0.2907456,0.1584456
K00283.01,0.999,0.023,0.023,1.076,0.033,0.019,5787,60,60,0.19,0.04,10.079,0,0,0,0,0,0,0,0,0,0,0,0,1.023,0.99,1.225,1,1.0804406,0.0465131,0.4271378,0.1245701,0.2186472,0.1262076
K00284.01,1.038,0.083,0.097,0.929,0.033,0.035,5910,60,60,-0.2,0.04,10.424,0,0,0,0,0,0,0,0,0,0,0,0,6.457,2.23,4.46,1.2885,1.0938702,0.201495,0.4554411,0.1228946,0.4380252,0.1555528
K00285.01,1.763,0.042,0.044,1.29,0.089,0.03,5946,60,60,0.19,0.04,10.403,1.72,0.01,0.01,1.21,0.03,0.02,5951.55,69.2,76.23,0.3,0.07,11.565,3.981,1.192,0.458,1.0019,0.2468566,0.015094,0.341985,0.1104027,0.2807502,0.1322963
K00291.01,1.615,0.058,0.06,1.177,0.057,0.061,5712,60,60,0.29,0.04,11.32,0,0,0,0,0,0,0,0,0,0,0,0,6.026,1.249,1.249,1.1649,0.2933199,0.0300308,0.582382,0.157244,0.3146313,0.162502
K00292.01,0.98,0.025,0.025,0.901,0.031,0.035,5773,60,60,-0.15,0.04,11.345,0,0,0,0,0,0,0,0,0,0,0,0,7.762,1.966,2.502,1.0291,0.9691471,0.0514755,0.4086373,0.0981348,0.2268374,0.1301818
K00294.01,1.134,0.027,0.028,1.1,0.038,0.029,6051,60,60,0.04,0.04,11.315,0,0,0,0,0,0,0,0,0,0,0,0,2.63,1.03,1.332,1.0054,0.7746556,0.0388752,0.3336554,0.1710379,0.2734165,0.165017
K00295.01,0.969,0.022,0.023,0.956,0.033,0.032,5918,60,60,-0.17,0.04,10.951,0,0,0,0,0,0,0,0,0,0,0,0,4.169,1.536,2.112,1,1.0511779,0.0584943,0.315134,0.1268142,0.2485241,0.1419405
K00296.01,1.079,0.027,0.028,0.9,0.025,0.028,5748,60,60,-0.11,0.04,11.469,0,0,0,0,0,0,0,0,0,0,0,0,10.471,1.447,1.929,1,0.7194677,0.0391376,0.3266013,0.1332825,0.2227454,0.1353109
K00297.01,1.323,0.031,0.032,1.176,0.023,0.036,6155,60,60,0.11,0.04,10.875,0,0,0,0,0,0,0,0,0,0,0,0,3.388,0.546,0.936,1,0.5013048,0.0241544,0.2754986,0.1319821,0.2566861,0.1435483
K00299.01,0.91,0.022,0.022,1.001,0.03,0.013,5567,60,60,0.2,0.04,11.253,0,0,0,0,0,0,0,0,0,0,0,0,0.955,1.143,0.902,1.0001,1.3342721,0.0435518,0.3613744,0.0933543,0.326725,0.1265156
K00304.01,0.922,0.022,0.022,0.94,0.038,0.032,5802,60,60,-0.14,0.04,11.109,0,0,0,0,0,0,0,0,0,0,0,0,3.715,1.797,3.165,1,1.2289626,0.072899,0.2861317,0.1203945,0.2026685,0.1132436
K00305.01,0.737,0.019,0.02,0.82,0.017,0.006,4852,60,60,0.23,0.04,10.757,0,0,0,0,0,0,0,0,0,0,0,0,1.95,1.347,1.616,1,1.9500701,0.0481041,0.6046184,0.0770547,0.1437271,0.1047173
K00306.01,0.823,0.02,0.021,0.912,0.015,0.014,5347,60,60,0.18,0.04,10.761,0,0,0,0,0,0,0,0,0,0,0,0,1.905,1.185,1.843,1.0181,1.5823219,0.0405001,0.5082195,0.1087976,0.2540181,0.1349812
K00307.01,1.673,0.147,0.176,1.078,0.039,0.048,6009,60,60,-0.09,0.04,11.488,0,0,0,0,0,0,0,0,0,0,0,0,6.457,0.743,0.892,1.3382,0.3159156,0.0563746,0.3414618,0.1444927,0.2282536,0.1268763
K00313.01,0.851,0.02,0.021,0.85,0.026,0.032,5237,60,60,0.05,0.04,11.165,0,0,0,0,0,0,0,0,0,0,0,0,8.128,2.62,3.93,1,1.4057904,0.0776127,0.5174281,0.0901439,0.1286591,0.0971768
K00316.01,1.045,0.025,0.026,1.078,0.034,0.028,5630,60,60,0.35,0.04,11.167,0,0,0,0,0,0,0,0,0,0,0,0,2.818,1.493,2.142,1,0.9744859,0.0477005,0.4285946,0.0802187,0.1509494,0.096389
K00317.01,1.632,0.043,0.045,1.355,0.019,0.03,6563,60,60,0.06,0.04,11.67,0,0,0,0,0,0,0,0,0,0,0,0,1.95,0.224,0.269,1.0064,0.3308144,0.0200658,0.273186,0.0967371,0.2474599,0.1265813
K00321.01,1.066,0.026,0.026,1.055,0.032,0.028,5656,60,60,0.28,0.04,10.97,0,0,0,0,0,0,0,0,0,0,0,0,4.266,1.473,1.964,1,0.8863747,0.0502246,0.5045764,0.0814578,0.1602646,0.11055
K00323.01,0.803,0.019,0.019,0.914,0.015,0.004,5529,60,60,0.1,0.04,10.827,0,0,0,0,0,0,0,0,0,0,0,0,0.676,0.701,0.171,1,1.6398074,0.0293506,0.4057724,0.1202828,0.2103553,0.1306298
K00343.01,1.101,0.026,0.027,0.978,0.031,0.035,5759,60,60,0.05,0.04,11.762,0,0,0,0,0,0,0,0,0,0,0,0,7.586,1.572,1.921,1,0.749175,0.0379564,0.4361102,0.0981334,0.2793034,0.1314209
K00351.03,1.185,0.03,0.031,1.108,0.033,0.035,6015,60,60,0.1,0.04,12.482,0,0,0,0,0,0,0,0,0,0,0,0,3.548,0.98,1.307,1,0.6805503,0.0343153,0.4910686,0.1306717,0.3336266,0.1719178
K00365.01,0.862,0.02,0.02,0.881,0.035,0.029,5498,60,60,-0.08,0.04,9.645,0,0,0,0,0,0,0,0,0,0,0,0,5.37,2.349,3.091,1,1.3944715,0.0717391,0.4551585,0.1000796,0.1754955,0.1185382
K00370.02,1.871,0.047,0.048,1.31,0.097,0.028,6110,60,60,0.06,0.04,10.628,1.89,0.01,0.01,1.42,0.03,0.03,6227.7,72.48,85.43,0.2,0.07,11.931,3.467,1.038,0.399,1.0001,0.2012576,0.0150902,0.3609864,0.1560177,0.2554924,0.1439548
K00377.03,0.971,0.024,0.025,1.024,0.029,0.024,5788,60,60,0.08,0.04,12.337,0,0,0,0,0,0,0,0,0,0,0,0,1.778,1.106,2.006,1.0008,1.1550032,0.0508669,0.2666313,0.1141175,0.2704694,0.1351789
K00379.02,2.597,0.075,0.077,1.616,0.054,0.021,6176,60,60,0.17,0.04,11.517,0,0,0,0,0,0,0,0,0,0,0,0,1.95,0.269,0.135,1.1702,0.1003313,0.0102546,0.4200068,0.1888971,0.2997044,0.1742531
K00384.01,2.086,0.054,0.056,1.384,0.107,0.029,6178,60,60,0.04,0.04,11.733,0,0,0,0,0,0,0,0,0,0,0,0,2.884,0.863,0.332,1,0.1604936,0.0098069,0.3351038,0.154048,0.2583014,0.1466033
K00386.01,1.021,0.026,0.027,1.079,0.024,0.018,6001,60,60,0.08,0.04,12.475,0,0,0,0,0,0,0,0,0,0,0,0,0.912,0.651,0.903,1,1.0427971,0.0340521,0.3893743,0.1474737,0.3008275,0.1531705
K00408.01,0.863,0.027,0.028,0.956,0.021,0.018,5588,60,60,0.12,0.04,13.367,0,0,0,0,0,0,0,0,0,0,0,0,1.738,1.12,1.561,1,1.4098775,0.0653997,0.4918664,0.0963817,0.1931563,0.1265014
K00416.01,0.748,0.019,0.02,0.779,0.03,0.029,5065,60,60,-0.12,0.04,12.301,0,0,0,0,0,0,0,0,0,0,0,0,5.888,3.39,6.101,1,1.8663781,0.0939088,0.5049807,0.1001728,0.1625246,0.1112653
K00435.03,1.05,0.032,0.033,0.933,0.03,0.032,5666,60,60,0.02,0.04,12.986,0,0,0,0,0,0,0,0,0,0,0,0,8.913,1.847,2.257,1,0.8364986,0.0600685,0.4084714,0.1456808,0.2777422,0.1555186
K00440.01,0.797,0.021,0.022,0.864,0.027,0.025,5078,60,60,0.17,0.04,12.155,0,0,0,0,0,0,0,0,0,0,0,0,3.388,2.341,4.213,1.0023,1.6912748,0.0772062,0.4250341,0.1276948,0.1249405,0.0980215
K00446.01,0.639,0.018,0.018,0.652,0.015,0.019,4618,60,60,-0.3,0.04,12.057,0,0,0,0,0,0,0,0,0,0,0,0,6.918,3.823,7.168,1,2.5785557,0.0958745,0.6594104,0.1214738,0.1926924,0.1286006
K00448.01,0.66,0.019,0.019,0.694,0.017,0.014,4653,60,60,-0.04,0.04,12.357,0,0,0,0,0,0,0,0,0,0,0,0,4.169,3.072,3.552,1,2.3964174,0.071116,0.5257667,0.1055268,0.151109,0.1106902
K00456.02,1.045,0.03,0.031,1.003,0.034,0.036,5616,60,60,0.2,0.04,13.052,0,0,0,0,0,0,0,0,0,0,0,0,6.026,1.804,2.497,1,0.9102741,0.0648188,0.6871579,0.1541894,0.334548,0.1575557
K00464.02,0.884,0.025,0.026,0.98,0.018,0.014,5479,60,60,0.27,0.04,12.585,0,0,0,0,0,0,0,0,0,0,0,0,1.259,0.986,1.42,1,1.4085184,0.0552141,0.4058584,0.1207865,0.2118631,0.1336362
K00475.01,0.738,0.02,0.021,0.746,0.023,0.028,5100,60,60,-0.25,0.04,12.843,0,0,0,0,0,0,0,0,0,0,0,0,8.318,3.064,5.937,1,1.9013164,0.0993447,0.4188823,0.1530283,0.1723588,0.1261157
K00481.01,0.771,0.023,0.023,0.811,0.03,0.025,5175,60,60,-0.08,0.04,12.876,0,0,0,0,0,0,0,0,0,0,0,0,5.012,3.116,4.385,1,1.7902516,0.102199,0.4657529,0.0853352,0.1613326,0.1062232
K00490.01,0.736,0.02,0.02,0.782,0.027,0.018,4868,60,60,0.03,0.04,11.832,0,0,0,0,0,0,0,0,0,0,0,0,4.571,3.157,3.578,1.0052,1.9488198,0.0818445,0.6211512,0.1053214,0.2622453,0.1524837
K00500.03,0.677,0.019,0.02,0.725,0.021,0.015,4665,60,60,0.06,0.04,12.253,0,0,0,0,0,0,0,0,0,0,0,0,3.162,2.913,5.315,1.0016,2.2678935,0.0891148,0.7692644,0.1263426,0.2485429,0.1415548
K00505.01,0.727,0.019,0.02,0.825,0.013,0.007,5046,60,60,0.17,0.04,12.186,0,0,0,0,0,0,0,0,0,0,0,0,0.794,0.878,0.896,1.0003,1.9840637,0.034133,0.5082452,0.1471505,0.1769814,0.1276814
K00508.01,0.988,0.027,0.028,1.066,0.028,0.016,5573,60,60,0.39,0.04,12.677,0,0,0,0,0,0,0,0,0,0,0,0,1.585,1.131,1.569,1,1.1179632,0.0481289,0.4616238,0.0869637,0.1509146,0.109112
K00509.01,0.922,0.032,0.033,0.978,0.031,0.029,5529,60,60,0.17,0.04,13.206,0,0,0,0,0,0,0,0,0,0,0,0,2.399,1.602,2.872,1.0258,1.2944467,0.0770331,0.4156248,0.1178076,0.2180101,0.1350857
K00510.01,1.044,0.035,0.037,1.081,0.034,0.027,5613,60,60,0.39,0.04,12.793,0,0,0,0,0,0,0,0,0,0,0,0,2.692,1.425,2.417,1.0475,0.9937052,0.0684636,0.4178357,0.1409244,0.2098699,0.1378886
K00518.01,0.725,0.02,0.02,0,0,0,4693,60,60,-0.56,0.04,12.184,0,0,0,0,0,0,0,0,0,0,0,0,nan,nan,nan,1,3.8960004,0.0001102,0.5215718,0.0933247,0.1432021,0.1076064
K00520.02,0.787,0.022,0.023,0.86,0.024,0.016,5106,60,60,0.13,0.04,12.567,0,0,0,0,0,0,0,0,0,0,0,0,2.455,1.922,2.996,1,1.7455764,0.0685754,0.5343749,0.162258,0.2078441,0.1396091
K00528.01,0.883,0.025,0.026,0.852,0.026,0.03,5386,60,60,-0.04,0.04,12.899,0,0,0,0,0,0,0,0,0,0,0,0,9.12,2.31,3.57,1,1.2671495,0.0868651,0.4434609,0.1223571,0.1949108,0.1272392
K00555.01,0.846,0.025,0.026,0.878,0.029,0.026,5274,60,60,0.07,0.04,12.931,0,0,0,0,0,0,0,0,0,0,0,0,4.677,2.585,4.2,1,1.5380734,0.1081788,0.4700018,0.1303221,0.1862263,0.1279456
K00564.03,1.546,0.095,0.106,1.242,0.047,0.04,5854,60,60,0.34,0.04,13.214,0,0,0,0,0,0,0,0,0,0,0,0,4.266,0.786,0.589,1,0.3573528,0.0563567,0.4619606,0.1908277,0.2739797,0.160649
K00567.01,0.821,0.022,0.023,0.872,0.028,0.024,5530,60,60,-0.15,0.04,12.69,0,0,0,0,0,0,0,0,0,0,0,0,2.951,1.971,2.99,1,1.603112,0.0851194,0.3167043,0.1013304,0.2431837,0.1272063
K00568.01,0.86,0.022,0.023,0.89,0.031,0.037,5350,60,60,0.06,0.04,12.422,0,0,0,0,0,0,0,0,0,0,0,0,5.129,2.48,4.724,1.0065,1.4172852,0.0952337,0.3969555,0.1475458,0.1570538,0.1088146
K00584.01,0.981,0.025,0.026,1.028,0.032,0.034,5527,60,60,0.31,0.04,12.427,0,0,0,0,0,0,0,0,0,0,0,0,2.951,1.631,2.786,1.0114,1.1351728,0.0579748,0.4719224,0.0970726,0.1926889,0.127393
K00612.01,0.779,0.02,0.021,0.839,0.023,0.017,5146,60,60,0.03,0.04,12.235,0,0,0,0,0,0,0,0,0,0,0,0,3.09,2.277,1.708,1,1.7441334,0.0679037,0.4516639,0.123976,0.1887093,0.1230833
K00623.01,1.163,0.027,0.028,0.857,0.019,0.023,5945,60,60,-0.4,0.04,10.535,1.12,0.03,0.03,0.92,0.06,0.06,6004,102,102,-0.38,0.1,11.811,11.482,1.057,1.322,1,0.5552223,0.0256754,0.2869333,0.1147271,0.2350242,0.1357204
K00645.01,1.699,0.047,0.048,1.011,0.021,0.021,5856,60,60,-0.17,0.04,11.978,0,0,0,0,0,0,0,0,0,0,0,0,8.128,0.561,0.561,1.0584,0.2203718,0.009935,0.5340532,0.1738507,0.3349512,0.171301
K00657.01,0.683,0.018,0.019,0.698,0.017,0.023,4762,60,60,-0.21,0.04,11.639,0,0,0,0,0,0,0,0,0,0,0,0,7.943,3.292,6.767,1.0002,2.2262277,0.0884214,0.5856457,0.1024238,0.1471827,0.1113102
K00658.01,1.029,0.027,0.028,1.06,0.036,0.022,5887,60,60,0.08,0.04,12.445,0,0,0,0,0,0,0,0,0,0,0,0,1.778,1.106,1.597,1.0093,1.0254008,0.0497557,0.5659438,0.1441589,0.3533274,0.1595478
K00665.01,1.674,0.039,0.04,1.313,0.028,0.025,5969,60,60,0.29,0.04,11.805,0,0,0,0,0,0,0,0,0,0,0,0,3.631,0.418,0.502,1,0.2828172,0.0147155,0.4130388,0.1265594,0.2466126,0.1409022
K00671.01,1.234,0.03,0.031,1.082,0.03,0.03,6054,60,60,0.02,0.04,12.21,0,0,0,0,0,0,0,0,0,0,0,0,4.677,0.969,1.077,1,0.5962439,0.0296593,0.3299007,0.1408193,0.2574398,0.1514213
K00672.01,0.898,0.022,0.023,0.971,0.028,0.026,5564,60,60,0.14,0.04,12.362,0,0,0,0,0,0,0,0,0,0,0,0,1.95,1.392,2.2,1,1.3400132,0.0522075,0.4036015,0.1447964,0.2079262,0.1296915
K00679.01,1.448,0.035,0.035,1.174,0.048,0.032,5880,60,60,0.22,0.04,11.62,0,0,0,0,0,0,0,0,0,0,0,0,5.129,1.181,0.827,1,0.3934043,0.0198063,0.3065216,0.151611,0.2217856,0.1521624
K00692.01,1.09,0.027,0.028,0.991,0.032,0.034,5658,60,60,0.15,0.04,12.122,0,0,0,0,0,0,0,0,0,0,0,0,7.413,1.707,2.048,1,0.7885019,0.0463843,0.3914898,0.1540491,0.1731982,0.1282532
K00700.02,0.896,0.021,0.022,0.788,0.012,0.018,5648,60,60,-0.43,0.04,11.996,0,0,0,0,0,0,0,0,0,0,0,0,12.303,1.133,1.983,1,1.1234645,0.040067,0.4886871,0.1232908,0.264572,0.1446681
K00701.01,0.707,0.019,0.019,0.697,0.011,0.023,4859,60,60,-0.34,0.04,11.659,0,0,0,0,0,0,0,0,0,0,0,0,10.715,2.221,5.181,1.0038,2.103383,0.0624514,0.5466777,0.0910145,0.1634923,0.1076314
K00707.02,1.609,0.045,0.047,1.208,0.065,0.033,5947,60,60,0.14,0.04,12.591,0,0,0,0,0,0,0,0,0,0,0,0,4.786,1.212,0.661,1,0.299938,0.018796,0.5158138,0.0978663,0.451631,0.1619212
K00708.01,1.545,0.042,0.044,1.126,0.043,0.045,6119,60,60,-0.07,0.04,12.621,0,0,0,0,0,0,0,0,0,0,0,0,5.129,0.827,0.945,1,0.3171253,0.0196615,0.3989403,0.1309877,0.3069462,0.1640541
K00711.01,1.037,0.026,0.027,1.067,0.033,0.031,5594,60,60,0.37,0.04,12.311,0,0,0,0,0,0,0,0,0,0,0,0,3.02,1.46,2.503,1,0.9832208,0.0550327,0.5780967,0.1139223,0.2638448,0.1514979
K00718.01,1.161,0.03,0.031,1.164,0.033,0.035,5873,60,60,0.36,0.04,12.389,0,0,0,0,0,0,0,0,0,0,0,0,2.512,0.868,2.776,1,0.7580502,0.0380836,0.4185451,0.1067204,0.2296393,0.137096
K00719.01,0.685,0.018,0.019,0.729,0.025,0.013,4665,60,60,-0.01,0.04,10.55,0,0,0,0,0,0,0,0,0,0,0,0,3.802,3.414,5.077,1,2.2296228,0.081086,0.5940326,0.1132535,0.1229231,0.0939169
K00720.01,0.767,0.019,0.02,0.854,0.016,0.012,5260,60,60,0.04,0.04,11.9,0,0,0,0,0,0,0,0,0,0,0,0,1.778,1.024,2.088,1.0018,1.8101483,0.0549515,0.4505883,0.0858299,0.1928202,0.1118404
K00723.01,0.801,0.026,0.027,0.933,0.011,0.019,5315,60,60,0.33,0.04,13.235,0,0,0,0,0,0,0,0,0,0,0,0,1.175,0.974,1.163,1,1.5844023,0.0659099,0.3830747,0.1078236,0.1804677,0.1141172
K00730.04,1.574,0.096,0.106,1.041,0.031,0.032,5697,60,60,0.1,0.04,13.633,0,0,0,0,0,0,0,0,0,0,0,0,8.913,1.026,1.026,1.0326,0.29857,0.0428889,0.5029281,0.1869334,0.2901146,0.1653849
K00733.01,0.693,0.025,0.027,0.777,0.022,0.02,5046,60,60,-0.06,0.04,13.703,0,0,0,0,0,0,0,0,0,0,0,0,2.239,2.217,2.938,1,2.0748458,0.0973631,0.4712491,0.1354193,0.2120424,0.1379615
K00749.01,0.861,0.035,0.037,0.904,0.03,0.029,5356,60,60,0.09,0.04,13.633,0,0,0,0,0,0,0,0,0,0,0,0,4.169,2.496,4.511,1,1.4455477,0.1039048,0.5341357,0.1273467,0.276213,0.1503664
K00756.02,1.104,0.063,0.068,1.006,0.033,0.035,5660,60,60,0.18,0.04,14.132,0,0,0,0,0,0,0,0,0,0,0,0,6.761,1.868,2.958,1.0083,0.8475595,0.1038466,0.5089406,0.1443918,0.2843708,0.1568951
K00757.03,0.706,0.03,0.032,0.808,0.021,0.017,5002,60,60,0.06,0.04,13.785,0,0,0,0,0,0,0,0,0,0,0,0,2.042,2.022,2.633,1.0221,1.9462069,0.0922717,0.6859637,0.1501276,0.2326655,0.147346
K00800.01,1.171,0.069,0.076,1.129,0.033,0.031,5911,60,60,0.22,0.04,14.065,0,0,0,0,0,0,0,0,0,0,0,0,2.884,1.195,2.125,1,0.7893878,0.1001478,0.39154,0.1645438,0.2845852,0.1611868
K00829.02,1.057,0.055,0.06,0.966,0.033,0.035,5766,60,60,0,0.04,13.807,0,0,0,0,0,0,0,0,0,0,0,0,6.607,1.978,3.043,1.054,0.8514734,0.1253269,0.5258775,0.1754365,0.3140451,0.1651523
K00834.02,1.567,0.072,0.076,1.229,0.062,0.035,5800,60,60,0.34,0.04,13.512,0,0,0,0,0,0,0,0,0,0,0,0,4.786,1.323,0.661,1,0.3365215,0.0298283,0.4295124,0.1263691,0.2944297,0.1557888
K00841.03,0.744,0.038,0.041,0.885,0.019,0.019,5264,60,60,0.12,0.04,14.118,0,0,0,0,0,0,0,0,0,0,0,0,1.479,1.43,1.635,1.0138,1.6883916,0.0887704,0.5272085,0.1625164,0.2495659,0.1614447
K00864.01,0.857,0.037,0.04,0.933,0.026,0.021,5498,60,60,0.07,0.04,13.73,0,0,0,0,0,0,0,0,0,0,0,0,2.399,1.768,2.375,1,1.4610865,0.108488,0.4874617,0.1010913,0.2289374,0.1402952
K00869.01,0.78,0.034,0.035,0.856,0.026,0.02,5105,60,60,0.12,0.04,13.639,0,0,0,0,0,0,0,0,0,0,0,0,3.09,2.49,3.7,1,1.7299278,0.1041489,0.5009311,0.1102182,0.1597683,0.1080355
K00872.02,0.797,0.027,0.028,0.883,0.025,0.02,5162,60,60,0.17,0.04,13.347,0,0,0,0,0,0,0,0,0,0,0,0,2.344,1.997,2.807,1,1.6687734,0.0852553,0.7556397,0.1335085,0.2777461,0.152188
K00880.03,0.835,0.032,0.034,0.946,0.024,0.017,5401,60,60,0.2,0.04,13.518,0,0,0,0,0,0,0,0,0,0,0,0,1.413,1.268,1.594,1,1.5039869,0.0646772,0.5810834,0.1098818,0.2293968,0.1462734
K00881.01,0.737,0.036,0.038,0.76,0.025,0.024,4927,60,60,-0.08,0.04,13.841,0,0,0,0,0,0,0,0,0,0,0,0,6.457,3.568,6.987,1,1.9587588,0.1304935,0.4425394,0.121403,0.1391388,0.1086407
K00884.03,0.788,0.026,0.027,0.887,0.022,0.016,5060,60,60,0.3,0.04,13.051,0,0,0,0,0,0,0,0,0,0,0,0,2.138,1.871,2.461,1,1.6860154,0.0763658,0.6873949,0.1349562,0.2327605,0.1393368
K00896.01,0.773,0.029,0.03,0.838,0.027,0.018,4973,60,60,0.17,0.04,13.357,0,0,0,0,0,0,0,0,0,0,0,0,3.388,2.731,4.057,1,1.8275312,0.0936454,0.5911916,0.0635925,0.1096839,0.0867134
K00907.01,0.809,0.032,0.033,0.891,0.027,0.019,5492,60,60,-0.06,0.04,13.632,0,0,0,0,0,0,0,0,0,0,0,0,1.995,1.562,2.573,1,1.6480571,0.0888143,0.4656755,0.1202218,0.2130596,0.1355987
K00921.01,0.799,0.031,0.033,0.86,0.028,0.023,5081,60,60,0.15,0.04,13.534,0,0,0,0,0,0,0,0,0,0,0,0,3.715,2.738,4.277,1,1.6935475,0.1032918,0.5937388,0.1175309,0.2505119,0.147646
K00934.01,0.902,0.054,0.059,0.849,0.027,0.034,5503,60,60,-0.13,0.04,14.254,0,0,0,0,0,0,0,0,0,0,0,0,8.511,2.744,5.879,1,1.3651889,0.1766955,0.5611966,0.1184762,0.2286439,0.1494489
K00935.04,1.211,0.056,0.06,1.038,0.03,0.031,6088,60,60,-0.09,0.04,13.871,0,0,0,0,0,0,0,0,0,0,0,0,5.248,1.088,1.329,1,0.6224443,0.0678382,0.3752,0.1855235,0.2900928,0.1638769
K00941.01,0.801,0.026,0.027,0.916,0.017,0.017,5118,60,60,0.4,0.04,13.372,0,0,0,0,0,0,0,0,0,0,0,0,1.479,1.294,1.669,1.0012,1.6346519,0.0532488,0.6161286,0.1013533,0.2089371,0.1409285
K00954.01,0.897,0.031,0.033,0.867,0.029,0.035,5511,60,60,-0.09,0.04,13.555,0,0,0,0,0,0,0,0,0,0,0,0,7.943,2.561,4.39,1,1.2394408,0.1174464,0.6530664,0.1473828,0.3313587,0.1719074
K00974.01,1.917,0.039,0.04,1.337,0.094,0.028,6318,60,60,-0.05,0.04,8.407,1.85,0.04,0.04,1.21,0.08,0.08,6253,75,75,-0.13,0.1,9.582,2.884,0.797,0.332,1,0.1922335,0.0096281,0.3695139,0.1176156,0.2297798,0.1266375
K00975.01,1.94,0.041,0.042,1.245,0.032,0.102,6202,60,60,-0.04,0.04,6.945,1.85,0.03,0.03,1.27,0.08,0.08,6305,50,50,-0.03,0.1,8.224,3.981,0.367,1.283,1.0019,0.1707921,0.0095877,0.4632145,0.0519147,0.0673473,0.0517187
K00987.01,0.918,0.021,0.022,0.953,0.032,0.033,5509,60,60,0.12,0.04,10.777,0,0,0,0,0,0,0,0,0,0,0,0,3.631,1.839,3.678,1.0024,1.2734844,0.0691902,0.4753993,0.1532302,0.2179001,0.1392442
K00988.01,0.749,0.019,0.02,0.834,0.01,0.01,5121,60,60,0.11,0.04,11.585,0,0,0,0,0,0,0,0,0,0,0,0,0.871,0.923,1.023,1,1.9106252,0.0456101,0.5106479,0.0979613,0.1720719,0.1097645
K00991.01,0.862,0.022,0.022,0.845,0.029,0.036,5495,60,60,-0.14,0.04,11.931,0,0,0,0,0,0,0,0,0,0,0,0,7.762,2.502,3.932,1,1.3296411,0.0869463,0.3793432,0.1503995,0.2076741,0.1354825
K01001.01,1.957,0.054,0.056,1.426,0.029,0.023,6284,60,60,0.13,0.04,11.591,0,0,0,0,0,0,0,0,0,0,0,0,2.455,0.226,0.17,1,0.1943261,0.0104206,0.4552364,0.1215226,0.3193984,0.1609903
K01050.01,0.821,0.022,0.023,0.829,0.025,0.029,5067,60,60,0.08,0.04,11.879,0,0,0,0,0,0,0,0,0,0,0,0,8.511,2.744,4.9,1.0374,1.5230732,0.0771561,0.6081832,0.1108581,0.1583024,0.1106671
K01060.01,1.518,0.055,0.058,1.13,0.039,0.044,6360,60,60,-0.21,0.04,13.11,0,0,0,0,0,0,0,0,0,0,0,0,4.365,0.704,0.804,1,0.3401032,0.0278644,0.3163245,0.1508498,0.2517246,0.1562323
K01102.03,1.084,0.04,0.041,1.046,0.034,0.035,6022,60,60,-0.04,0.04,13.372,0,0,0,0,0,0,0,0,0,0,0,0,3.02,1.252,2.017,1.005,0.8869121,0.0826481,0.4553942,0.1766832,0.3040459,0.1663546
K01127.02,1.633,0.123,0.14,1.171,0.057,0.067,5619,60,60,0.4,0.04,13.961,0,0,0,0,0,0,0,0,0,0,0,0,6.457,1.338,1.487,1,0.3400984,0.0589225,0.5259375,0.1978392,0.2475763,0.1543492
K01198.01,1.4,0.092,0.102,1.189,0.037,0.036,6179,60,60,0.08,0.04,13.957,0,0,0,0,0,0,0,0,0,0,0,0,3.388,0.546,0.78,1.0103,0.5221957,0.0759377,0.4534518,0.1699939,0.3169637,0.1691976
K01199.01,0.708,0.022,0.023,0.769,0.021,0.012,4772,60,60,0.11,0.04,12.706,0,0,0,0,0,0,0,0,0,0,0,0,3.236,2.682,4.322,1.002,2.0712566,0.0850001,0.6447135,0.1640325,0.1829338,0.1303335
K01203.01,0.889,0.043,0.045,0.845,0.029,0.034,5693,60,60,-0.29,0.04,13.838,0,0,0,0,0,0,0,0,0,0,0,0,7.413,2.731,4.609,1,1.3005245,0.1489115,0.5091739,0.1657386,0.2986047,0.169983
K01215.02,1.731,0.046,0.048,1.263,0.076,0.031,6065,60,60,0.09,0.04,11.966,0,0,0,0,0,0,0,0,0,0,0,0,3.89,1.075,0.448,1,0.2505657,0.0098167,0.5120849,0.1833135,0.3644106,0.1724743
K01270.01,0.813,0.024,0.024,0.871,0.029,0.023,5203,60,60,0.08,0.04,12.897,0,0,0,0,0,0,0,0,0,0,0,0,3.311,2.44,3.736,1,1.6193983,0.0976247,0.5438988,0.1616882,0.203811,0.131261
K01279.01,1.051,0.028,0.029,0.927,0.029,0.032,5705,60,60,-0.02,0.04,12.246,0,0,0,0,0,0,0,0,0,0,0,0,8.913,1.847,2.257,1.0083,0.821466,0.0489453,0.4220099,0.1600467,0.2943467,0.1642006
K01282.01,1.625,0.042,0.043,1.094,0.026,0.038,6112,60,60,-0.12,0.04,11.2,1.59,0.03,0.03,1.08,0.07,0.07,6034,92,92,-0.14,0.1,12.547,5.888,0.542,0.814,1,0.2604158,0.0153701,0.3873266,0.1328269,0.2582312,0.15095
K01306.01,0.856,0.074,0.086,0.83,0.029,0.031,5559,60,60,-0.25,0.04,14.121,0,0,0,0,0,0,0,0,0,0,0,0,6.607,3.499,7.302,1,1.6016857,0.199621,0.4163574,0.1492641,0.2392036,0.1485327
K01353.02,0.994,0.025,0.026,1.061,0.035,0.011,5989,60,60,0.03,0.04,12.508,0,0,0,0,0,0,0,0,0,0,0,0,0.676,0.747,0.607,1.0168,1.0994033,0.0395751,0.4354959,0.1815364,0.2951873,0.1704286
K01364.01,0.813,0.042,0.045,0.865,0.029,0.021,5248,60,60,0.04,0.04,13.97,0,0,0,0,0,0,0,0,0,0,0,0,3.89,2.867,4.927,1,1.6758281,0.1330725,0.5709851,0.1335741,0.22967,0.145468
K01445.01,1.434,0.033,0.034,1.278,0.039,0.021,6318,60,60,0.12,0.04,11.151,0,0,0,0,0,0,0,0,0,0,0,0,2.239,0.567,0.412,1,0.4425281,0.0202513,0.3767764,0.1560279,0.3319852,0.1662167
K01486.02,1.048,0.052,0.055,1.021,0.035,0.032,5703,60,60,0.16,0.04,13.9,0,0,0,0,0,0,0,0,0,0,0,0,4.467,1.851,3.188,1.0029,0.964707,0.1136054,0.3986155,0.1644105,0.2127635,0.1431388
K01529.02,1.338,0.039,0.04,0.93,0.024,0.025,5884,60,60,-0.2,0.04,12.928,0,0,0,0,0,0,0,0,0,0,0,0,10.233,0.942,1.178,1,0.3910158,0.0258828,0.4593035,0.1808526,0.3018463,0.1684914
K01537.01,1.775,0.04,0.041,1.164,0.027,0.098,6218,60,60,-0.13,0.04,10.514,0,0,0,0,0,0,0,0,0,0,0,0,4.677,0.431,1.508,1.3809,0.2103518,0.015213,0.426037,0.1766493,0.3241275,0.1617643
K01557.01,0.65,0.02,0.021,0.737,0.013,0.005,4843,60,60,0.03,0.04,12.626,0,0,0,0,0,0,0,0,0,0,0,0,1,1.036,1.382,1,2.34297,0.0634864,0.5497514,0.0799255,0.1191841,0.0932605
K01563.01,0.771,0.032,0.033,0.84,0.024,0.022,5080,60,60,0.09,0.04,13.702,0,0,0,0,0,0,0,0,0,0,0,0,3.236,2.608,3.949,1,1.7818224,0.1083027,0.6789891,0.1285522,0.3176511,0.158548
K01567.01,0.769,0.029,0.03,0.75,0.018,0.024,4908,60,60,-0.13,0.04,13.503,0,0,0,0,0,0,0,0,0,0,0,0,9.772,2.475,5.85,1,1.858139,0.0981919,0.6057099,0.1476403,0.2130395,0.1351579
K01598.01,0.839,0.022,0.022,0.854,0.032,0.034,5451,60,60,-0.12,0.04,12.626,0,0,0,0,0,0,0,0,0,0,0,0,5.888,2.576,4.61,1.0006,1.4940912,0.1080525,0.4994641,0.1241679,0.2321828,0.1386782
K01621.01,1.953,0.049,0.051,1.224,0.028,0.114,6080,60,60,0.01,0.04,10.511,1.93,0.04,0.04,1.22,0.08,0.08,6081,75,75,-0.03,0.1,11.855,4.467,0.309,1.44,1,0.1704243,0.0141999,0.3393847,0.1503158,0.2324842,0.142646
K01692.01,0.876,0.02,0.021,0.99,0.015,0.014,5440,60,60,0.38,0.04,10.778,0,0,0,0,0,0,0,0,0,0,0,0,0.977,0.81,0.9,1.0003,1.4116772,0.0302289,0.4431009,0.096224,0.1551631,0.1091781
K01781.02,0.738,0.019,0.02,0.831,0.021,0.005,4961,60,60,0.21,0.04,10.062,0,0,0,0,0,0,0,0,0,0,0,0,0.977,1.373,1.125,1.0143,1.9504277,0.0530469,0.5399025,0.0636855,0.0954576,0.0745583
K01805.01,0.84,0.021,0.021,0.933,0.016,0.012,5599,60,60,0.06,0.04,12.208,0,0,0,0,0,0,0,0,0,0,0,0,1.072,0.839,1.258,1,1.5360653,0.0395287,0.4040103,0.1207611,0.197573,0.1160473
K01832.01,0.81,0.025,0.026,0.914,0.016,0.014,5541,60,60,0.02,0.04,13.351,0,0,0,0,0,0,0,0,0,0,0,0,0.933,0.817,0.967,1,1.6037942,0.0494816,0.4033469,0.1488769,0.2026327,0.1337007
K01835.01,1.089,0.035,0.036,0.91,0.01,0.011,5184,60,60,0.21,0.04,11.673,0,0,0,0,0,0,0,0,0,0,0,0,13.183,0.304,0.911,1.4072,0.8181836,0.0435549,0.4330312,0.1112407,0.1512653,0.1058165
K01858.02,0.792,0.022,0.023,0.877,0.016,0.01,5425,60,60,0,0.04,13.019,0,0,0,0,0,0,0,0,0,0,0,0,1.82,1.131,1.802,1,1.6910162,0.0620623,0.5043785,0.2007248,0.2375559,0.1525668
K01860.01,0.995,0.027,0.028,1.021,0.035,0.027,5718,60,60,0.12,0.04,12.51,0,0,0,0,0,0,0,0,0,0,0,0,2.692,1.487,2.231,1,1.1004216,0.0596443,0.379875,0.1198624,0.2246541,0.1430857
K01883.01,1.558,0.039,0.04,1.183,0.048,0.034,6059,60,60,0.06,0.04,10.608,1.48,0.07,0.07,1.09,0.18,0.18,6287,169,169,-0.27,0.3,11.894,4.571,0.947,0.631,1,0.3102394,0.0202468,0.3243585,0.1399715,0.2352478,0.1419261
K01909.01,0.999,0.023,0.024,1.022,0.036,0.037,5866,60,60,0.01,0.04,11.409,0,0,0,0,0,0,0,0,0,0,0,0,2.754,1.395,2.22,1,1.0322759,0.062151,0.2919733,0.1252885,0.1814611,0.1195737
K01929.01,1.796,0.046,0.048,1.081,0.019,0.021,5634,60,60,0.07,0.04,11.183,0,0,0,0,0,0,0,0,0,0,0,0,7.943,0.549,0.549,1.004,0.1912952,0.0094458,0.2611573,0.1256522,0.1559853,0.1114301
K01930.01,1.752,0.044,0.045,1.105,0.021,0.026,5898,60,60,-0.01,0.04,10.756,1.74,0.08,0.08,1.14,0.08,0.08,5923,77,77,-0.07,0.1,12.119,6.457,0.446,0.446,1,0.2134772,0.0097898,0.345028,0.1252489,0.2310396,0.1399229
K01931.01,0.766,0.022,0.023,0.87,0.012,0.01,5446,60,60,0,0.04,12.874,0,0,0,0,0,0,0,0,0,0,0,0,0.977,0.833,1.035,1,1.7777215,0.0591223,0.5949017,0.1555736,0.2842773,0.1584197
K01944.01,0.882,0.022,0.023,0.981,0.017,0.012,5739,60,60,0.07,0.04,12.528,0,0,0,0,0,0,0,0,0,0,0,0,0.457,0.6,0.284,1,1.3980603,0.0369208,0.3880707,0.140662,0.2608658,0.1436045
K01952.01,1.185,0.036,0.037,0.976,0.029,0.03,5722,60,60,0.07,0.04,12.994,0,0,0,0,0,0,0,0,0,0,0,0,9.12,1.47,1.68,1,0.6094147,0.0391071,0.6173248,0.1528021,0.3166356,0.1615053
K01955.01,1.363,0.033,0.034,1.213,0.018,0.031,6272,60,60,0.1,0.04,11.957,0,0,0,0,0,0,0,0,0,0,0,0,2.818,0.324,0.454,1,0.4812235,0.0148838,0.4354132,0.1717626,0.3272372,0.1753391
K02007.01,0.998,0.023,0.024,1.062,0.034,0.02,5846,60,60,0.1,0.04,11.717,0,0,0,0,0,0,0,0,0,0,0,0,1.23,1.076,1.218,1,1.0848126,0.044177,0.5859528,0.1773668,0.3253108,0.1648248
K02037.01,0.736,0.023,0.024,0.82,0.019,0.013,4883,60,60,0.2,0.04,13.016,0,0,0,0,0,0,0,0,0,0,0,0,2.042,2.022,2.351,1,1.9266679,0.0747928,0.7165132,0.1508251,0.2378569,0.1401019
K02038.03,0.853,0.025,0.026,0.947,0.017,0.016,5520,60,60,0.12,0.04,13.083,0,0,0,0,0,0,0,0,0,0,0,0,1.38,1.081,1.685,1,1.4534743,0.0565143,0.5116946,0.1803874,0.2445307,0.1635511
K02051.01,1.173,0.049,0.052,0.933,0.027,0.029,5769,60,60,-0.06,0.04,13.673,0,0,0,0,0,0,0,0,0,0,0,0,10,1.382,1.612,1,0.6028748,0.0561088,0.3857248,0.1674417,0.2941721,0.168365
K02086.01,1.433,0.041,0.042,1,0.025,0.026,5834,60,60,-0.04,0.04,12.516,0,0,0,0,0,0,0,0,0,0,0,0,8.913,0.821,1.026,1.0012,0.340813,0.0201374,0.3639347,0.1531617,0.2483583,0.1409539
K02110.01,1.449,0.044,0.046,1.326,0.013,0.032,6386,60,60,0.21,0.04,10.971,0,0,0,0,0,0,0,0,0,0,0,0,1.66,0.306,0.497,1,0.4430399,0.0303201,0.3407522,0.1599803,0.2636198,0.1407626
K02148.01,1.583,0.039,0.04,1.226,0.075,0.031,5648,60,60,0.44,0.04,11.697,0,0,0,0,0,0,0,0,0,0,0,0,5.495,1.518,0.759,1,0.3119937,0.0145181,0.4916199,0.16976,0.2439908,0.1529305
K02149.01,1.454,0.034,0.035,1.271,0.021,0.013,6212,60,60,0.2,0.04,10.795,0,0,0,0,0,0,0,0,0,0,0,0,2.692,0.31,0.186,1,0.4192995,0.0152321,0.4103185,0.1723234,0.298152,0.173281
K02173.01,0.699,0.018,0.018,0.768,0.013,0.011,4859,60,60,0.11,0.04,10.674,0,0,0,0,0,0,0,0,0,0,0,0,1.66,1.49,2.216,1,2.1536885,0.0408388,0.7375517,0.1312914,0.2167862,0.136467
K02218.01,1.326,0.043,0.044,0.981,0.025,0.028,5602,60,60,0.14,0.04,12.859,0,0,0,0,0,0,0,0,0,0,0,0,10.965,1.262,1.262,1,0.4340866,0.0306565,0.5275458,0.1776963,0.2750384,0.1606199
K02290.01,0.677,0.019,0.019,0.721,0.026,0.017,4966,60,60,-0.24,0.04,12.527,0,0,0,0,0,0,0,0,0,0,0,0,4.571,3.368,5.999,1.002,2.2743967,0.0945957,0.5522151,0.1837622,0.2199462,0.1349412
K02339.01,0.673,0.021,0.021,0.762,0.014,0.011,4762,60,60,0.17,0.04,12.814,0,0,0,0,0,0,0,0,0,0,0,0,1.288,1.453,1.572,1,2.1906897,0.0663126,0.681378,0.1761719,0.1866924,0.137853
K02390.01,2.672,0.111,0.115,1.454,0.018,0.051,6003,60,60,0.14,0.04,10.809,2.68,0.25,0.25,1.38,0.5,0.5,6056,165,165,-0.17,0.3,12.249,2.818,0.13,0.26,1.0007,0.0804151,0.0051044,0.4109021,0.182475,0.2753234,0.1582752
K02414.01,1.617,0.041,0.042,0.882,0.014,0.015,5541,60,60,-0.29,0.04,12.038,0,0,0,0,0,0,0,0,0,0,0,0,12.882,0.593,0.593,1,0.2106578,0.0095418,0.4932843,0.172786,0.275541,0.1689715
K02433.01,1.09,0.048,0.051,0.992,0.032,0.034,5837,60,60,0.01,0.04,13.819,0,0,0,0,0,0,0,0,0,0,0,0,6.026,1.526,2.22,1,0.7048456,0.0641695,0.3137489,0.1395433,0.2283354,0.1455262
K02462.01,1.708,0.042,0.043,1.228,0.084,0.033,5975,60,60,0.09,0.04,10.373,1.71,0.04,0.04,1.19,0.1,0.1,6007,120,120,0.05,0.15,11.821,4.467,1.234,0.617,1.0004,0.2608097,0.0149263,0.3085643,0.1653696,0.213381,0.1439244
K02533.01,3.009,0.086,0.09,1.28,0.092,0.068,5005,60,60,0.03,0.04,11.242,0,0,0,0,0,0,0,0,0,0,0,0,4.365,1.106,0.804,1,0.065216,0.0046422,0.6025229,0.1676133,0.2044946,0.1394337
K02545.01,2.157,0.058,0.06,1.487,0.047,0.034,6198,60,60,0.17,0.04,10.454,2.16,0.04,0.04,1.38,0.07,0.07,6131,75,75,0.13,0.1,11.752,2.344,0.378,0.27,1,0.1498861,0.0106696,0.4061583,0.178807,0.3008801,0.1739173
K02595.01,1.5,0.038,0.039,1.256,0.021,0.023,6330,60,60,0.05,0.04,11.995,0,0,0,0,0,0,0,0,0,0,0,0,2.818,0.324,0.324,1,0.3818447,0.0148105,0.3522546,0.1706399,0.2653748,0.1603528
K02597.01,0.993,0.035,0.036,0.87,0.027,0.03,5871,60,60,-0.3,0.04,13.384,0,0,0,0,0,0,0,0,0,0,0,0,8.913,1.847,2.257,1,0.936441,0.0732099,0.3712103,0.1694517,0.279085,0.1591762
K02632.01,2.201,0.053,0.054,1.414,0.108,0.039,6238,60,60,-0.02,0.04,10.149,2.16,0.07,0.07,1.37,0.17,0.17,6467,173,173,-0.1,0.3,11.392,2.692,0.682,0.372,1,0.1305253,0.01024,0.4787736,0.1800976,0.322592,0.1793651
K02639.01,1.772,0.121,0.135,1.016,0.036,0.039,5583,60,60,-0.02,0.04,14.017,0,0,0,0,0,0,0,0,0,0,0,0,9.333,1.074,1.289,1,0.1995101,0.0300788,0.506104,0.1869496,0.2699104,0.16255
K02678.01,0.787,0.018,0.019,0.894,0.01,0.008,5416,60,60,0.12,0.04,10.088,0,0,0,0,0,0,0,0,0,0,0,0,0.851,0.49,1.039,1,1.7125773,0.0250753,0.4591708,0.1209754,0.2001515,0.118358
K02706.01,1.93,0.042,0.044,1.429,0.021,0.028,6337,60,60,0.11,0.04,9.109,1.86,0.08,0.08,1.26,0.18,0.18,6491,69,69,-0.2,0.3,10.268,2.344,0.162,0.216,1.0029,0.2000112,0.0101375,0.3476341,0.1343761,0.2541803,0.1407017
K03097.01,1.604,0.036,0.037,1.101,0.028,0.078,5976,60,60,-0.01,0.04,10.649,0,0,0,0,0,0,0,0,0,0,0,0,6.31,0.581,1.598,1,0.2711351,0.0146968,0.4327468,0.1841143,0.2892212,0.1673722
K03165.01,1.814,0.037,0.038,1.167,0.025,0.105,6267,60,60,-0.17,0.04,9.191,0,0,0,0,0,0,0,0,0,0,0,0,4.571,0.316,1.473,1,0.1903892,0.0149416,0.3875105,0.1821661,0.2840718,0.1586256
K03168.01,1.594,0.037,0.038,0.991,0.019,0.021,5803,60,60,-0.14,0.04,9.033,1.55,0.07,0.07,1.03,0.16,0.16,5968,59,59,-0.2,0.3,10.455,9.12,0.63,0.63,1.0037,0.2501843,0.0105256,0.4259626,0.1838627,0.2776045,0.1651251
K03197.01,1.097,0.025,0.025,1.102,0.039,0.026,6187,60,60,-0.06,0.04,10.253,0,0,0,0,0,0,0,0,0,0,0,0,1.622,0.896,1.419,1,0.8487192,0.0437897,0.4065326,0.2025504,0.3146985,0.1791974
