source_id,radius_flame,radius_flame_lower,radius_flame_upper
58200934326315136,1.0886359,1.0712875,1.1003671
61607255708760960,0.9991431,0.9781793,1.0200723
111322601672419712,1.068451,1.0619636,1.0761187
145333927996558976,0.55484647,0.5350642,0.57463455
148080473682357376,0.46582368,0.43693405,0.49471146
179498266829041664,1.1371807,1.1132973,1.161312
181908842994567936,1.7821016,1.7458876,1.8188801
306410392895767680,,,
338382713564401920,2.238252,2.1905198,2.2865694
363702817083391232,1.1223565,1.098818,1.1469425
382111248777193216,1.1208404,1.0978055,1.1438357
385697172809355392,0.8180124,0.80063695,0.8355641
404433018447476096,0.78498983,0.76849526,0.8014893
415703635408772480,,,
427224073427887360,0.57765704,0.53987616,0.61543906
457317534880081152,,,
470650560779277952,1.5261508,1.494287,1.5581897
497750842338402560,1.473315,1.4428898,1.5038918
534988616816537728,,,
545560867790611072,1.5531057,1.52182,1.5854906
570653411060484480,1.4471252,1.4177923,1.4765218
596931979481073152,1.0916137,1.068848,1.1143869
602494855483616256,0.8384779,0.81930655,0.8583337
646125297938578944,2.103899,2.0610044,2.146636
651935220461650560,1.7256107,1.6903015,1.7610018
684992690384102528,,,
702295464353437952,1.5481696,1.5150099,1.5811743
770622651659107712,1.2670937,1.2406452,1.2937124
869913435026514688,0.72035813,0.7037309,0.7369856
876608292608416512,1.564833,1.5307591,1.5980356
898130030131443584,1.2772624,1.250388,1.3044184
920308932010648448,1.108314,1.0853877,1.1313164
990291507088739072,1.5365424,1.5049973,1.5681465
1044013542142711296,0.56619704,0.534845,0.59751284
1053809778428567680,,,
1074139748425931008,0.96462107,0.94480115,0.9844169
1076970406751899008,1.478384,1.4487,1.5080695
1111639314047794944,1.2932814,1.2663563,1.3202568
1117620107545810944,1.438147,1.40886,1.4675965
1126422935076082176,,,
1255520718461480960,1.4080441,1.3789759,1.4370848
1316708918505350528,0.91881096,0.9001002,0.9375159
1331356474971716992,1.4971453,1.4671236,1.5271789
1344163891352965632,2.9059532,2.8472106,2.964894
1416731285125373184,1.6940048,1.6585091,1.7297382
1424011082893734272,1.3055764,1.2777805,1.3327582
1464700950221781504,1.6483556,1.6143405,1.6828915
1476485996883837184,0.7364106,0.71941113,0.75341165
1491634483976350720,0.81041276,0.793128,0.82769704
1499514786891168640,0.74489874,0.72741735,0.76235
1587399232335653760,1.7191885,1.6839108,1.7547505
1675923009431370880,0.9007878,0.8821614,0.91943145
1716345832872291968,,,
1725490333641502976,1.1427443,1.1195056,1.1660272
1737061349198867456,1.9232618,1.8759338,1.9716237
1744911763437512064,,,
1750321012752775040,1.8942262,1.8533821,1.9351873
1779546757669063552,1.1971555,1.1730993,1.2212105
1808938730710633984,1.1920465,1.1677748,1.2166249
1835842749465226368,1.9906454,1.9493194,2.031617
1849786481032616960,0.8768332,0.85876817,0.8948911
1909762228985058944,0.74632215,0.72945887,0.76322967
1925321658551399040,1.5999188,1.5665396,1.6334095
1962153854973972096,,,
2009481748875806976,,,
2033123654092592384,1.6535217,1.6200763,1.6869459
2048464796210957440,0.7096118,0.6815436,0.7408758
2051027792165858304,0.6897532,0.669618,0.7081163
2051104586182508928,0.94419426,0.9366289,0.9527504
2051105410816218368,0.8151273,0.7972765,0.8328933
2051368434612892800,0.9753009,0.9463653,1.0102828
2051738798233021824,,,
2051866238502437632,1.3094412,1.2826463,1.3361992
2051933102555095936,0.7599856,0.742787,0.7770479
2051950454223150720,1.3650557,1.2995704,1.4150714
2052136821446989568,1.5329694,1.4952941,1.5734019
2052139123549626240,1.356446,1.2878937,1.4271077
2052168466766597120,2.1522264,2.104554,2.1998158
2052185062520374272,1.1155456,1.0912478,1.1393186
2052304325169514880,0.9013704,0.87563306,0.93024194
2052392835854583936,0.76032203,0.74180746,0.7790756
2052528625536778624,0.7848251,0.76788384,0.80177957
2052688467040906624,1.256731,1.2044507,1.3129231
2052747119115620352,0.9471395,0.92793137,0.9665402
2052823535171095296,1.1556762,1.1242883,1.1884993
2052826318309391104,0.774357,0.75678736,0.79207903
2052975370856687744,1.02011,0.9982044,1.042283
2053070616052194304,1.3237374,1.2928661,1.353436
2053546910744629504,0.8584561,0.83730453,0.87821186
2053552270863859712,1.4977385,1.4514316,1.5407293
2053562475706063744,0.6691427,0.6474923,0.6908464
2053586321364864640,0.8754553,0.84705913,0.9040465
2054523105274216704,1.7289097,1.6892809,1.7678698
2056007995732413312,1.300195,1.2741067,1.3262877
2073153024144692736,1.5392992,1.5063559,1.5737842
2073274618947678464,1.0317585,1.0058835,1.0583149
2073277200237694464,0.80427927,0.78672785,0.8219059
2073539536845074176,1.7550845,1.7183418,1.7927744
2073547954981763328,0.8147448,0.7908194,0.837277
2073652546016392448,0.69206023,0.6727315,0.7118158
2073697660354300544,0.7797988,0.76196504,0.797468
2073731161099713408,0.9569718,0.93736696,0.9764243
2073804411752924288,,,
2075112109039378688,0.8952149,0.87649196,0.9142243
2075161655782111872,0.82857823,0.81119245,0.84584475
2076121602454770560,1.1193485,1.0964017,1.142267
2076185408488670208,0.87116915,0.8481154,0.8924864
2076328963475704576,0.71731836,0.6997758,0.73477614
2076454445237794432,0.7479729,0.72988355,0.7671141
2076565805151925760,0.7193246,0.70176613,0.7367826
2076601917234347520,1.5964409,1.5599335,1.6319557
2076692386427776768,0.8990057,0.87788403,0.92154807
2076764576237957504,0.6934652,0.67632794,0.71108854
2076782889978499840,0.8039355,0.78582865,0.8216512
2076792648144511104,1.0377848,1.0145695,1.0599372
2076871091425583232,0.78467375,0.7672834,0.8021678
2076955822541823744,0.9117809,0.8870048,0.93387455
2076960598545789824,1.1398946,1.1151503,1.1646265
2076970047474270208,1.4065552,1.3780669,1.4351581
2077140987172577408,0.86858416,0.84106207,0.9020283
2077540827141811200,0.9103619,0.8915088,0.9292038
2077556465126659456,1.8629725,1.7584984,1.981221
2077598384004774912,1.8426697,1.7164333,2.0459056
2077726678964445696,,,
2077750803804146176,1.2264249,1.1995497,1.2551584
2077961463362645632,0.78400034,0.75801504,0.81084305
2077994272606400512,0.9059614,0.88726825,0.9247681
2078000289864478976,0.76186293,0.74075353,0.7827881
2078195212660287616,1.1766331,1.1402209,1.2153581
2078272831307891456,1.4024361,1.3707491,1.4339914
2078286197246582016,0.81548184,0.79730755,0.8346748
2078515170549178880,1.0392451,1.0172068,1.062079
2078648211455026432,0.8513842,0.8329715,0.87059313
2078697552035948800,1.3248361,1.2948393,1.3557357
2078722600285671936,0.8986462,0.8797278,0.91763973
2078832551450444032,0.85341823,0.82971025,0.8760812
2078996825361036160,,,
2079005651508492032,1.6803675,1.642659,1.7180525
2079192121810035840,1.0421772,1.0206904,1.0636381
2079295583282164992,0.95647526,0.9363779,0.97663724
2079368391569401600,1.157068,1.1332718,1.1814102
2079695496278608896,1.1629783,1.1389745,1.1868279
2079807646464016256,0.81585896,0.7915948,0.84256107
2079880695265507328,1.0666069,1.0441077,1.0892128
2079885608708649344,0.9014964,0.88261855,0.9203688
2080246282881778048,0.8497759,0.8266739,0.87551624
2080266967444876032,,,
2080271674728481280,1.0832198,1.0610744,1.1053041
2080287892525359872,,,
2080296757338392576,1.0779176,1.0404893,1.1168
2080344586094498432,0.7885804,0.7716746,0.80592865
2080386917291928832,1.9153173,1.8767962,1.9538459
2080452613110460928,1.1084654,1.0840794,1.1322039
2080466185207274880,0.9692778,0.94501305,0.99411386
2080562667352233728,0.881537,0.86227477,0.9025003
2080605823183999616,2.8514073,2.7719488,2.9189708
2082074942519913344,1.0990694,1.0761993,1.1223292
2082161219824397568,1.6037103,1.5676956,1.6400003
2085204015173031552,1.9533302,1.9059114,1.9955586
2085527924426959104,0.7817403,0.7641479,0.79977113
2086337508581280256,1.6540134,1.5784318,1.7210404
2086389357427331712,2.7489078,2.6898923,2.8068557
2086505630781210752,1.5285162,1.4971352,1.5600593
2086625752425381632,1.4324521,1.4028254,1.46187
2086629463276947456,0.80472195,0.78572077,0.8231952
2086660283961964416,1.1138263,1.0793061,1.1660682
2086718317558873984,1.7152663,1.6577479,1.7651193
2086940448965828992,1.2121687,1.1873181,1.2368425
2087171453788422528,0.8737278,0.8556062,0.8922167
2087250476887856256,0.750875,0.7337313,0.7680281
2099541715513813504,1.1141555,1.0915693,1.1367629
2099583977992504576,1.2093711,1.1834602,1.235168
2099605968225288960,1.4489298,1.4194243,1.4785045
2099606483621385216,1.955826,1.9141283,1.9957678
2099656472742686848,1.4933653,1.4631281,1.5236664
2099854801450635520,0.87267977,0.85053307,0.89498013
2099862910348755712,0.9298862,0.91054887,0.9491528
2099925719951103872,1.0027453,0.98135525,1.024054
2100389610777053056,1.7377043,1.7002785,1.7751623
2100392428275714688,1.0827304,1.0608451,1.1046119
2100416823690394624,1.5361514,1.5049381,1.5672758
2100524610190045312,1.274494,1.2479148,1.3015646
2100597143598879616,0.8272737,0.80948687,0.845247
2100624562669914240,1.6551768,1.602727,1.7148508
2100906140725803392,0.9348722,0.91557914,0.9540872
2101035367703145088,1.3544638,1.3243268,1.3843355
2101175933393051008,1.4027,1.3741888,1.4314677
2101188990094347648,1.1145848,1.0768365,1.1664919
2101230049979183232,0.87497675,0.8561429,0.893632
2101243789577188736,1.5615602,1.5298166,1.5935013
2101305259145506816,1.1894388,1.1653444,1.2135209
2101508501301083520,,,
2101719263935952768,1.4034766,1.3719736,1.4342868
2101733244046205568,1.5966405,1.5639398,1.6293815
2101768089124657664,0.8171295,0.79436076,0.83824754
2101854881822529024,1.5302881,1.4715874,1.6092502
2101898759208960640,1.7778658,1.7399132,1.8174461
2101964558106974848,0.96167403,0.94066447,0.98267955
2102063136195478656,0.9193716,0.8972103,0.94330716
2102067396802935680,0.8048409,0.78261954,0.83051723
2102070660978313472,2.0325074,1.9836475,2.0852494
2102110174677569664,1.0104553,0.98906785,1.0313771
2102119176929154304,1.4814175,1.4514005,1.5114378
2102224661326132864,1.7392821,1.703333,1.7751904
2102316985943863424,1.5929097,1.5549604,1.6340132
2102454253097554304,1.0770596,1.0551332,1.099096
2102469921138142208,0.8789651,0.84756374,0.9051145
2102548708017562112,0.92110395,0.9022295,0.9403027
2102587087846067712,1.064798,1.0542908,1.0785036
2102610280669509888,1.5527471,1.5200685,1.5884277
2102700131386216576,0.8190332,0.79727185,0.8415899
2102815683186036096,,,
2102911581215700096,0.82417,0.8037883,0.8462146
2103295173333142784,,,
2103452266056715392,1.2521625,1.2268683,1.2774322
2103788854053938816,0.7912645,0.77378774,0.808953
2103845032226500352,0.77950495,0.75806177,0.8033249
2104094071610116608,0.81346595,0.7961255,0.8314368
2104098950692667264,1.0449833,1.0221773,1.0681771
2104344141784539264,,,
2104376405579347968,0.7230894,0.706145,0.739861
2104466153215402624,1.6239846,1.5888898,1.6595626
2104466256290759936,,,
2104506319750394624,1.0890865,1.0621455,1.1152424
2104847370214740352,0.8559739,0.8379012,0.87390965
2105135854577044480,1.0909319,1.0688051,1.1130692
2105221139747765504,2.1941688,2.0942824,2.3153517
2105274977158196480,1.5323566,1.5002458,1.5644639
2105362903731391744,1.0856304,1.0633366,1.1079003
2105414310196331264,,,
2105415302330571008,1.0918821,1.0686327,1.1143678
2105435544515167232,0.7517613,0.73535365,0.76847357
2105535462635217792,1.2555915,1.2146237,1.2945383
2105538623730974848,0.7153976,0.69734603,0.73515385
2105618029085927680,0.8845704,0.86495394,0.90423137
2105620159389754624,1.4421504,1.4123207,1.4726746
2106008493152187392,0.728544,0.7115831,0.7451726
2106306495162679552,,,
2106371744306291328,1.0184155,0.9931926,1.0432051
2106496607595412480,0.9201172,0.9005982,0.9401697
2106674071344722688,0.7971255,0.78064716,0.8135988
2106705269988803072,1.4723216,1.4422163,1.5027254
2106821925598401152,0.8237297,0.8063524,0.84129924
2106996095111385728,0.80604726,0.7885031,0.8244759
2107001283431633408,,,
2107236613280607104,1.2437408,1.2181097,1.269599
2107243072911617024,0.8977779,0.8791107,0.9170119
2107244481660894592,0.78957015,0.7700545,0.8100997
2107266570672734592,1.4049164,1.3763942,1.4334354
2107279803471399168,1.3885334,1.3228426,1.4447112
2107311723669410560,0.7430045,0.7252318,0.7604791
2107315365800640896,1.9873246,1.9469192,2.0277839
2107342716152550272,2.2174478,2.1705668,2.2646682
2107622335702262400,0.8306931,0.8117913,0.8497227
2107658516506930048,0.9650288,0.94488573,0.9852092
2116862833283266432,1.6593415,1.6254296,1.6932098
2119196585370036736,1.8217926,1.7840683,1.859673
2119534646538533888,1.1275643,1.1034819,1.1527036
2119583201145735808,0.7333195,0.7169857,0.74965847
2119602202081351168,0.76511157,0.76359683,0.767054
2119710538336363904,0.68932337,0.6685202,0.7106757
2119814820141727232,0.7425848,0.72542053,0.7596182
2125713940547834496,0.8086425,0.7919178,0.82536614
2125751461382627840,0.9622493,0.9427011,0.9817874
2125790322246812672,0.7411304,0.7228447,0.75961316
2125831210335846016,0.84708196,0.8283459,0.8655093
2125848733801094912,0.8269135,0.7970837,0.8578164
2125850623586710400,0.9340137,0.90942943,0.96075004
2126119862195142272,1.3439275,1.3107398,1.3796395
2126237131982289280,1.854094,1.8313417,1.8705447
2126266823097360000,0.83355194,0.81253445,0.8555049
2126418658780855296,0.837035,0.818344,0.8571253
2126432677554353280,1.1278509,1.1040912,1.1524383
2126436800722944000,1.1960329,1.1697764,1.222634
2126454633427425664,0.9305244,0.9108108,0.9511049
2126508676995012352,1.6364778,1.6027534,1.6705565
2126556132093765888,0.18829066,0.18452483,0.19205648
2126569051355142656,1.1728027,1.1486392,1.1967502
2126576679217244160,0.8527546,0.8292668,0.8774105
2126601108991279872,1.1072953,1.0847082,1.1297768
2126801563705846528,1.3649918,1.336898,1.3937007
2126878048483137152,0.8190213,0.79996467,0.8369517
2126912305142208384,1.0487318,1.0260712,1.0713377
2126918008858627712,1.3793316,1.3508931,1.4104174
2127001056345369984,1.1006284,1.0772909,1.1240869
2127355923723254272,1.6470605,1.608025,1.6837568
2127390970655877888,1.5699117,1.5306193,1.608338
2127398083121764736,0.8820644,0.8613518,0.9045336
2127771917075703424,1.2316326,1.2042611,1.2578148
2127798442794047104,0.84361225,0.82491344,0.8626038
2127851116271982848,1.8821802,1.8423458,1.9220592
2127956360152391168,3.0841582,3.053213,3.1205177
2127985806448631808,1.6806562,1.6170634,1.7684242
2128013019361703936,1.1985563,1.1585375,1.2488307
2128067720065692672,1.5472559,1.5238634,1.5613614
2128098197152438144,1.118954,1.0860492,1.145904
2128198974266072192,1.0990291,1.0687983,1.137882
2128273225659492608,1.0057011,0.98320705,1.0289874
2128298617506651904,1.4135875,1.3830638,1.4444761
2128369501647063808,0.85861546,0.83105844,0.8856507
2128504397979254528,0.9415709,0.91375,0.96813583
2128724678262662144,1.1503923,1.1267773,1.1739982
2128911251641171200,0.8101978,0.79218626,0.82830477
2128925579652377472,1.3059841,1.2932421,1.315593
2129025841368107136,0.80058956,0.78167635,0.8189656
2129084935820532608,0.7232479,0.7062396,0.7402991
2129161734133025408,0.7466309,0.72461367,0.7669889
2129495057954829952,1.1871132,1.1703088,1.2057219
2129503235571760128,0.9812722,0.9641376,0.99040014
2129503716608032256,0.96892846,0.92609435,1.0363222
2129550445852902656,1.2915641,1.2654874,1.317701
2129753580626548736,1.2994422,1.2874303,1.3090905
2130124219123552256,0.7777847,0.7526742,0.8023347
2130243550494676480,0.99837255,0.9773386,1.0197327
2130250731680096384,0.88811517,0.8551594,0.92615676
2130320172711659136,1.8491473,1.8116865,1.8866078
2130368310704421120,1.0642675,1.0420904,1.086487
2130405041264941184,0.926849,0.901073,0.9503815
2130460394803778816,0.86319834,0.84239334,0.8848613
2130625287187139072,1.4346741,1.3988545,1.4702674
2130634667395736704,0.8803993,0.8595114,0.8996149
2130661880308812800,1.0337691,1.0118113,1.0549703
2130825020347168512,0.88635,0.86263645,0.91252023
2130889204338693504,1.0494894,1.0251838,1.0751137
2131059594280288128,1.2015563,1.1642686,1.2350825
2131114947819394816,0.75671977,0.73623186,0.7804903
2131169545443676032,,,
2131216137248338304,1.0189062,0.997473,1.040347
2131494313689868416,1.6573093,1.6232812,1.6912655
2131709921047710336,1.7063917,1.6693734,1.7457341
2131748747552136960,0.9203548,0.90042067,0.94023657
2131859244171951616,1.489741,1.4592081,1.5208994
2132004074768150400,1.8615468,1.7683264,1.9611312
2132144056342471168,0.7129395,0.69352657,0.7325537
2132152916856093952,1.5360839,1.5044737,1.5679479
2132155017099178624,1.1158457,1.0933058,1.1384065
2132178725317511936,2.2048893,2.1590016,2.2508059
2132193431285570304,1.239022,1.2117952,1.2663975
2132215421518219392,1.0107613,0.9902512,1.0313729
2132325200882204544,1.0928732,1.0703588,1.1155152
2132614922197436928,1.5448813,1.4994605,1.5859168
2132709613336959744,,,
2132768956905956352,0.76150346,0.7447183,0.77830446
2133021810218800384,0.8395289,0.81771153,0.8594336
2133022669212268800,1.0454851,1.0201265,1.0701252
2133035966431029376,0.89884526,0.8720975,0.9246285
2133124511477266176,1.3472136,1.311145,1.3793937
2133369840008452224,0.78969175,0.772052,0.80737835
2133611659549905024,1.3620528,1.3333491,1.3917478
2133946843094378752,0.8654531,0.84727293,0.88333976
2134719834131370496,1.2611322,1.1765364,1.3635805
2134798444914611712,1.6869624,1.6504418,1.7227646
2134850847813263360,1.2415483,1.2135385,1.269372
2134931077802625792,0.841996,0.81427824,0.86775255
2135002576119495936,1.4786961,1.4479086,1.5093083
2135019107451751168,1.6264993,1.5906676,1.6629691
2135044568018500096,1.4803122,1.4478539,1.5123466
2135055391335687680,,,
2135179533070399232,1.1987728,1.1743845,1.2231293
2135203000771400320,1.1842135,1.1549898,1.2170339
2135314184585149696,1.2901001,1.2639595,1.3162997
2135378231142791808,1.0433252,1.015155,1.0685508
2135427576021495168,0.72274303,0.7061745,0.73927337
2135590578620605568,1.6744102,1.638769,1.7106788
2136815881249993600,1.0590172,1.0375693,1.0804971
2139300262131379584,0.9570625,0.9375016,0.97676986
2141754578242371584,1.7216668,1.6864581,1.7569356
2143749504651818368,1.0449014,1.0230489,1.0662748
2188906825165621120,1.9606391,1.9210584,2.0001953
2221164434736927360,0.93921584,0.9199352,0.95849293
2242756094328104576,,,
2254929887069708160,1.6899458,1.6551267,1.7243655
2296342614570999552,1.5629057,1.5310727,1.5947833
2300641567596591488,0.7957311,0.7788527,0.8126043
2303332931542914048,1.5105699,1.4797868,1.5413262
2318295979126499200,,,
2329387852426700800,,,
2333676738050041728,,,
2340919358581488768,1.4497368,1.4185499,1.4804841
2371032916186181760,,,
2385171398768647552,0.82150286,0.8044032,0.83861494
2415410962124813056,1.6696826,1.6305938,1.7096143
2424406513428936832,0.95739126,0.93677443,0.9785297
2424621502311961344,1.6067505,1.568174,1.6478024
2439222638771000448,0.34986988,0.30415803,0.41516516
2441013811932929280,2.0340831,1.9916221,2.07683
2498515516990171392,1.4484801,1.4181718,1.4786991
2507901914613201024,2.1071062,2.0608542,2.1529946
2512413932376364288,1.0363908,1.0144267,1.0588267
2538824923230146560,0.66734433,0.65000683,0.68465024
2546413408888429696,,,
2562569564026683520,1.8603907,1.8198289,1.9009358
2609222216055014144,,,
2641087471777046016,1.0801252,1.0562255,1.1039416
2645727449501559680,0.676837,0.65740067,0.69619024
2657135741633337088,1.2718815,1.2613665,1.2805936
2657374606238804992,0.79381895,0.77681965,0.811312
2666015878575546496,0.84964216,0.8315084,0.86783284
2677447294810845824,0.8088347,0.79158896,0.8261535
2790691147020786816,1.5236596,1.4924426,1.55494
2831084391023184128,1.2278725,1.2022997,1.2533674
2841043011433969152,0.72352636,0.7062586,0.7408006
2868528637464028160,1.4712826,1.4395887,1.5033846
2878641361300809856,1.5727745,1.5357114,1.611438
2881784280929695360,1.5163113,1.4851246,1.5475118
2912264564319611136,0.8384367,0.8208294,0.85605043
2924661867160818304,1.3458651,1.3187362,1.3730109
2930141657016297216,1.3846388,1.3559666,1.4132714
2959177048983750016,1.3600608,1.3318979,1.3880813
2966680597368750720,0.65322727,0.63229644,0.67558146
2980392087185289216,1.350825,1.3226057,1.3785708
3022644120017418496,0.90189,0.88317513,0.92090136
3046327742219111808,1.2419343,1.2154427,1.2680374
3078836109158636928,0.8306533,0.8134031,0.8478876
3080104185367102592,1.8554269,1.8167756,1.8941371
3087206553745290624,0.71839035,0.7015698,0.735216
3105507886130792448,1.2218518,1.1928325,1.2501832
3107255598526406912,1.0806121,1.0435064,1.1362982
3107267177757848576,0.8334343,0.81613934,0.8507724
3125611120515388800,1.1441457,1.1157814,1.1709836
3126717023056016256,1.4777141,1.4474938,1.5079714
3211188618762023424,1.1570168,1.1334456,1.1805624
3222453935725951488,1.0240763,1.0028859,1.0453317
3231856379348299008,2.1557298,2.1109176,2.2006068
3291455819447952768,1.8736695,1.8548217,1.8903772
3311804515502788352,,,
3326541506073371776,0.96382636,0.9420298,0.9846169
3342228616422593664,2.468486,2.4177876,2.519071
3385777286999240576,1.4531975,1.423114,1.483285
3394923127797114496,1.7506297,1.712302,1.7917151
3402980516507429888,2.7471797,2.691167,2.8033848
3445148131761842944,1.1055393,1.1003861,1.1102184
3460438662009633408,,,
3515865416826633984,1.040225,1.0186088,1.0618472
3537110837630877568,1.0750221,1.0519257,1.0982933
3545873945303316224,1.2649614,1.2385186,1.2914076
3558354604869150208,1.1848924,1.1606132,1.2098653
3578596339057980160,0.7172939,0.69936484,0.73524237
3578783977588991360,0.8214114,0.80439574,0.8383578
3579426053724051584,1.0312257,1.0097197,1.0526526
3579573358218514944,,,
3581264372742210048,,,
3582057258065666816,0.8970002,0.8778491,0.9162033
3582098107498270208,1.6862359,1.6492813,1.7248455
3582392123779246336,0.84226346,0.82437617,0.86025
3582706794559052160,0.8483942,0.8291893,0.86730295
3583611726988838144,0.7599541,0.74194765,0.77822065
3583630934082556416,0.7849222,0.768448,0.80137527
3584368019189709952,1.0437211,1.0110937,1.0713518
3594882751966012160,0.7434302,0.72765565,0.75920624
3595647565382917120,0.4116511,0.3622594,0.46103227
3596003497911958528,0.94283223,0.921801,0.963541
3596508242468505216,0.6572793,0.6381396,0.6764235
3596876269626641664,0.7018944,0.6847171,0.71906894
3597570989175080576,1.4180411,1.3888993,1.4472599
3597981377595128704,0.9202675,0.9011474,0.9394393
3600851450836925312,0.83546734,0.8178161,0.85323083
3630680754621236096,0.6840352,0.66635275,0.70138806
3643098875168270592,0.9511084,0.9312631,0.97090065
3652176997218325888,1.0621904,1.039563,1.0847023
3668036348641580288,0.8821451,0.8635839,0.9007405
3675248118423392256,0.5408945,0.51325285,0.56853706
3676684252407983488,1.3387368,1.3272417,1.3505346
3682825883842696832,0.70715743,0.69007164,0.7241254
3683121446312149504,0.66136247,0.6433486,0.67938215
3693923185982895360,0.8755566,0.85049915,0.9029322
3694743765254445312,1.1762077,1.1621444,1.1848855
3694878833385971840,0.7323163,0.7155682,0.74907357
3695235654973028736,,,
3695568295896473856,1.3069125,1.2777536,1.3359523
3697828548204889344,0.9659783,0.9392709,0.9952336
3700295641843380224,1.1296526,1.1051955,1.154982
3700937760929835648,0.5607802,0.53662366,0.58500737
3701015375282968064,1.5470724,1.5142946,1.5799412
3761497761876022400,,,
3788394461991295488,1.4872313,1.4562824,1.5182171
3794479262419500160,0.91854656,0.8995989,0.93791765
3803004978659671040,0.85902065,0.84046346,0.8768641
3803494845449564672,1.570853,1.5368292,1.6052964
3807826337147474176,,,
3810535361999701376,0.8499167,0.8445437,0.86729735
3811032513054107648,0.95048106,0.93071294,0.97094446
3811688440459523200,0.9160395,0.8971159,0.9349341
3856449627544923392,0.67858595,0.65252674,0.7046566
3857872051994269824,0.2589969,0.21031883,0.34809783
3859431674878660864,0.5877352,0.5621344,0.6133429
3860369901894562304,0.6447971,0.6258547,0.66371655
3862378262961788288,,,
3864142669886768896,0.30470806,0.29770073,0.3794242
3877070590167177344,1.7560672,1.7200937,1.793007
3882879683758393344,2.611326,2.554784,2.6676104
3892632287473304064,0.67161876,0.65029925,0.692273
3896271842760486272,0.80703217,0.7869244,0.8263369
3899064464855774592,,,
3962403923821595264,0.76699543,0.74984723,0.7841155
3997075206232885888,0.7866658,0.7699847,0.80355257
4056326681029056896,,,
4056443366649948160,1.2209766,1.1781229,1.2893536
4223507222112425344,,,
4224062406762625152,1.5804461,1.5484884,1.61245
4255957040079935488,2.1498635,2.081581,2.2700474
4256135160951556480,1.2235675,1.1833948,1.2700181
4263752921128319616,0.8346744,0.81539375,0.8533053
4285511294172309504,1.4664786,1.4341326,1.5002637
4287832775526476800,0.9297028,0.9094261,0.95014596
4334991786994866304,1.2867287,1.2811806,1.2946751
4439085988769170432,1.722459,1.6239586,1.8267263
4453211899986180352,1.5194585,1.4888108,1.5501232
4477340334766250496,,,
4534144923690481408,1.3767178,1.348872,1.404544
4558177980124887936,1.7258207,1.6901667,1.7614967
4583004815239650176,1.5112371,1.4802336,1.5422587
4596481632339898240,0.9008674,0.8819422,0.9199658
4606030169272920320,1.1435164,1.1203004,1.1667364
4608935250790855296,2.2016575,2.1566665,2.2468474
4613145315172329984,1.5671675,1.5351919,1.5991197
4620574887039870720,,,
4624979393181971328,1.1054605,1.0826954,1.1280923
4668163021600295552,1.4540989,1.4249237,1.483285
4684513614202233728,1.2820479,1.2553812,1.3093779
4698692748651744128,0.8651048,0.8472032,0.8830054
4707634458245031552,2.332882,2.2854178,2.3800669
4727755005637190016,1.5742754,1.5418799,1.607087
4745660479479743488,1.748071,1.7129487,1.7832088
4746157737910069888,1.2552606,1.2299833,1.2805556
4747624104168195072,2.0027626,1.9626174,2.042899
4756649415309914240,1.2684034,1.242879,1.2939196
4837286842168217088,1.7082589,1.6727923,1.7436937
4864759888238232320,2.0100467,1.968221,2.0525286
4886243456388510720,,,
4895489043507741440,0.8170502,0.79982555,0.8342787
4911563216311083392,1.1105418,1.0880221,1.1330683
4917441922731087488,1.094315,1.0648228,1.1240951
4968289907406396160,1.7316248,1.71193,1.7492721
4990044668377961984,1.0554935,1.0331554,1.0773258
4994237247949280000,1.768334,1.7278076,1.8098803
5001098681543159040,,,
5019835424832215424,0.90792906,0.8892239,0.9266343
5057924844082070016,1.2469124,1.221249,1.2728696
5065640460769428224,2.2264502,2.1774552,2.276116
5086537022856406272,1.2184604,1.1916426,1.2455431
5089851638095503616,1.9884226,1.9430108,2.032633
5175239363214344960,0.7862985,0.7691154,0.80348295
5227928170880093568,1.7482092,1.7125707,1.7838222
5241964708164136192,1.2470292,1.1410704,1.3938047
5242077854771196544,0.85068905,0.827466,0.8719078
5253607539857229568,1.7216551,1.610738,1.8145411
5262666416118954368,,,
5284358990266469760,0.7085409,0.6910695,0.72696686
5288681857665822080,1.2296802,1.2039317,1.2553828
5305241494923209856,1.0765977,1.0367662,1.116549
5337273743301313536,1.5422205,1.4982156,1.5918562
5337294049909975680,0.9276033,0.8996251,0.96004033
5351820556994135296,1.7778378,1.7414929,1.8141904
5357465071731312768,0.5663713,0.52460617,0.60813653
5376137837173646208,1.9922723,1.9498827,2.035915
5385076140853434752,1.759909,1.7224945,1.7964449
5401743332678544640,1.2924824,1.2644783,1.3194518
5409268527708808320,1.4502089,1.4205737,1.4798529
5411736896952029568,1.0225605,1.0016524,1.0434395
5444147952811517696,,,
5453063823882876032,1.2127479,1.1870896,1.2379205
5509620021956148736,0.7415173,0.72403294,0.75896317
5545555570947605376,1.2016498,1.177045,1.2275444
5557345496687437696,0.84487987,0.8271292,0.8626685
5560886336446650240,1.5057007,1.4750504,1.536916
5574766468155514752,1.8171359,1.7792869,1.8565348
5580554052549277056,2.1417952,2.097943,2.1857285
5656184406542140032,1.0466243,1.0251155,1.0682788
5664814198431308288,0.42553985,0.40679917,0.42673504
5664957444179338240,1.2653767,1.2398887,1.2909455
5674618444832114304,1.6142629,1.5780319,1.6506376
5710154317045164416,1.0811027,1.0589695,1.1032163
5723638723350902400,1.0484737,1.0336531,1.0548795
5723772524469252096,,,
5738284016370287616,,,
5746824674801810816,0.7152785,0.6979393,0.73262
5751177095877066496,1.665158,1.6305844,1.6996828
5795534040654879744,0.98365194,0.96350914,1.0040624
5880886001621564928,0.7291776,0.71173733,0.74649566
5902750168276592256,1.0829165,1.0610843,1.1047482
6003809889735481856,,,
6032746832450438400,1.2175927,1.1912767,1.2441906
6042793005779654656,1.5507603,1.5166633,1.5854185
6086712585429729536,2.0564487,2.009422,2.1040769
6112606840179716096,1.0731361,1.0509857,1.0953146
6125644402384918784,0.88681865,0.8687441,0.90532887
6154982877300947840,1.8906623,1.8471594,1.9353296
6160877943251930368,0.9144541,0.8955607,0.9333216
6171009049549197824,1.4405789,1.4108928,1.4703983
6173435259395017344,1.7262205,1.6873295,1.7651632
6173451477191225984,1.6908984,1.6549935,1.7267427
6186950525042445824,0.93815005,0.91800916,0.95942384
6198312362812872320,1.357628,1.3279516,1.3881106
6239410080231903488,0.39134607,0.34326234,0.4393923
6255655673768103168,0.38678145,0.33642724,0.4372614
6257625719430982016,0.61235195,0.58837515,0.6364201
6258364939144564992,0.6133035,0.5902359,0.6371741
6258810550587404672,1.634996,1.5986472,1.6708993
6264513270727342080,0.6505033,0.6316501,0.6694659
6283723285046532864,1.1100045,1.0866919,1.1332978
6284007337003799552,1.6170703,1.583617,1.6510028
6347643496607835520,,,
6386751579018596864,0.8530588,0.835199,0.8709378
6407428994690988928,1.1367322,1.1138611,1.1596074
6411096106487783296,,,
6453566701615683456,,,
6482103014085857024,2.1220515,2.0752215,2.1697428
6491038642006989056,0.98796123,0.96771604,1.0082922
6492940453524576128,1.0401317,1.0190419,1.0613962
6518399301667782016,1.2479352,1.222543,1.2734703
6533307957785865856,1.1272352,1.1039246,1.1504632
6534414719318886144,0.8087366,0.7910721,0.82640123
6541360574788758016,0.7749384,0.75776565,0.7921096
6552346035980010624,0.78304696,0.76598394,0.80010456
6582435924022652672,,,
6675883485986480256,1.5955402,1.5618385,1.6294811
6677909439240233472,1.2602142,1.2334695,1.2892201
6683371847364921088,0.75387657,0.73671675,0.77103597
6710517793025165696,1.195653,1.1713309,1.21993
6801474136516893184,1.851121,1.8114406,1.8910136
6857756246957592320,0.91447407,0.89443314,0.93448573
6868476691490044672,0.9055899,0.8868397,0.92434216
6910753016653587840,0.87354845,0.85492885,0.8922043
