designation,teff_gspphot,teff_gspphot_lower,teff_gspphot_upper,mh_gspphot,mh_gspphot_lower,mh_gspphot_upper,target_id,target_ra,target_dec,target_parallax,target_pm_ra,target_pm_dec,target_radial_velocity,epoch,target_separation (deg)
Gaia DR3 1053809778428567680,,,,,,,Gaia DR3 1053809778428567680,157.14401106412535,65.85418726790246,13.6226,-177.3399,-81.6926,-16.6983,2016,0
Gaia DR3 1126422935076082176,,,,,,,Gaia DR3 1126422935076082176,151.61868523097365,74.82720028881778,20.6355,-25.8265,-75.1043,11.4142,2016,0
Gaia DR3 1716345832872291968,,,,,,,Gaia DR3 1716345832872291968,194.7395907678979,77.66172008723437,17.2826,-36.0353,31.4076,-18.6194,2016,0
Gaia DR3 1744911763437512064,,,,,,,Gaia DR3 1744911763437512064,317.5515255375414,10.738897370652337,5.4889,-5.6908,5.0663,9.2092,2016,1.7763568394002505E-15
Gaia DR3 1962153854973972096,,,,,,,Gaia DR3 1962153854973972096,335.51292167392506,45.45734141046544,2.0534,8.966,-5.5617,-25.7784,2016,7.105427357601002E-15
Gaia DR3 2009481748875806976,,,,,,,Gaia DR3 2009481748875806976,348.33773395483047,57.16966644274312,152.864,2074.4135,294.452,-18.675,2016,3.081783844965638E-14
Gaia DR3 2051104586182508928,5661.4326,34.6933,82.7437,-0.1026,0.0377,0.0976,Gaia DR3 2051104586182508928,290.3286448558638,37.723118923669155,1.5887,-3.4334,0.6714,-35.8751,2016,0
Gaia DR3 2051105410816218368,4972.9956,8.2106,8.394,0.1581,0.0113,0.0105,Gaia DR3 2051105410816218368,290.29641883337683,37.749424906111955,2.2599,-14.7967,-15.652,-26.0823,2016,7.105427357601002E-15
Gaia DR3 2051738798233021824,,,,,,,Gaia DR3 2051738798233021824,292.04462853128604,37.37618483079783,1.0268,2.8546,-9.0387,-18.1222,2016,0
Gaia DR3 2051933102555095936,4777.2373,10.8453,12.6841,0.1311,0.0149,0.015,Gaia DR3 2051933102555095936,292.6585280083309,38.34556080186814,2.9157,15.0967,36.3525,-26.7894,2016,7.105427357601002E-15
Gaia DR3 2051950454223150720,6121.6646,58.9463,51.35,-0.1039,0.048,0.0468,Gaia DR3 2051950454223150720,292.4797002723272,38.51490162207004,0.5035,-0.5815,-1.5586,0,2016,7.105427357601002E-15
Gaia DR3 2052168466766597120,6133.7817,6.6167,6.2323,-7.00E-04,0.0059,0.0059,Gaia DR3 2052168466766597120,294.14965216606987,38.45820522181965,0.9193,-3.9313,-12.901,-17.8943,2016,7.105427357601002E-15
Gaia DR3 2052185062520374272,5707.1704,21.1344,26.0361,-0.2861,0.0215,0.0288,Gaia DR3 2052185062520374272,294.11076292893904,38.71022197782799,1.3801,-0.701,-1.3543,13.5641,2016,0
Gaia DR3 2052304325169514880,5646.075,29.739,49.9494,-0.4288,0.0346,0.0631,Gaia DR3 2052304325169514880,293.5681984074227,39.036312444161155,0.8981,7.9459,1.0747,0,2016,0
Gaia DR3 2052392835854583936,4660.2617,11.1743,11.8447,0.224,0.0212,0.0193,Gaia DR3 2052392835854583936,293.7439215036292,38.93922024895193,2.0102,-4.6961,-10.6591,-36.3349,2016,4.4213556486761307E-14
Gaia DR3 2052528625536778624,4968.373,7.25,8.181,-0.021,0.009,0.0104,Gaia DR3 2052528625536778624,291.3647326109745,37.609241060544655,3.1464,-4.1757,14.7646,-24.4007,2016,7.105427357601002E-15
Gaia DR3 2052688467040906624,5875.504,42.6026,58.797,0.1233,0.0425,0.0706,Gaia DR3 2052688467040906624,291.6535383542165,38.49466000176565,0.5474,2.7187,2.2543,0,2016,4.4489421052311296E-14
Gaia DR3 2052747119115620352,5657.4126,4.5361,20.4199,-0.2088,0.0039,0.0147,Gaia DR3 2052747119115620352,291.41812236713093,38.672311565036644,10.4148,-28.6715,-5.722,27.2379,2016,0
Gaia DR3 2052823535171095296,6017.2056,21.2126,22.6308,-0.0485,0.0226,0.0233,Gaia DR3 2052823535171095296,290.4132616970433,38.34372806856851,0.8312,-2.1531,-1.8216,0,2016,4.458247118621589E-14
Gaia DR3 2053070616052194304,5787.1567,7.2077,7.1463,-0.2818,0.0077,0.0078,Gaia DR3 2053070616052194304,291.11186422759204,39.94902379795604,0.9446,-2.8094,-7.0857,19.5487,2016,0
Gaia DR3 2053546910744629504,5238.389,15.007,18.8903,0.0042,0.018,0.0206,Gaia DR3 2053546910744629504,293.1234499269855,40.93480138893501,1.4547,3.6126,6.2154,-37.913,2016,4.2942681430071E-14
Gaia DR3 2053552270863859712,6642.582,15.433,15.768,-0.2624,0.0141,0.0144,Gaia DR3 2053552270863859712,293.08461132049683,41.13540392256028,0.6592,-1.0709,-6.6624,2.3653,2016,0
Gaia DR3 2053586321364864640,5052.205,22.2255,27.937,-0.0279,0.0243,0.0343,Gaia DR3 2053586321364864640,292.2367612281806,41.08587091292437,0.9298,2.1706,-0.3244,0,2016,0
Gaia DR3 2073277200237694464,4772.218,9.943,17.1433,0.1876,0.0123,0.0143,Gaia DR3 2073277200237694464,296.5245248969319,39.24985297,3.2392,34.3978,19.3011,-11.3271,2016,7.105427357601002E-15
Gaia DR3 2073539536845074176,5839.9473,19.5977,39.7934,-0.1728,0.0177,0.0355,Gaia DR3 2073539536845074176,298.9917167138223,40.14225490833302,2.1847,0.8511,-36.4721,-7.3822,2016,7.105427357601002E-15
Gaia DR3 2073547954981763328,4935.742,20.3343,20.394,0.106,0.0277,0.0259,Gaia DR3 2073547954981763328,299.22425369531294,40.34316664535255,1.1514,-11.1872,-2.8287,0,2016,7.105427357601002E-15
Gaia DR3 2073731161099713408,5739.3975,24.2945,11.1899,0.0159,0.0255,0.0105,Gaia DR3 2073731161099713408,297.0698323520349,40.52520571016794,8.1211,32.9212,13.543,-47.6695,2016,4.3207830068046636E-14
Gaia DR3 2073804411752924288,,,,,,,Gaia DR3 2073804411752924288,298.5891951,40.750691858164174,1.7353,1.4717,-1.4987,-46.4366,2016,0
Gaia DR3 2075112109039378688,5068.2783,6.4927,7.6431,0.1398,0.0087,0.0089,Gaia DR3 2075112109039378688,299.13931178730104,40.94893620015961,3.2283,13.215,-20.4097,-13.3448,2016,0
Gaia DR3 2075161655782111872,5248.539,14.39,10.706,0.1059,0.0117,0.0099,Gaia DR3 2075161655782111872,299.3196740288222,41.384747214814375,4.0579,17.3574,18.7323,-22.3826,2016,7.105427357601002E-15
Gaia DR3 2076328963475704576,4555.349,4.779,8.102,0.4872,0.0161,0.0138,Gaia DR3 2076328963475704576,296.1125756515733,39.97874410987316,2.6675,-1.3733,-7.2066,-3.5284,2016,0
Gaia DR3 2076565805151925760,4685.2856,33.8346,14.003,0.1583,0.0652,0.0232,Gaia DR3 2076565805151925760,294.4418028422783,40.55754031496123,2.2497,-1.123,-3.3769,-26.8137,2016,0
Gaia DR3 2076601917234347520,5575.019,19.27,19.6006,-0.6572,0.0207,0.0194,Gaia DR3 2076601917234347520,295.2173270943838,40.592156611365546,1.068,3.0824,-11.876,12.2672,2016,0
Gaia DR3 2076692386427776768,5521.203,21.7533,17.392,-0.2153,0.0211,0.0184,Gaia DR3 2076692386427776768,295.28723274149723,41.22200472310721,1.0986,5.3739,10.1036,0,2016,0
Gaia DR3 2076764576237957504,4545.8384,8.417,7.4406,0.2011,0.0152,0.0159,Gaia DR3 2076764576237957504,297.07020512138837,40.86873212640164,2.6777,7.59,-13.3446,1.4141,2016,0
Gaia DR3 2076782889978499840,4985.614,63.6633,28.945,0.0566,0.0963,0.0356,Gaia DR3 2076782889978499840,296.8609319849194,41.09731523,2.4655,-15.4493,-18.6839,-43.7515,2016,0
Gaia DR3 2076792648144511104,5813.4683,7.9603,10.5283,-0.2673,0.0069,0.0087,Gaia DR3 2076792648144511104,297.0899587167322,41.388069154379686,1.3958,-1.5958,3.9332,-29.0081,2016,0
Gaia DR3 2076871091425583232,4697.2563,16.2513,8.7784,0.3182,0.0181,0.0118,Gaia DR3 2076871091425583232,297.3539996494398,41.300044739930854,4.8014,1.5041,-3.3316,-25.3569,2016,0
Gaia DR3 2076955822541823744,5427.938,13.592,12.8432,-0.1136,0.0135,0.0127,Gaia DR3 2076955822541823744,296.7719087826088,41.755597134260654,1.1589,2.9493,9.9742,0,2016,0
Gaia DR3 2076960598545789824,5522.061,40.148,60.213,-0.387,0.0408,0.0637,Gaia DR3 2076960598545789824,297.1150948896979,41.90910820038663,1.5476,0.1058,-7.1026,-58.7884,2016,7.105427357601002E-15
Gaia DR3 2076970047474270208,6022.8604,10.7234,10.4013,-0.1723,0.0098,0.0102,Gaia DR3 2076970047474270208,297.33307198708445,41.89111872,2.1069,2.0633,1.3368,-18.9105,2016,4.2907511227313006E-14
Gaia DR3 2077140987172577408,5000.155,31.144,28.927,-0.3437,0.0332,0.0301,Gaia DR3 2077140987172577408,295.76619923392514,42.42428190294317,0.9199,7.142,-2.1757,0,2016,4.196007839351286E-14
Gaia DR3 2077540827141811200,5307.0483,13.6003,12.3327,0.3496,0.0118,0.0099,Gaia DR3 2077540827141811200,294.6741519737311,42.07560443416187,3.7266,6.8382,5.6128,-21.0607,2016,0
Gaia DR3 2077556465126659456,5708.659,26.099,25.989,0.0381,0.025,0.0247,Gaia DR3 2077556465126659456,294.2809672887076,42.29092909934029,0.5455,-3.127,-3.0854,0,2016,0
Gaia DR3 2077598384004774912,5838.3506,2.2559,3.2158,-0.4273,0.0083,0.0104,Gaia DR3 2077598384004774912,293.1802896091382,41.61774019118519,1.2698,-4.1167,-3.9984,20.4838,2016,0
Gaia DR3 2077726678964445696,,,,,,,Gaia DR3 2077726678964445696,293.56636962296346,42.13258072163217,0,0,0,0,2016,7.105427357601002E-15
Gaia DR3 2077750803804146176,6218.183,81.8754,42.185,-0.0032,0.0611,0.0303,Gaia DR3 2077750803804146176,293.8901979518071,42.52794003154197,1.2861,0.351,-8.794,-5.3476,2016,0
Gaia DR3 2077961463362645632,4978.7593,19.7163,18.3907,-0.0179,0.0208,0.0201,Gaia DR3 2077961463362645632,294.90967283501766,42.93519730366907,1.0831,-5.4252,-10.0291,0,2016,0
Gaia DR3 2077994272606400512,5355.9414,16.8711,15.2146,-0.0988,0.0159,0.0157,Gaia DR3 2077994272606400512,295.57423163367633,42.80642512218651,3.561,8.6866,-2.4888,-4.6634,2016,4.1703382729356886E-14
Gaia DR3 2078195212660287616,5262.055,23.994,45.1012,-0.3927,0.0365,0.0444,Gaia DR3 2078195212660287616,294.3169295007358,43.62924127926852,0.7011,-6.2667,-16.4285,0,2016,7.105427357601002E-15
Gaia DR3 2078272831307891456,6070.8984,20.5384,22.023,-0.1477,0.016,0.0159,Gaia DR3 2078272831307891456,294.74205999574855,43.536783554851084,1.038,-2.6158,-4.9096,-10.2232,2016,0
Gaia DR3 2078286197246582016,4969.92,14.9757,14.3964,0.1019,0.0194,0.0171,Gaia DR3 2078286197246582016,294.6678991900493,43.85320856910302,1.9091,-15.0071,-13.0052,-2.6708,2016,7.105427357601002E-15
Gaia DR3 2078515170549178880,5858.996,15.2294,16.911,-0.3678,0.0123,0.0122,Gaia DR3 2078515170549178880,297.4653359712291,42.88285161862764,1.3763,4.815,-0.1903,-18.2112,2016,7.105427357601002E-15
Gaia DR3 2078697552035948800,6033.977,37.915,21.2505,-0.3354,0.0331,0.0201,Gaia DR3 2078697552035948800,296.9985852389031,42.78196345658958,0.9976,-0.3732,1.1257,-17.9452,2016,0
Gaia DR3 2078722600285671936,5696.184,9.18,10.877,-0.4428,0.0096,0.0117,Gaia DR3 2078722600285671936,296.9811403763854,43.209700730072086,1.9409,22.6251,-12.8178,-85.2146,2016,4.143048025312983E-14
Gaia DR3 2078832551450444032,5562.9243,51.4057,30.2177,-0.1494,0.0443,0.0291,Gaia DR3 2078832551450444032,296.56621648367974,44.105805826810695,1.1123,-3.2,-13.6183,0,2016,7.105427357601002E-15
Gaia DR3 2078996825361036160,,,,,,,Gaia DR3 2078996825361036160,298.6738127630586,43.79550148649674,2.1216,2.9293,7.917,-16.1666,2016,0
Gaia DR3 2079005651508492032,6654.1885,10.9175,12.4095,-0.3187,0.0061,0.0067,Gaia DR3 2079005651508492032,298.81637988955526,43.99801974792027,1.1859,-1.0542,-3.6398,14.6673,2016,7.105427357601002E-15
Gaia DR3 2079192121810035840,5801.4614,2.5537,2.5962,-0.3389,0.0046,0.0037,Gaia DR3 2079192121810035840,298.93681583760167,44.85786285,2.5336,-35.3739,-10.9651,-57.1445,2016,4.272647030272741E-14
Gaia DR3 2079295583282164992,5254.8525,14.3808,13.377,0.1275,0.0149,0.0142,Gaia DR3 2079295583282164992,298.0794444750809,44.74624513254368,2.2916,-1.4364,-20.3407,-16.8319,2016,4.280006717610229E-14
Gaia DR3 2079368391569401600,5857.3047,9.4977,12.728,-0.2934,0.009,0.0138,Gaia DR3 2079368391569401600,297.7119319948975,45.26198669424677,1.6111,10.7043,12.4527,-57.7114,2016,0
Gaia DR3 2079695496278608896,5983.892,21.7797,19.7296,-0.3859,0.0214,0.0158,Gaia DR3 2079695496278608896,296.29067722028293,44.42322787879513,3.5043,19.5375,-5.3911,6.0967,2016,0
Gaia DR3 2079885608708649344,5774.453,4.4935,4.2306,-0.5294,0.0052,0.0062,Gaia DR3 2079885608708649344,294.97353226596476,45.213687190554516,2.0378,4.9203,3.3235,24.0249,2016,0
Gaia DR3 2080246282881778048,4947.7793,18.0893,21.1694,0.3749,0.0226,0.0225,Gaia DR3 2080246282881778048,297.3160000066129,46.02326425905117,1.2722,3.1895,0.2042,0,2016,0
Gaia DR3 2080266967444876032,,,,,,,Gaia DR3 2080266967444876032,297.0454031453664,46.32866412142783,0.5866,-2.9286,-8.474,2.2615,2016,7.105427357601002E-15
Gaia DR3 2080287892525359872,,,,,,,Gaia DR3 2080287892525359872,297.8423044790651,46.574362212838714,3.096,-13.7624,19.5864,0,2016,3.9074879957204923E-14
Gaia DR3 2080344586094498432,5157.6562,12.2226,9.7295,-0.1142,0.0126,0.0112,Gaia DR3 2080344586094498432,296.6547471644761,46.835223853798176,2.6148,-2.653,-2.2361,3.9435,2016,0
Gaia DR3 2080386917291928832,6387.2627,2.2681,2.8935,-0.2144,0.0035,0.0039,Gaia DR3 2080386917291928832,295.8028761596735,45.98796258161476,4.7135,21.3778,-26.2903,-20.5487,2016,0
Gaia DR3 2080452613110460928,5369.369,18.785,16.127,0.1866,0.0213,0.0187,Gaia DR3 2080452613110460928,295.4128800764224,46.26658303787401,1.4932,8.1293,20.8881,-55.3162,2016,0
Gaia DR3 2080562667352233728,5507.825,10.9227,25.713,-0.5012,0.0116,0.0255,Gaia DR3 2080562667352233728,296.4960476570407,47.182782264710966,2.1701,-8.0919,-17.965,-4.7723,2016,7.105427357601002E-15
Gaia DR3 2082074942519913344,5605.509,2.059,4.1834,-0.5191,0.0076,0.0071,Gaia DR3 2082074942519913344,300.86400761203623,44.33754955375781,2.2598,7.9753,-0.8493,-56.5123,2016,0
Gaia DR3 2086337508581280256,5547.5566,35.2966,24.9317,-0.1028,0.0491,0.0154,Gaia DR3 2086337508581280256,298.3183899877481,47.27948081304743,0.5005,-4.2273,-11.0942,0,2016,0
Gaia DR3 2086389357427331712,5843.6416,14.271,16.6804,-0.3051,0.0083,0.0152,Gaia DR3 2086389357427331712,297.21584553108045,47.37850777179651,1.149,5.9104,-2.2267,5.6273,2016,0
Gaia DR3 2086505630781210752,5998.838,10.8517,9.531,-0.0718,0.0101,0.0095,Gaia DR3 2086505630781210752,297.78654689131986,47.88615517731782,2.0357,0.9515,7.2088,-35.6706,2016,0
Gaia DR3 2086625752425381632,5767.8916,5.5736,5.731,-0.0595,0.0045,0.0053,Gaia DR3 2086625752425381632,297.02816011456673,48.208601860439686,1.9259,-9.3925,0.1576,5.6847,2016,3.788162211095451E-14
Gaia DR3 2086629463276947456,4662.025,5.7857,6.2206,-0.4077,0.0089,0.0073,Gaia DR3 2086629463276947456,296.82293514660876,48.10776965361272,3.2299,12.2617,49.3136,-100.1626,2016,0
Gaia DR3 2086660283961964416,5510.6377,37.8901,36.9829,-0.1024,0.0396,0.04,Gaia DR3 2086660283961964416,296.2860841929064,48.22463171321441,0.6323,-5.0447,-7.9669,0,2016,3.853058637599602E-14
Gaia DR3 2086718317558873984,5668.1377,16.0772,49.0957,-0.0976,0.0135,0.0385,Gaia DR3 2086718317558873984,297.2778884714354,48.32035477554368,1.456,-10.3487,5.3093,8.6193,2016,0
Gaia DR3 2086940448965828992,5796.333,1.874,3.243,-0.3604,0.0056,0.0061,Gaia DR3 2086940448965828992,298.2689207800532,48.91673946,2.1065,-4.4203,3.2285,-25.8505,2016,7.105427357601002E-15
Gaia DR3 2087171453788422528,5520.7876,16.354,37.8324,-0.1266,0.0155,0.0387,Gaia DR3 2087171453788422528,297.4865397360923,49.62339632902534,6.426,-49.2765,-8.2402,-37.9958,2016,0
Gaia DR3 2087250476887856256,4630.379,10.5934,8.806,0.1423,0.0256,0.016,Gaia DR3 2087250476887856256,297.2925616939614,49.98175320095022,5.3591,16.822,24.1342,-24.0302,2016,7.105427357601002E-15
Gaia DR3 2099541715513813504,5535.0176,1.1116,1.3037,0.1412,0.0033,0.0028,Gaia DR3 2099541715513813504,287.47865134467474,38.22908178617382,4.2802,21.9175,48.2528,-71.5068,2016,7.105427357601002E-15
Gaia DR3 2099605968225288960,5673.763,18.015,14.98,-0.1583,0.0143,0.0132,Gaia DR3 2099605968225288960,287.3629170481944,38.64973898,2.1151,14.3661,35.5176,-28.2181,2016,0
Gaia DR3 2099606483621385216,6164.738,43.3357,22.6756,-0.4034,0.0534,0.0235,Gaia DR3 2099606483621385216,287.36197234512946,38.714142299228236,9.2181,28.0928,28.5465,-19.1868,2016,0
Gaia DR3 2099656472742686848,5543.1426,1.9199,4.1308,-0.6867,0.0051,0.0063,Gaia DR3 2099656472742686848,287.65502065279276,39.24416804038301,2.5924,5.6672,-25.5696,-59.1846,2016,0
Gaia DR3 2099862910348755712,5499.323,11.7073,12.256,0.1045,0.0114,0.0127,Gaia DR3 2099862910348755712,285.6616949336345,37.96456931636411,2.8552,8.8746,15.5893,-32.1243,2016,0
Gaia DR3 2099925719951103872,5728.9746,26.5893,35.0269,-0.0363,0.0292,0.04,Gaia DR3 2099925719951103872,285.5739908219893,38.400817165116756,1.5823,2.472,-14.6911,3.0911,2016,4.4547311875857585E-14
Gaia DR3 2100389610777053056,5972.533,15.132,13.327,-0.2553,0.0126,0.0103,Gaia DR3 2100389610777053056,286.5831904589055,39.077260626734734,1.0406,5.8176,17.2899,-62.355,2016,4.412735544419254E-14
Gaia DR3 2100392428275714688,5957.8623,0.8933,1.1547,-0.5132,0.0051,0.0053,Gaia DR3 2100392428275714688,286.6896039,39.21208479812015,4.6634,29.6191,33.6587,-40.3092,2016,1.4210854715202004E-14
Gaia DR3 2100416823690394624,5951.8306,11.7281,10.7006,-0.4201,0.0097,0.0089,Gaia DR3 2100416823690394624,287.31488664764277,39.53832166185773,4.4774,3.9586,29.3986,-34.9054,2016,0
Gaia DR3 2100597143598879616,4799.539,16.2973,12.2466,0.3784,0.0355,0.0215,Gaia DR3 2100597143598879616,287.0516932245111,40.211419791538965,3.5734,-4.3813,-24.4471,-15.6885,2016,0
Gaia DR3 2100624562669914240,5653.4414,29.5557,25.4916,-0.0649,0.0259,0.0214,Gaia DR3 2100624562669914240,287.89710653008274,40.63781396130587,0.5325,-0.1867,-0.847,0,2016,7.105427357601002E-15
Gaia DR3 2100906140725803392,5733.9683,7.4995,18.0244,-0.3441,0.0112,0.0117,Gaia DR3 2100906140725803392,287.0900198765759,41.373754485231544,2.9756,4.5363,-21.5591,24.5594,2016,0
Gaia DR3 2101175933393051008,5806.7954,1.5937,2.4009,-0.2675,0.0066,0.0079,Gaia DR3 2101175933393051008,290.3926781073965,40.28490879813724,2.0933,-7.6508,10.8269,-36.7476,2016,0
Gaia DR3 2101188990094347648,5672.3057,74.9337,34.0693,-0.2035,0.0802,0.0398,Gaia DR3 2101188990094347648,290.4617929716266,40.562497502485485,0.6988,1.7822,6.4933,0,2016,7.105427357601002E-15
Gaia DR3 2101230049979183232,5523.122,24.0434,39.778,-0.0759,0.0265,0.0475,Gaia DR3 2101230049979183232,288.8119787111693,39.77064224170719,1.9666,2.9633,-5.8309,11.8598,2016,0
Gaia DR3 2101243789577188736,5728.0405,1.5561,2.5415,-0.1621,0.0042,0.0046,Gaia DR3 2101243789577188736,288.98455099501314,40.06448443351056,1.9752,-1.2159,-8.8661,-28.7977,2016,0
Gaia DR3 2101305259145506816,5729.0186,1.066,1.79,-0.5214,0.0051,0.0055,Gaia DR3 2101305259145506816,288.4505881825587,40.24519656002707,3.155,-13.0201,-28.4021,20.2585,2016,0
Gaia DR3 2101508501301083520,,,,,,,Gaia DR3 2101508501301083520,291.28504231384505,40.73002657318778,0,0,0,0,2016,7.105427357601002E-15
Gaia DR3 2101719263935952768,6281.9023,15.0833,15.7317,-0.4644,0.0113,0.0115,Gaia DR3 2101719263935952768,291.6467777030923,41.884685054874744,1.1186,6.7305,5.2105,-49.9192,2016,1.4210854715202004E-14
Gaia DR3 2101733244046205568,5713.757,13.6037,21.335,-0.1335,0.0117,0.014,Gaia DR3 2101733244046205568,291.3861331778195,41.99013540916447,3.2578,19.9872,-28.6018,-61.3624,2016,4.4575370087194675E-14
Gaia DR3 2101768089124657664,4920.1973,16.0403,17.458,0.0343,0.0236,0.0249,Gaia DR3 2101768089124657664,291.6389978738737,42.436348857049516,1.1805,3.6786,4.797,0,2016,0
Gaia DR3 2101854881822529024,5357.391,39.4237,75.824,0.1641,0.0409,0.0768,Gaia DR3 2101854881822529024,290.21514533408595,41.77598147,0.4598,-2.9864,3.2437,0,2016,7.105427357601002E-15
Gaia DR3 2101898759208960640,5709.5615,11.4165,34.6651,-0.0199,0.0185,0.0424,Gaia DR3 2101898759208960640,290.03051943842615,42.16605588114973,1.128,-0.064,2.7459,-46.6759,2016,7.105427357601002E-15
Gaia DR3 2101964558106974848,5361.1396,21.4423,18.6387,-0.1488,0.0206,0.0207,Gaia DR3 2101964558106974848,291.16945474172394,42.640725643996504,1.7094,-10.1143,-17.9186,-12.2525,2016,0
Gaia DR3 2102063136195478656,5436.413,12.9013,14.0274,-0.0879,0.0157,0.0161,Gaia DR3 2102063136195478656,288.2341027,40.520897199483564,1.1031,0.7868,1.346,0,2016,0
Gaia DR3 2102067396802935680,4872.114,24.96,17.8997,-0.0738,0.0262,0.0246,Gaia DR3 2102067396802935680,288.53871507239586,40.616051604079914,1.2718,3.2606,-20.4582,0,2016,4.3730327846145635E-14
Gaia DR3 2102110174677569664,5791.2915,41.916,18.9955,0.1274,0.0402,0.0149,Gaia DR3 2102110174677569664,288.5308935866893,40.94237482077503,4.3719,6.4804,13.774,-22.0573,2016,4.522830379495627E-14
Gaia DR3 2102224661326132864,5891.172,3.6793,5.717,-0.1921,0.0043,0.0047,Gaia DR3 2102224661326132864,289.0860606957026,41.563024402534495,2.0776,-0.0858,14.5959,-41.4671,2016,1.4210854715202004E-14
Gaia DR3 2102316985943863424,5604.718,13.924,26.2234,-0.4355,0.015,0.0268,Gaia DR3 2102316985943863424,288.9612538804393,42.26504827925599,0.9353,1.7811,7.7215,-34.969,2016,0
Gaia DR3 2102454253097554304,5761.499,2.7417,5.7495,-0.6752,0.008,0.01,Gaia DR3 2102454253097554304,287.6046628914455,42.16650304,2.4731,4.3168,-52.7671,4.8345,2016,0
Gaia DR3 2102469921138142208,5316.3037,25.354,30.228,-0.3132,0.0278,0.0328,Gaia DR3 2102469921138142208,287.2426401236034,42.30142035535178,0.9088,-4.6519,13.3083,0,2016,4.2638417734527476E-14
Gaia DR3 2102548708017562112,5485.2905,23.8875,15.9351,0.0133,0.026,0.0165,Gaia DR3 2102548708017562112,287.69799066943483,42.33857435905501,3.4936,-3.8687,-27.1049,-21.9789,2016,7.105427357601002E-15
Gaia DR3 2102587087846067712,5663.4033,106.4858,156.9624,0.1552,0.1156,0.1959,Gaia DR3 2102587087846067712,287.77357366896035,42.86927473108726,1.0644,3.4774,-5.2327,-21.7083,2016,0
Gaia DR3 2102610280669509888,5695.1113,18.6903,22.9037,-0.0343,0.0188,0.0238,Gaia DR3 2102610280669509888,287.6208161053627,43.14162272811344,1.436,-2.1532,-8.5145,-7.398,2016,7.105427357601002E-15
Gaia DR3 2102700131386216576,5034.4243,16.6603,15.3767,0.1836,0.0172,0.0202,Gaia DR3 2102700131386216576,289.26873941114707,42.60418198620864,1.2963,3.1014,0.8639,0,2016,0
Gaia DR3 2102815683186036096,,,,,,,Gaia DR3 2102815683186036096,289.86156082513986,43.472740085719586,0.9582,-0.6275,-7.7392,-95.1625,2016,0
Gaia DR3 2102911581215700096,4950.7656,13.7119,16.4077,0.4534,0.0167,0.0193,Gaia DR3 2102911581215700096,288.64256193394345,43.03937918445241,1.4938,5.5558,16.7498,0,2016,0
Gaia DR3 2103295173333142784,,,,,,,Gaia DR3 2103295173333142784,284.0323767070988,39.78154243553746,3.1429,24.3589,43.055,-29.4358,2016,0
Gaia DR3 2103452266056715392,6033.1323,2.6758,4.9502,-0.1179,0.0055,0.0054,Gaia DR3 2103452266056715392,284.63518880288655,40.71982920386645,4.3319,1.3193,-2.4342,-12.0921,2016,0
Gaia DR3 2103788854053938816,4847.324,11.753,12.8943,0.1021,0.0161,0.0167,Gaia DR3 2103788854053938816,285.9999212956392,40.91938370308377,2.4165,5.0143,10.6025,-38.9865,2016,7.105427357601002E-15
Gaia DR3 2104094071610116608,5069.1353,11.3443,11.4087,-0.0471,0.0114,0.0116,Gaia DR3 2104094071610116608,284.96850713006694,42.07911920642599,2.1906,-3.0016,-15.651,21.7898,2016,0
Gaia DR3 2104098950692667264,5306.1978,16.2823,15.2685,0.1505,0.0163,0.019,Gaia DR3 2104098950692667264,284.52119791922325,41.62965784747268,1.3413,2.4569,12.1645,-38.7561,2016,4.2487859226438E-14
Gaia DR3 2104344141784539264,,,,,,,Gaia DR3 2104344141784539264,282.97906230045015,40.78442079700303,1.8151,16.336,14.95,-16.273,2016,7.105427357601002E-15
Gaia DR3 2104376405579347968,4653.602,9.7543,7.906,-0.1486,0.0102,0.0103,Gaia DR3 2104376405579347968,282.9734893096095,41.32179226733138,3.5161,10.4198,-49.2005,-7.2265,2016,7.105427357601002E-15
Gaia DR3 2104466153215402624,5493.599,26.9706,20.1466,0.0151,0.0224,0.0187,Gaia DR3 2104466153215402624,283.1920769795168,41.30541886105221,1.3099,-4.8885,12.0181,-71.3539,2016,7.105427357601002E-15
Gaia DR3 2104466256290759936,,,,,,,Gaia DR3 2104466256290759936,283.2355590892423,41.343051395608086,2.6281,-21.1002,-0.7806,-28.0432,2016,0
Gaia DR3 2104506319750394624,5330.15,16.741,22.232,0.1319,0.0202,0.021,Gaia DR3 2104506319750394624,283.36840944228095,41.82183959437288,1.1816,0.8543,4.4597,-15.827,2016,0
Gaia DR3 2104847370214740352,5242.6987,7.6877,11.1733,0.0496,0.0085,0.0113,Gaia DR3 2104847370214740352,282.1355902789756,43.03919833552501,3.3165,14.4802,23.5294,-30.0713,2016,7.105427357601002E-15
Gaia DR3 2105135854577044480,5824.924,1.509,1.8167,-0.136,0.0048,0.0048,Gaia DR3 2105135854577044480,283.37488947361595,43.788374906919074,3.6232,11.3449,29.8385,-33.4799,2016,0
Gaia DR3 2105362903731391744,5486.0767,4.1067,7.5918,0.2758,0.0053,0.0065,Gaia DR3 2105362903731391744,282.3919461621286,43.889418869144784,2.5495,5.4563,16.2752,-26.9122,2016,7.105427357601002E-15
Gaia DR3 2105414310196331264,,,,,,,Gaia DR3 2105414310196331264,282.37754026606484,44.694568560192444,0.9303,2.7925,-3.0114,-51.2747,2016,0
Gaia DR3 2105435544515167232,5086.6694,12.8094,12.4561,-0.1458,0.013,0.0118,Gaia DR3 2105435544515167232,286.8653803125458,41.98895318398473,2.2461,-12.3776,-28.1306,-6.2886,2016,4.2843536595146686E-14
Gaia DR3 2105535462635217792,5760.8633,10.8473,13.3613,-0.1614,0.0142,0.0143,Gaia DR3 2105535462635217792,285.7994928938535,42.81174163,0.6852,6.513,-7.2764,0,2016,7.105427357601002E-15
Gaia DR3 2105618029085927680,5330.454,8.3217,7.936,-0.0302,0.0091,0.009,Gaia DR3 2105618029085927680,287.2954010039887,43.279867524725944,1.7873,-2.6269,-1.2041,-12.6445,2016,0
Gaia DR3 2105620159389754624,6311.2393,22.2703,42.0697,-0.2121,0.0172,0.0331,Gaia DR3 2105620159389754624,287.34567144104676,43.378389261930046,3.4026,-12.0278,-0.3932,-11.8882,2016,0
Gaia DR3 2106008493152187392,4751.026,3.8434,6.0023,-0.6365,0.0113,0.0131,Gaia DR3 2106008493152187392,287.4389378949233,43.83200263821952,2.6013,-38.9588,-18.1175,-101.0636,2016,7.105427357601002E-15
Gaia DR3 2106306495162679552,,,,,,,Gaia DR3 2106306495162679552,286.02611182055773,44.782856574727006,1.0799,2.8262,-3.5507,-33.7039,2016,4.096730205450251E-14
Gaia DR3 2106674071344722688,5421.0293,5.2893,9.2153,-0.3159,0.0052,0.0111,Gaia DR3 2106674071344722688,284.0592386,44.51838003138322,15.6253,-60.3963,48.6567,-30.9179,2016,0
Gaia DR3 2106705269988803072,5541.88,20.844,41.0194,0.134,0.0227,0.0527,Gaia DR3 2106705269988803072,284.4824273919462,44.39788729668457,2.2055,-3.8904,-26.5359,-31.652,2016,0
Gaia DR3 2106821925598401152,5449.947,25.482,32.7063,-0.0018,0.028,0.0342,Gaia DR3 2106821925598401152,284.06112235347956,45.50681150277166,3.9291,-0.6825,-7.8796,6.4273,2016,0
Gaia DR3 2107001283431633408,,,,,,,Gaia DR3 2107001283431633408,283.21255717679503,45.349694823151324,3.3209,-25.1203,-31.1413,17.5108,2016,7.105427357601002E-15
Gaia DR3 2107236613280607104,6178.9956,7.5266,11.7241,-0.3594,0.0086,0.0101,Gaia DR3 2107236613280607104,284.55578683877354,46.06388791011217,1.8192,7.5915,10.8269,-31.7213,2016,4.0076058400821584E-14
Gaia DR3 2107243072911617024,5627.6567,25.1694,34.5406,-0.0113,0.0245,0.0572,Gaia DR3 2107243072911617024,284.3942829947417,46.24911055,2.6313,-7.2052,-2.436,-2.1769,2016,0
Gaia DR3 2107266570672734592,6019.33,2.279,4.4034,0.0485,0.0051,0.0052,Gaia DR3 2107266570672734592,285.18994359154334,46.028062380373605,2.8235,-1.4662,20.684,-21.4254,2016,4.010124035222779E-14
Gaia DR3 2107315365800640896,6200.7095,3.8115,6.1572,-0.11,0.0066,0.0074,Gaia DR3 2107315365800640896,285.0775854939143,46.41965646495311,3.3519,-12.973,9.8582,-36.3949,2016,0
Gaia DR3 2107342716152550272,6005.9355,23.7125,34.836,-0.1558,0.0532,0.0782,Gaia DR3 2107342716152550272,284.5936853486546,46.449735287169595,1.6069,-2.5553,-7.7289,-10.3857,2016,7.105427357601002E-15
Gaia DR3 2116862833283266432,5872.4985,1.9885,3.9055,-0.2702,0.0047,0.006,Gaia DR3 2116862833283266432,281.11230612702497,43.22776554,2.0249,-5.9668,-5.2777,-10.4215,2016,0
Gaia DR3 2119196585370036736,6154.762,10.4383,9.8474,-0.3034,0.0089,0.0093,Gaia DR3 2119196585370036736,281.46178825059314,46.78992938866643,1.9008,12.799,8.4894,-27.1555,2016,7.105427357601002E-15
Gaia DR3 2119583201145735808,4800.82,3.017,3.8255,0.0025,0.0061,0.0061,Gaia DR3 2119583201145735808,281.4824647486216,47.20782027646408,9.2517,-41.0442,-43.2667,-28.5143,2016,7.105427357601002E-15
Gaia DR3 2119602202081351168,4598.9097,18.1167,26.5859,0.372,0.0544,0.098,Gaia DR3 2119602202081351168,281.1947304731251,47.49726403867885,5.2476,-5.5259,25.0661,-51.7192,2016,0
Gaia DR3 2119814820141727232,5096.075,22.382,20.8684,-0.252,0.0257,0.0215,Gaia DR3 2119814820141727232,280.6909168,47.809668054798834,1.7765,-15.5766,-15.5023,-23.1181,2016,0
Gaia DR3 2125713940547834496,5413.469,7.317,6.441,0.0334,0.0076,0.0061,Gaia DR3 2125713940547834496,292.38858243628977,42.233277152971844,5.6844,2.0019,3.8649,-28.9331,2016,4.208768239146667E-14
Gaia DR3 2125790322246812672,4548.025,10.4967,10.466,0.2262,0.0276,0.0281,Gaia DR3 2125790322246812672,291.6693450104364,42.590744901465115,2.0309,6.8341,5.8931,0,2016,0
Gaia DR3 2125831210335846016,5473.9526,7.8586,7.7884,-0.2747,0.0098,0.0083,Gaia DR3 2125831210335846016,291.9518778670187,43.074613999159475,1.6231,-2.8984,-22.6955,-46.4477,2016,0
Gaia DR3 2125850623586710400,5238.5815,23.1538,25.4849,-0.0092,0.0244,0.027,Gaia DR3 2125850623586710400,292.8733695924823,42.96615915790385,1.0765,0.2397,6.583,0,2016,0
Gaia DR3 2126237131982289280,5993.311,49.01,96.4702,-0.1939,0.031,0.0566,Gaia DR3 2126237131982289280,291.3877392676598,44.5290448,1.7925,-2.657,-11.9381,-25.8161,2016,0
Gaia DR3 2126266823097360000,4977.6445,12.6795,13.9065,0.0114,0.0133,0.0164,Gaia DR3 2126266823097360000,293.06131355140434,43.581357808023036,1.3208,-1.2208,0.5456,0,2016,0
Gaia DR3 2126418658780855296,5158.5312,24.2432,13.7958,0.0676,0.0346,0.0163,Gaia DR3 2126418658780855296,293.6413154355762,44.65706995561541,1.5232,4.2094,5.8418,-33.2683,2016,0
Gaia DR3 2126432677554353280,5514.2754,4.6177,8.8826,-0.4071,0.0089,0.01,Gaia DR3 2126432677554353280,293.3722096589809,44.78518152719211,1.4948,-6.4668,2.1957,-9.2661,2016,0
Gaia DR3 2126454633427425664,5279.793,13.579,15.8296,0.0372,0.0158,0.0188,Gaia DR3 2126454633427425664,293.74711152422327,45.10719781,1.572,4.1103,-1.8297,-18.7461,2016,4.0119094793747485E-14
Gaia DR3 2126508676995012352,5957.4893,21.4613,19.2457,-0.4308,0.0224,0.0167,Gaia DR3 2126508676995012352,293.23002001492745,45.05336509063897,1.586,11.3283,8.455,-9.171,2016,7.105427357601002E-15
Gaia DR3 2126569051355142656,5739.8135,2.0098,2.9755,-0.0151,0.0057,0.0062,Gaia DR3 2126569051355142656,291.6531628,44.68826074894719,1.5087,-1.1161,-3.6498,-18.8327,2016,7.105427357601002E-15
Gaia DR3 2126576679217244160,4902.6416,19.7339,20.0524,0.0182,0.0218,0.0274,Gaia DR3 2126576679217244160,291.84193202688533,44.85812396384026,1.1797,-8.5055,0.0482,0,2016,0
Gaia DR3 2126601108991279872,5550.253,5.348,8.376,0.1289,0.0058,0.0082,Gaia DR3 2126601108991279872,291.8481797,44.96828140011728,2.7425,16.9765,5.4331,-58.238,2016,7.105427357601002E-15
Gaia DR3 2126801563705846528,5608.1343,2.0869,2.9902,-0.382,0.0062,0.0065,Gaia DR3 2126801563705846528,292.2490572,46.16478942246022,1.4298,4.4008,-10.3999,-112.5519,2016,0
Gaia DR3 2126878048483137152,5428.528,18.0236,13.8187,-0.0485,0.0197,0.0147,Gaia DR3 2126878048483137152,290.1443389872986,44.04987957,1.444,-0.1689,-8.7285,-20.4649,2016,0
Gaia DR3 2126918008858627712,6241.4805,19.0288,62.8989,-0.3202,0.0184,0.0468,Gaia DR3 2126918008858627712,289.3473656565553,44.20844164034926,4.3258,11.5531,-19.9575,-21.0509,2016,0
Gaia DR3 2127001056345369984,5610.265,6.1595,8.1676,0.0219,0.0069,0.009,Gaia DR3 2127001056345369984,290.82419316719063,44.64728636153362,1.5949,0.6422,23.1313,-78.296,2016,0
Gaia DR3 2127355923723254272,5889.3286,15.9951,17.6694,-0.2273,0.0113,0.0139,Gaia DR3 2127355923723254272,289.0775345809352,46.00516780007869,0.8136,-1.1065,-13.0985,12.1793,2016,7.105427357601002E-15
Gaia DR3 2127390970655877888,6251.631,11.884,14.5,-0.2603,0.0103,0.0108,Gaia DR3 2127390970655877888,290.9952034477912,45.19218685187189,1.0837,-7.9321,-8.1447,-20.5556,2016,4.068459176128923E-14
Gaia DR3 2127398083121764736,5455.224,27.9716,17.043,0.036,0.0314,0.0189,Gaia DR3 2127398083121764736,290.9734395288398,45.290275199962146,1.259,-0.0284,-6.1367,0,2016,7.105427357601002E-15
Gaia DR3 2127771917075703424,5711.4834,2.3169,4.0181,0.1411,0.0059,0.0077,Gaia DR3 2127771917075703424,288.7389478123928,46.762593323109364,1.2577,-1.3072,2.816,-14.1291,2016,7.105427357601002E-15
Gaia DR3 2127798442794047104,5477.701,19.8587,69.098,-0.2458,0.0207,0.0638,Gaia DR3 2127798442794047104,288.8392764957853,46.98674714043934,1.6741,-7.2656,-0.2119,-24.432,2016,1.4210854715202004E-14
Gaia DR3 2127851116271982848,5560.683,3.2284,5.1983,-0.3348,0.005,0.0057,Gaia DR3 2127851116271982848,290.0605131290579,47.163953554745184,1.4181,3.8594,2.3375,-64.1202,2016,0
Gaia DR3 2128067720065692672,6162.4775,73.853,109.3389,-0.1631,0.0614,0.0701,Gaia DR3 2128067720065692672,293.7280684793719,46.12911300751494,0.8455,-4.908,-6.0195,5.935,2016,0
Gaia DR3 2128098197152438144,4974.268,9.535,9.6763,0.0531,0.0116,0.0118,Gaia DR3 2128098197152438144,294.3255908387434,46.00226535924586,2.0905,5.2139,5.7622,-16.2402,2016,7.105427357601002E-15
Gaia DR3 2128298617506651904,6159.9136,15.2796,15.9179,-0.0826,0.0133,0.0137,Gaia DR3 2128298617506651904,292.6780477136592,46.726680279251546,1.2709,-5.2263,-6.875,-26.7991,2016,7.105427357601002E-15
Gaia DR3 2128504397979254528,5087.5884,9.0747,8.5086,-0.4494,0.0195,0.0184,Gaia DR3 2128504397979254528,292.3760929,47.880958423460314,0.9948,-6.2761,-8.1052,0,2016,0
Gaia DR3 2128724678262662144,5723.5176,5.7316,34.0034,-0.1013,0.0064,0.0323,Gaia DR3 2128724678262662144,295.1190095197763,48.48136579388148,1.7886,13.4124,16.4079,-49.2708,2016,3.767943296260501E-14
Gaia DR3 2128911251641171200,5453.9604,15.9084,13.4,-0.0919,0.0165,0.0152,Gaia DR3 2128911251641171200,293.3517005518855,48.444591129531524,1.5831,-2.0665,-7.4716,-19.9932,2016,3.7706742477075633E-14
Gaia DR3 2128925579652377472,5987.0005,98.0245,55.8472,-0.2604,0.0985,0.0529,Gaia DR3 2128925579652377472,292.92917051664256,48.60283079887761,1.6744,5.6705,4.1405,0.2471,2016,0
Gaia DR3 2129025841368107136,5107.889,21.4876,19.2672,-0.1554,0.0386,0.0218,Gaia DR3 2129025841368107136,293.16009628043156,48.88120699461016,1.6479,-6.685,-2.7272,-35.4566,2016,0
Gaia DR3 2129084935820532608,4555.2466,18.6346,10.5727,0.1586,0.0542,0.025,Gaia DR3 2129084935820532608,291.506038,46.89562137699335,5.8533,-25.6576,-34.1374,17.0359,2016,3.948733164212359E-14
Gaia DR3 2129161734133025408,4915.03,21.055,20.452,-0.1506,0.0216,0.0214,Gaia DR3 2129161734133025408,290.93426773968787,47.35754001557909,1.2622,-0.8353,-9.9663,0,2016,7.105427357601002E-15
Gaia DR3 2129495057954829952,6109.6387,104.2603,107.0423,-7.00E-04,0.0849,0.0977,Gaia DR3 2129495057954829952,289.66439331584877,48.706164055758116,2.9439,-3.5253,-6.0782,-18.5687,2016,7.105427357601002E-15
Gaia DR3 2129503716608032256,5455.4277,28.4637,33.2637,-0.7593,0.0396,0.0455,Gaia DR3 2129503716608032256,290.67618765398436,48.29423652410041,0.7948,1.024,2.0327,0,2016,0
Gaia DR3 2129550445852902656,5729.4624,11.7329,15.1936,-0.048,0.0127,0.0209,Gaia DR3 2129550445852902656,291.03230868666486,49.04021141021865,6.9298,-7.3046,-10.4545,-20.4995,2016,0
Gaia DR3 2129753580626548736,5528.2124,14.04,113.6396,-0.3072,0.0285,0.1532,Gaia DR3 2129753580626548736,291.90698453923784,49.26207688295888,1.246,-7.605,6.3961,6.4612,2016,0
Gaia DR3 2130243550494676480,5329.313,11.1235,12.2666,0.126,0.0128,0.0132,Gaia DR3 2130243550494676480,287.91793856241117,45.59288245539906,1.5309,3.4873,-3.0379,-3.9992,2016,0
Gaia DR3 2130250731680096384,5491.202,32.9403,30.874,-0.1801,0.0363,0.0385,Gaia DR3 2130250731680096384,288.16465319423594,45.81642333802504,0.7408,-4.7932,-16.9185,0,2016,0
Gaia DR3 2130320172711659136,6162.22,4.1624,7.752,-0.3913,0.0069,0.0082,Gaia DR3 2130320172711659136,287.6374832266355,46.20444435733928,3.4923,-11.5388,9.5189,-9.6508,2016,3.934060179109151E-14
Gaia DR3 2130405041264941184,5383.5957,9.7267,16.8608,-0.3132,0.0162,0.021,Gaia DR3 2130405041264941184,288.2119719438424,46.615047009442634,0.9883,6.4207,6.4362,0,2016,0
Gaia DR3 2130460394803778816,5058.3076,12.8242,15.8311,0.1794,0.018,0.0197,Gaia DR3 2130460394803778816,287.90608859995746,46.93774778045156,1.2914,0.7065,-0.9896,0,2016,0
Gaia DR3 2130625287187139072,5741.616,2.9807,4.5944,-0.4997,0.0114,0.0105,Gaia DR3 2130625287187139072,287.0394931123638,46.64016914699425,0.8323,-0.2527,10.5368,-45.691,2016,0
Gaia DR3 2130634667395736704,5495.5264,22.8628,15.4386,0.0136,0.033,0.0191,Gaia DR3 2130634667395736704,287.1010261296898,46.89640050192467,1.3847,-6.612,-19.9255,-26.0019,2016,0
Gaia DR3 2130661880308812800,5768.3,1.846,2.0364,-0.1987,0.0053,0.0054,Gaia DR3 2130661880308812800,287.1406164741805,47.11511252752334,2.3608,-6.1281,-19.764,-34.8282,2016,7.105427357601002E-15
Gaia DR3 2131114947819394816,4877.782,15.1326,16.588,0.0049,0.0179,0.0218,Gaia DR3 2131114947819394816,286.99947556998484,48.37578588,1.1727,-1.3241,-5.571,0,2016,0
Gaia DR3 2131169545443676032,,,,,,,Gaia DR3 2131169545443676032,286.7156676900594,48.64525389766578,0.8912,0.237,-9.6043,15.6152,2016,0
Gaia DR3 2131216137248338304,5575.4536,3.0936,5.7051,-0.592,0.007,0.008,Gaia DR3 2131216137248338304,287.32652645591173,48.673341246642195,2.5017,-13.0409,-21.2388,5.7274,2016,0
Gaia DR3 2131494313689868416,5846.353,1.832,2.096,0.267,0.002,0.002,Gaia DR3 2131494313689868416,285.3111818128082,47.84847398,2.405,-13.0308,-24.7158,-20.8423,2016,0
Gaia DR3 2131709921047710336,5520.624,8.9453,10.943,0.1817,0.0114,0.0128,Gaia DR3 2131709921047710336,283.2555071764037,48.355248355138436,1.0851,0.7296,6.8561,-79.0824,2016,0
Gaia DR3 2131859244171951616,6231.89,14.6493,12.1847,-0.0476,0.0128,0.0105,Gaia DR3 2131859244171951616,283.9367802516257,49.110274230999984,1.7367,-3.6755,-3.4452,-17.463,2016,3.983130154239959E-14
Gaia DR3 2132004074768150400,5577.67,51.1573,61.838,-0.2409,0.0569,0.0635,Gaia DR3 2132004074768150400,285.3652069422543,49.201553613259065,0.3882,-0.5676,-9.209,0,2016,0
Gaia DR3 2132155017099178624,5595.7837,1.376,2.3103,-0.2251,0.0043,0.0047,Gaia DR3 2132155017099178624,285.67929401534263,50.24148992494669,5.3698,-18.4825,41.382,-98.4404,2016,7.105427357601002E-15
Gaia DR3 2132178725317511936,6179.7046,9.729,9.7578,-0.2142,0.008,0.0081,Gaia DR3 2132178725317511936,284.4227537638208,49.10618969,1.8243,1.0778,-6.6356,-30.954,2016,1.4210854715202004E-14
Gaia DR3 2132193431285570304,5885.366,5.1414,10.3225,-0.1199,0.0092,0.0104,Gaia DR3 2132193431285570304,284.43346331745494,49.305123431171154,1.1695,-4.3501,-3.2564,-15.5411,2016,0
Gaia DR3 2132215421518219392,5855.456,1.552,2.5176,-0.3767,0.0051,0.0054,Gaia DR3 2132215421518219392,284.7391183913828,49.59844669643691,2.9701,12.8877,14.1584,-27.6139,2016,0
Gaia DR3 2132325200882204544,5691.414,17.7846,26.592,-0.3244,0.018,0.029,Gaia DR3 2132325200882204544,285.0416206625163,50.07539178933201,2.1643,-13.2321,4.1777,-8.9313,2016,7.105427357601002E-15
Gaia DR3 2132709613336959744,,,,,,,Gaia DR3 2132709613336959744,289.2333760039208,49.93889333926979,2.1187,-3.395,-13.1331,-29.1342,2016,7.105427357601002E-15
Gaia DR3 2132768956905956352,4773.3467,29.2197,11.5623,0.2392,0.0389,0.0224,Gaia DR3 2132768956905956352,287.6057056660684,49.52339814640493,6.5313,13.6107,32.5433,-20.4046,2016,7.105427357601002E-15
Gaia DR3 2133021810218800384,5426.5166,25.2926,23.6244,-0.1397,0.0258,0.0244,Gaia DR3 2133021810218800384,289.8354213700184,49.82560723656321,1.2084,-2.6362,1.4202,0,2016,0
Gaia DR3 2133022669212268800,5750.139,16.089,19.925,-0.2372,0.0131,0.0148,Gaia DR3 2133022669212268800,289.7805387,49.89656299924524,1.0693,-2.6103,4.7543,-8.7496,2016,7.105427357601002E-15
Gaia DR3 2133124511477266176,5556.0845,7.1172,5.5635,0.0993,0.0059,0.0057,Gaia DR3 2133124511477266176,289.3879897691423,50.597010300894965,0.9109,-2.6542,-8.3953,3.2478,2016,3.677549600890191E-14
Gaia DR3 2133369840008452224,4650.389,43.4412,10.3127,0.2672,0.1404,0.0205,Gaia DR3 2133369840008452224,287.9978707670308,50.9441793,3.7984,-5.9212,-38.9211,2.2637,2016,0
Gaia DR3 2133611659549905024,6013.9956,9.6296,11.4574,-0.2443,0.0097,0.0106,Gaia DR3 2133611659549905024,286.24717370229274,50.24236821263879,2.1608,-1.3957,-8.2602,-12.0821,2016,0
Gaia DR3 2134719834131370496,5842.564,16.671,12.641,-0.284,0.0165,0.0147,Gaia DR3 2134719834131370496,295.6486571194512,48.49551815029151,1.9186,-3.8009,-7.4662,-0.9107,2016,3.8333204396339556E-14
Gaia DR3 2134798444914611712,5847.9644,36.3916,25.4756,0.1472,0.0307,0.0279,Gaia DR3 2134798444914611712,294.83510372555827,48.982319063755696,1.4739,-6.9411,-9.015,-52.238,2016,7.105427357601002E-15
Gaia DR3 2135002576119495936,6314.268,31.807,16.817,0.0443,0.0203,0.0113,Gaia DR3 2135002576119495936,294.4685196109905,49.33097729897194,1.8647,-0.7092,-10.7212,-33.7143,2016,0
Gaia DR3 2135019107451751168,5654.0405,8.331,13.4125,-0.4135,0.011,0.0144,Gaia DR3 2135019107451751168,294.2189136132725,49.47925407482584,1.1395,2.2746,3.8793,-26.9701,2016,0
Gaia DR3 2135044568018500096,6148.697,15.0974,18.7693,-0.1183,0.0148,0.0146,Gaia DR3 2135044568018500096,294.4639171785509,49.76504729565199,1.1474,3.3548,0.354,-19.2487,2016,7.105427357601002E-15
Gaia DR3 2135055391335687680,,,,,,,Gaia DR3 2135055391335687680,294.36603121418824,49.915022349027446,0,0,0,0,2016,0
Gaia DR3 2135179533070399232,5982.1313,2.1835,3.6697,-0.5803,0.0047,0.0063,Gaia DR3 2135179533070399232,295.2264758483415,50.55924205538903,2.9234,8.5255,52.9971,3.6334,2016,0
Gaia DR3 2135203000771400320,5929.3867,63.6127,56.2036,-0.2736,0.0487,0.0393,Gaia DR3 2135203000771400320,294.33851151589977,50.33651703,0.6597,2.7382,-5.3982,0,2016,7.105427357601002E-15
Gaia DR3 2135314184585149696,5931.5747,4.9443,9.4933,-0.0543,0.0068,0.0091,Gaia DR3 2135314184585149696,297.0188065927727,50.409047500411965,2.5532,-3.9098,11.2777,-5.3803,2016,7.105427357601002E-15
Gaia DR3 2135378231142791808,5671.5894,9.6684,18.4531,-0.6645,0.0181,0.0216,Gaia DR3 2135378231142791808,296.3019799,50.672310988550485,0.9469,3.313,-3.6077,0,2016,1.4210854715202004E-14
Gaia DR3 2135427576021495168,4974.5327,7.2671,8.0303,-0.1991,0.0083,0.0081,Gaia DR3 2135427576021495168,296.8509817792637,50.698769255478716,2.2431,-2.4599,-31.5266,-33.3535,2016,3.600447911311515E-14
Gaia DR3 2135590578620605568,6230.816,23.336,23.3617,-0.4637,0.0091,0.0084,Gaia DR3 2135590578620605568,295.4865829792983,51.01352461245667,2.076,4.2102,6.6437,-17.3664,2016,3.646133250812899E-14
Gaia DR3 2143749504651818368,5714.2964,1.7094,2.1336,-0.0891,0.0054,0.0053,Gaia DR3 2143749504651818368,282.9249849799362,48.626402020226294,2.026,1.4296,4.0403,-19.6815,2016,7.105427357601002E-15
Gaia DR3 2242756094328104576,,,,,,,Gaia DR3 2242756094328104576,292.3139982792901,65.97378351827352,26.886,56.4899,-131.6588,-45.5819,2016,0
Gaia DR3 2318295979126499200,,,,,,,Gaia DR3 2318295979126499200,7.302035701553612,-30.45412806,15.9,150.0321,-87.1322,57.5667,2016,3.634278574445449E-15
Gaia DR3 2329387852426700800,,,,,,,Gaia DR3 2329387852426700800,353.24356218264177,-29.4165333,26.1175,150.9913,-333.0598,0,2016,0
Gaia DR3 2333676738050041728,,,,,,,Gaia DR3 2333676738050041728,2.2716167670028304,-27.12173272,42.0592,692.2239,90.0669,19.701,2016,3.952571376882996E-16
Gaia DR3 2371032916186181760,,,,,,,Gaia DR3 2371032916186181760,11.24867791,-15.27419134,66.8287,318.1521,-596.6229,-13.7418,2016,0
Gaia DR3 2546413408888429696,,,,,,,Gaia DR3 2546413408888429696,3.961707533403647,1.200514459631661,3.5706,1.9512,16.4471,18.2701,2016,4.439917302222496E-16
Gaia DR3 2609222216055014144,,,,,,,Gaia DR3 2609222216055014144,338.36820372598703,-9.02294603,3.2363,-41.0514,-39.3795,24.4837,2016,1.7763568394002505E-15
Gaia DR3 306410392895767680,,,,,,,Gaia DR3 306410392895767680,17.47473625608763,25.68164789375984,2.778,-24.3867,-10.819,-19.7709,2016,0
Gaia DR3 3311804515502788352,,,,,,,Gaia DR3 3311804515502788352,63.27395214948895,15.247700118856342,22.3572,122.4495,-18.6035,42.9187,2016,1.3825196746661473E-14
Gaia DR3 3460438662009633408,,,,,,,Gaia DR3 3460438662009633408,178.5780409728862,-37.55337693,36.8291,250.9963,-144.9467,49.488,2016,0
Gaia DR3 3579573358218514944,,,,,,,Gaia DR3 3579573358218514944,186.5410904125123,-9.624824315,2.7558,-38.1379,-8.1905,41.8406,2016,2.8077883865289137E-14
Gaia DR3 3581264372742210048,,,,,,,Gaia DR3 3581264372742210048,183.64566114979326,-9.562628252,4.7816,-22.3243,2.1088,15.9654,2016,1.7763568394002505E-15
Gaia DR3 3695235654973028736,,,,,,,Gaia DR3 3695235654973028736,188.2782774210235,-1.953291906,15.4345,-47.2556,-28.6805,13.112,2016,2.8408666116069484E-14
Gaia DR3 3761497761876022400,,,,,,,Gaia DR3 3761497761876022400,161.70689415477983,-9.399375434,10.0049,-79.1599,-78.5067,35.0139,2016,1.7763568394002505E-15
Gaia DR3 3807826337147474176,,,,,,,Gaia DR3 3807826337147474176,163.0323086038746,0.49316091467820633,4.6523,-23.7087,-43.8882,3.2405,2016,5.551115123125783E-17
Gaia DR3 3862378262961788288,,,,,,,Gaia DR3 3862378262961788288,157.62221472824783,6.863672467871654,7.2662,-17.0779,-5.3479,-15.4997,2016,1.7763568394002505E-15
Gaia DR3 3899064464855774592,,,,,,,Gaia DR3 3899064464855774592,178.32967118462992,6.4123199835855225,8.0925,-24.1688,15.4063,-12.0534,2016,2.8243901160196205E-14
Gaia DR3 415703635408772480,,,,,,,Gaia DR3 415703635408772480,9.458742700482865,51.28877830630163,2.6882,-6.9944,2.5706,-0.7054,2016,7.105427357601002E-15
Gaia DR3 4223507222112425344,,,,,,,Gaia DR3 4223507222112425344,303.16678109720226,-2.144443991,20.1141,-132.9126,-50.6829,9.9084,2016,1.1360721928539577E-13
Gaia DR3 4477340334766250496,,,,,,,Gaia DR3 4477340334766250496,277.7510151,7.183345910755835,1.0192,1.0704,-4.0993,11.1287,2016,0
Gaia DR3 457317534880081152,,,,,,,Gaia DR3 457317534880081152,38.36916388723121,56.025707971568316,1.4781,-3.3712,9.0E-4,-8.4738,2016,0
Gaia DR3 4620574887039870720,,,,,,,Gaia DR3 4620574887039870720,43.828534806771245,-79.41468088,14.4506,79.2307,165.9302,18.9141,2016,1.3052633626249574E-15
Gaia DR3 4886243456388510720,,,,,,,Gaia DR3 4886243456388510720,64.13094408963441,-28.31582574,30.9326,218.5695,-251.1452,28.8383,2016,3.552713678800501E-15
Gaia DR3 5001098681543159040,,,,,,,Gaia DR3 5001098681543159040,10.569726869675728,-36.71796802,45.2998,-154.8801,45.6325,14.5141,2016,0
Gaia DR3 5262666416118954368,,,,,,,Gaia DR3 5262666416118954368,113.85236802193072,-73.57740746,23.5124,82.6282,9.9242,55.7837,2016,0
Gaia DR3 534988616816537728,,,,,,,Gaia DR3 534988616816537728,21.921767121264168,72.29662042879961,22.2257,71.6282,40.4495,-59.9883,2016,2.1606840959663364E-15
Gaia DR3 5444147952811517696,,,,,,,Gaia DR3 5444147952811517696,158.22503202357495,-34.98990922,1.9962,11.4518,-13.4763,-9.7929,2016,2.328457209123554E-14
Gaia DR3 5723772524469252096,,,,,,,Gaia DR3 5723772524469252096,127.38722781026458,-12.94476877,1.608,-13.182,-3.7336,68.4264,2016,1.7763568394002505E-15
Gaia DR3 5738284016370287616,,,,,,,Gaia DR3 5738284016370287616,142.17345094046757,-12.16721923,30.2902,35.8582,-389.7848,5.6533,2016,2.783999119931001E-14
Gaia DR3 6003809889735481856,,,,,,,Gaia DR3 6003809889735481856,227.27032703913974,-42.70496654,2.4248,-10.2435,-5.6361,-24.4555,2016,2.2061418187994357E-14
Gaia DR3 6347643496607835520,,,,,,,Gaia DR3 6347643496607835520,290.23830738848443,-82.55995922,80.1134,342.3,-1230.2965,-10.5859,2016,0
Gaia DR3 6411096106487783296,,,,,,,Gaia DR3 6411096106487783296,332.9482727733372,-58.94611776,16.0671,138.3646,-235.771,-69.7756,2016,2.9322333511933864E-14
Gaia DR3 6453566701615683456,,,,,,,Gaia DR3 6453566701615683456,319.94969963669564,-58.14893439,3.1499,10.5499,-10.7629,11.2743,2016,0
Gaia DR3 6582435924022652672,,,,,,,Gaia DR3 6582435924022652672,320.7628752860877,-40.04844499,2.9938,-3.9022,-39.9508,15.6556,2016,4.4089988227874426E-14
Gaia DR3 684992690384102528,,,,,,,Gaia DR3 684992690384102528,134.7188775848426,21.074751903570448,35.9298,175.74,-318.3322,14.0889,2016,0
