KOI,Host Gaia DR3 ID,P,P pe,P me,PSR,PSR pme
TOI-3785 b,1044013542142711296,4.6747373,0.0000038,0.0000038,0.096197713,1.55929E-05
TOI-1260 b,1053809778428567680,3.127463,0.000005,0.000005,0.032893768,0.000562417
TOI-1260 c,1053809778428567680,7.493134,0.00002,0.00002,0.037696154,0.000729517
TOI-1260 d,1053809778428567680,16.608164,0.000083,0.000083,0.042520583,0.000917203
TOI-1194 b,1074139748425931008,2.310644,0.000001,0.000001,0.081957306,0.000475858
KELT-24 b,1076970406751899008,5.5514926,0.0000081,0.000008,0.086775573,0.000691439
TOI-4127 b,1111639314047794944,56.39879,0.0001,0.0001,0.086371292,0.001563019
HAT-P-25 b,111322601672419712,3.65281514,0.00000076,0.00000075,0.012688578,0.000106395
TOI-3807 b,1117620107545810944,2.8989727,0.0000038,0.0000039,0.116619038,
TOI-2096 b,1126422935076082176,3.1190633,0.00001,0.0000093,0.051575188,0.001648079
TOI-2096 c,1126422935076082176,6.38784,0.000012,0.000012,0.079749608,0.001128532
TOI-3912 b,1255520718461480960,3.4936264,0.0000038,0.0000038,0.094074439,0.001009839
XO-1 b,1316708918505350528,3.94153,0.000027,0.000027,0.134164079,0.000447214
HD 149026 b,1331356474971716992,2.87589,0.000002,0.000002,0.053851648,0.000807775
TOI-2145 b,1344163891352965632,10.26075,0.00083,0.00082,0.039962482,0.000437911
WASP-150 b,1416731285125373184,5.644207,0.000003,0.000004,0.066332496,0.000753778
WASP-92 b,1424011082893734272,2.1746742,0.0000016,0.0000016,0.111982141,0.001294849
K2-155 b,145333927996558976,6.342,0.002,0.002,0.02607681,0.000958706
K2-155 c,145333927996558976,13.85,0.006,0.006,0.032093613,0.001557942
K2-155 d,145333927996558976,40.718,0.005,0.005,0.027202941,0.002205644
KELT-6 b,1464700950221781504,7.8457,0.0002,0.0002,0.077459667,0.000968246
TOI-1807 b,1476485996883837184,0.549372,0.000007,0.000007,0.017663522,0.000424604
K2-133 e,148080473682357376,26.5841,0.0018,0.0017,0.031416556,0.001368705
TOI-1416 b,1491634483976350720,1.0697568,0.0000028,0.0000028,0.021330729,
HAT-P-12 b,1499514786891168640,3.2130598,0.0000021,0.0000021,0.140605832,0.001315735
WASP-113 b,1587399232335653760,4.54216875,0.0000042,0.0000042,0.089944427,0.001556517
TOI-1268 b,1675923005135391488,8.1577094,0.0000045,0.0000045,0.090476516,0.001132891
TOI-2257 b,1716345832872291968,35.189346,0.00009,0.00009,0.064265076,0.00140045
TOI-4087 b,1725490333641502976,3.1774835,0.00000094,0.00000094,0.10754069,0.000460291
WASP-90 b,1737061349198867456,3.916243,0.000003,0.000003,0.084261498,0.001186782
MASCARA-1 b,1744911763437512064,2.14877381,0.00000088,0.00000087,0.078841613,0.000221964
WASP-176 b,1750321012752775040,3.899052,0.000005,0.000005,0.08,0.00125
HD 209458 b,1779546757669063552,3.52474859,0.00000038,0.00000038,0.122474487,9.79796E-05
HAT-P-15 b,179498266829041664,10.8635,0.000027,0.000027,0.1,0.0009
HAT-P-23 b,1808938730710633984,1.212884,0.000002,0.000002,0.102645019,
KELT-7 b,181908842994567936,2.73477,0.000004,0.000004,0.091104336,0.000658586
HAT-P-49 b,1835842749465226368,2.69155,0.000006,0.000006,0.079372539,0.001889822
HAT-P-17 b,1849786481031300608,10.33852,0.000009,0.000009,0.122474487,0.000898146
WASP-10 b,1909762228985058944,3.0927616,0.0000112,0.0000112,0.158902486,0.000881043
HAT-P-6 b,1925321658546436352,3.85298,0.000005,0.000005,0.093273791,0.000530696
HAT-P-40 b,1962153854973972096,4.45724,0.00001,0.00001,0.080622577,0.001426399
HD 219134 b,2009481748875806976,3.092926,0.00001,0.00001,0.018920888,0.00063422
HD 219134 c,2009481748875806976,6.76458,0.00033,0.00033,0.017832555,0.000532734
KELT-20 b,2033123654092592384,3.4741085,0.0000019,0.0000019,0.114411538,0.000611826
WTS-1 b,2048464796206336896,3.352057,0.000013,0.000015,0.132800602,0.003452545
Kepler-1977 b,2051027792165858304,4.53702121,0.00002498,0.00002498,0.022458851,0.000812597
K01944.01,2051104586182508928,12.184169,0.000012,0.000012,0.0223455,0.0008047
K00440.01,2051105410816218368,15.906867,0.000018,0.000018,0.0261369,0.001351
K00440.02,2051105410816218368,4.973444,0.00001,0.00001,0.0280884,0.0010611
Kepler-1979 b,2051368434612892800,18.5084526,0.0001311,0.0001311,0.02754814,0.000520906
K01001.01,2051738798233021824,40.806846,0.00002,0.00002,0.0158769,0.0003331
Kepler-1514 b,2051866238502437632,217.83184,0.00012,0.00012,0.088345911,0.000152808
Kepler-1514 c,2051866238502437632,10.514181,0.000039,0.000039,0.008360622,0.000376766
K00490.04,2051933102555095936,21.80387,0.000019,0.000019,0.0138076,0.0010162
K00490.03,2051933102555095936,7.406109,0.000008,0.000008,0.0181944,0.000476
K00490.01,2051933102555095936,4.393153,0.000004,0.000004,0.0184015,0.0004468
K01198.03,2051950454223150720,35.675697,0.00002,0.00002,0.0157244,0.0018742
K01198.01,2051950454223150720,16.088329,0.000018,0.000018,0.023246,0.0011342
K01198.02,2051950454223150720,10.300658,0.000019,0.000019,0.0135627,0.0012862
KIC 3558849 b,2052136821446989568,1322.3,386.1,11.2,0.063,
Kepler-1980 b,2052139123549626240,33.0257179,0.0006181,0.0006181,0.022518881,0.001048009
K00384.01,2052168466766597120,5.080068,0.000014,0.000014,0.0140605,0.0005329
K00386.02,2052185062520374272,76.732517,0.00002,0.00002,0.0257895,0.0012929
K00386.01,2052185062520374272,31.158789,0.000019,0.000019,0.029662,0.0007106
K01203.01,2052304325169514880,31.884154,0.00002,0.00002,0.0241549,0.0011449
K01203.02,2052304325169514880,14.128467,0.000017,0.000017,0.022747,0.0011384
K01199.01,2052392835854583936,53.529348,0.00002,0.00002,0.029212,0.0015939
K00988.02,2052528625536778624,24.570817,0.000015,0.000015,0.0280271,0.0005665
K00988.01,2052528625536778624,10.381225,0.000009,0.000009,0.0267855,0.0003535
K00800.02,2052688467040906624,7.21203,0.000017,0.000017,0.028294,0.001197
K00800.01,2052688467040906624,2.711494,0.000008,0.000008,0.0259437,0.0010392
K00069.01,2052747119115620352,4.726739,0.000001,0.000001,0.0151309,0.0001247
K01102.03,2052823535171095296,18.998513,0.000019,0.000019,0.019811,0.0012431
K01102.04,2052823535171095296,4.244376,0.000012,0.000012,0.0126096,0.0008463
Kepler-975 c,2052826318309391104,5.05821338,0.00000474,0.00000474,0.027355073,0.000433192
K01860.04,2052975370856687744,24.843512,0.00002,0.00002,0.0138319,0.0015157
K01860.03,2052975370856687744,3.076446,0.000006,0.000006,0.0140681,0.000563
K01860.02,2052975370856687744,12.209458,0.000015,0.000015,0.0215702,0.0006465
K01860.01,2052975370856687744,6.319431,0.000006,0.000006,0.0218313,0.0005154
Kepler-416 d,2052975370856687744,3.07644709,0.00001038,0.00001038,0.014720734,0.000275122
K00232.05,2053070616052194304,56.25879,0.00002,0.00002,0.0170975,0.00052
K00232.04,2053070616052194304,37.996389,0.00002,0.00002,0.0166047,0.0005821
K00232.03,2053070616052194304,21.587868,0.00002,0.00002,0.016142,0.0005919
K00232.02,2053070616052194304,5.766165,0.000007,0.000007,0.0172517,0.0004308
K00555.02,2053546910744629504,86.494779,0.00002,0.00002,0.0272076,0.0007648
K00555.01,2053546910744629504,3.701759,0.000004,0.000004,0.0153074,0.0004554
K01060.04,2053552270863859712,8.193476,0.000017,0.000017,0.0110422,0.0005953
K01060.03,2053552270863859712,20.496612,0.000021,0.000021,0.0135719,0.0009471
K01060.02,2053552270863859712,4.757961,0.000013,0.000013,0.0096482,0.0005553
K01060.01,2053552270863859712,12.109695,0.000018,0.000018,0.0159526,0.0005696
Kepler-45 b,2053562475706063744,2.455239,0.000004,0.000004,0.178997207,0.002011205
K00841.03,2053586321364864640,6.546272,0.000009,0.000009,0.0236775,0.0009438
KELT-21 b,2054523105274216704,3.6127647,0.0000033,0.0000033,0.099498744,0.000703526
HD 332231 b,2056007995732413312,18.71204,0.00043,0.00043,0.069763888,0.000415688
Kepler-1487 c,2073153024144692736,35.8007112,0.0003713,0.0003713,0.02043037,0.000428284
Kepler-58 e,2073274618947678464,4.45814897,0.00002897,0.00002897,0.013714955,0.00052862
K00144.01,2073277200237694464,4.176255,0.000002,0.000002,0.0327019,0.0002627
K02462.01,2073539536845074176,12.146927,0.000016,0.000016,0.0079382,0.0003434
K01563.03,2073547954981763328,3.205405,0.000006,0.000006,0.0190858,0.0009711
K01563.04,2073547954981763328,16.738655,0.000019,0.000019,0.0337772,0.0021504
K01563.02,2073547954981763328,8.29088,0.000012,0.000012,0.0280606,0.0011807
K01563.01,2073547954981763328,5.487102,0.000006,0.000006,0.0314396,0.0010513
Kepler-1669 d,2073652546016392448,4.72941177,0.00003075,0.00003075,0.020839866,0.000808546
Kepler-1983 b,2073697660354300544,7.32851947,0.00002311,0.00002311,0.016667333,0.000827967
K00261.01,2073731161099713408,16.238475,0.000005,0.000005,0.0255933,0.0003015
K01621.01,2073804411752924288,20.310505,0.00002,0.00002,0.0122736,0.0006823
K00148.03,2075112109039378688,42.89607,0.000019,0.000019,0.020856,0.0003435
K00148.02,2075112109039378688,9.673944,0.000004,0.000004,0.0279517,0.0004586
K00148.01,2075112109039378688,4.778006,0.000003,0.000003,0.0194458,0.000325
K00306.01,2075161655782111872,24.307892,0.000015,0.000015,0.025247,0.0013088
K00102.01,2076121602454770560,1.735136,0,0,0.0337911,0.0002593
Kepler-1990 b,2076121602454770560,1.73513619,0.00000028,0.00000028,0.030864219,3.726E-05
Kepler-1990 c,2076121602454770560,4.06844957,0.00001212,0.00001212,0.008933085,0.000167915
Kepler-1801 c,2076185408488670208,116.583183,0.002231,0.002231,0.028618176,0.001782084
K00500.04,2076328963475704576,4.645388,0.000011,0.000011,0.0197009,0.0011436
K00500.03,2076328963475704576,3.072147,0.000003,0.000003,0.0197765,0.0008029
Kepler-1834 c,2076454445237794432,0.76669152,0.00000127,0.00000127,0.015620499,0.000323293
K01557.04,2076565805151925760,1.49915,0.000002,0.000002,0.0156871,0.0006258
K01557.02,2076565805151925760,9.653473,0.000008,0.000008,0.0334888,0.000616
K01557.03,2076565805151925760,5.315955,0.000005,0.000005,0.0347268,0.0010818
K01557.01,2076565805151925760,3.295705,0.000002,0.000002,0.0398516,0.0005356
K00645.02,2076601917234347520,23.78325,0.00002,0.00002,0.0146158,0.0008518
K00645.01,2076601917234347520,8.503414,0.000019,0.000019,0.0186947,0.0018003
K00191.02,2076692386427776768,2.418405,0.000003,0.000003,0.0248711,0.0006545
K00191.04,2076692386427776768,38.651995,0.00002,0.00002,0.0213875,0.0010174
K00448.01,2076764576237957504,10.13962,0.000009,0.000009,0.0331048,0.0005627
K01050.02,2076782889978499840,2.853133,0.000004,0.000004,0.0180074,0.0006731
K01050.01,2076782889978499840,1.269091,0.000002,0.000002,0.0184043,0.0004137
K00658.03,2076792648144511104,11.329752,0.00002,0.00002,0.0115186,0.0013487
K00658.02,2076792648144511104,5.370646,0.000012,0.000012,0.0241604,0.0008296
K00658.01,2076792648144511104,3.162692,0.000007,0.000007,0.0233803,0.0007159
K00305.01,2076871091425583232,4.603576,0.000002,0.000002,0.0188765,0.0003688
K00509.02,2076955822541823744,11.463477,0.000013,0.000013,0.0328424,0.0008447
K00509.01,2076955822541823744,4.16696,0.000005,0.000005,0.0274167,0.0005424
K00157.02,2076960598545789824,22.687159,0.000014,0.000014,0.0282097,0.0005608
K00157.06,2076960598545789824,10.304021,0.000012,0.000012,0.0156464,0.0003009
K00094.02,2076970047474270208,10.423684,0.000005,0.000005,0.0266356,0.0006206
K00094.04,2076970047474270208,3.743176,0.000003,0.000003,0.0105429,0.0001833
K01364.01,2077140987172577408,20.834288,0.000018,0.000018,0.0256397,0.0009735
K01364.03,2077140987172577408,11.978813,0.000016,0.000016,0.0237118,0.0009293
K01364.02,2077140987172577408,7.055679,0.000009,0.000009,0.023056,0.0008446
K01364.04,2077140987172577408,3.715456,0.000006,0.000006,0.016603,0.0007948
K01364.05,2077140987172577408,2.580823,0.000005,0.000005,0.0152323,0.0008736
K01692.01,2077540827141811200,5.960402,0.000005,0.000005,0.0267866,0.0003383
K00564.03,2077556465126659456,6.217125,0.000018,0.000018,0.011278,0.0012118
K00307.02,2077598384004774912,5.211036,0.000013,0.000013,0.0139191,0.0004866
K00307.01,2077598384004774912,19.674162,0.000019,0.000019,0.0215047,0.0009159
Kepler-1985 b,2077726678964445696,3.42064689,0.00001928,0.00001928,0.01888915,0.000804695
K00671.03,2077750803804146176,16.25946,0.000018,0.000018,0.0120048,0.0006365
K00671.04,2077750803804146176,11.131752,0.000019,0.000019,0.0083138,0.0005729
K00671.02,2077750803804146176,7.466634,0.000012,0.000012,0.0107257,0.0004045
K00671.01,2077750803804146176,4.228655,0.000005,0.000005,0.0118965,0.0003691
K00881.01,2077961463362645632,21.022471,0.000017,0.000017,0.0391029,0.0008492
K00987.01,2077994272606400512,3.179264,0.000006,0.000006,0.016135,0.0009996
Kepler-1987 b,2078000289864478976,2.345863,0.00000955,0.00000955,0.017796067,0.000516968
Kepler-1987 c,2078000289864478976,3.64830183,0.00001621,0.00001621,0.019279523,0.000544619
Kepler-1987 d,2078000289864478976,5.64491415,0.00000878,0.00000878,0.037388501,0.000326304
Kepler-1987 e,2078000289864478976,8.74292005,0.00003311,0.00003311,0.027919527,0.000505023
K01486.02,2078195212660287616,30.183689,0.000018,0.000018,0.0285895,0.0010565
K00171.02,2078272831307891456,13.07148,0.000021,0.000021,0.0165123,0.0004902
K00171.01,2078272831307891456,5.968714,0.000012,0.000012,0.0221212,0.0002981
K00520.04,2078286197246582016,51.165791,0.000019,0.000019,0.0146672,0.0010299
K00520.02,2078286197246582016,5.433113,0.000007,0.000007,0.0154564,0.0005517
K01353.02,2078515170549178880,34.543847,0.000019,0.000019,0.0232759,0.0012832
Kepler-865 c,2078648211455026432,6.20920207,0.0000479,0.0000479,0.010094553,0.000455691
K00238.02,2078697552035948800,26.695166,0.00002,0.00002,0.0114187,0.0013588
K00238.01,2078697552035948800,17.232309,0.000018,0.000018,0.0223143,0.0006244
K00150.02,2078722600285671936,28.574262,0.000018,0.000018,0.0276505,0.0003249
K00150.01,2078722600285671936,8.408874,0.000005,0.000005,0.0262614,0.0003058
K00907.04,2078832551450444032,99.640965,0.000021,0.000021,0.0319982,0.0017384
K00907.02,2078832551450444032,30.132939,0.000018,0.000018,0.0295369,0.0007899
K00907.01,2078832551450444032,16.514133,0.000017,0.000017,0.02844,0.0006601
K00907.03,2078832551450444032,4.790919,0.000014,0.000014,0.0143647,0.0007907
Kepler-1988 b,2078996821055736960,11.49500229,0.00008821,0.00008821,0.007169379,0.000167379
K00317.01,2079005651508492032,22.208119,0.000015,0.000015,0.0207225,0.0002646
K00105.01,2079192121810035840,8.981015,0.000002,0.000002,0.0312899,0.0004404
K00137.03,2079295583282164992,3.504713,0.000003,0.000003,0.0163997,0.00028
K00159.01,2079368391569401600,8.990883,0.000017,0.000017,0.0195354,0.0003546
K00159.02,2079368391569401600,2.403633,0.000016,0.000016,0.0090059,0.000762
K03197.01,2079695496278608896,22.599212,0.00002,0.00002,0.0084665,0.0051937
Kepler-1610 c,2079807646464016256,44.9851885,0.0004873,0.0004873,0.024855583,0.001027938
Kepler-1992 b,2079880695265507328,15.6112238,0.0001275,0.0001275,0.010653638,0.000380152
K00700.04,2079885608708649344,68.161359,0.00002,0.00002,0.01682,0.0006107
K00700.03,2079885608708649344,14.667187,0.000016,0.000016,0.0140543,0.0003901
K00700.02,2079885608708649344,9.360628,0.000011,0.000011,0.0151507,0.0003461
K00941.01,2080246282881778048,6.581482,0.000009,0.000009,0.0428697,0.0009428
K00941.02,2080246282881778048,2.382652,0.000004,0.000004,0.0263214,0.000813
KIC 9663113 b,2080266967444876032,572.3847,0.00583,0.00567,0.041,
Kepler-1994 b,2080271674728481280,4.61225043,0.00003445,0.00003445,0.005394442,0.000222451
Kepler-32 d,2080287892525359872,22.7802,0.0005,0.0005,0.046701178,
Kepler-32 e,2080287892525359872,2.896,0.0003,0.0003,0.025903668,
Kepler-32 f,2080287892525359872,0.74296,0.00007,0.00007,0.01496663,
Kepler-1997 b,2080296757338392576,26.7575866,0.0002942,0.0002942,0.02133776,0.000698293
K00720.02,2080344586094498432,10.041575,0.000007,0.000007,0.0327336,0.000485
K00720.01,2080344586094498432,5.690592,0.000004,0.000004,0.0347523,0.0004735
K00720.04,2080344586094498432,2.795895,0.000002,0.000002,0.0180822,0.0003669
K00974.01,2080386917291928832,53.505835,0.000019,0.000019,0.0128473,0.0002617
K00711.01,2080452613110460928,44.699505,0.00002,0.00002,0.027173,0.0006981
K00711.02,2080452613110460928,3.619312,0.000004,0.000004,0.0130009,0.0003194
Kepler-1052 c,2080466185207274880,180.921729,0.002826,0.002826,0.027247018,0.000924872
K00991.01,2080562667352233728,12.062215,0.000014,0.000014,0.0180419,0.00106
Kepler-784 c,2080605823183999616,17.157236,0.0001862,0.0001862,0.01050714,0.000237933
K00116.02,2082074942519913344,43.844448,0.000019,0.000019,0.0233826,0.0003201
K00116.04,2082074942519913344,23.980232,0.00002,0.00002,0.0096207,0.0003604
K00116.01,2082074942519913344,13.570778,0.000009,0.000009,0.0230094,0.0003672
Kepler-1518 c,2082161219824397568,9.6310258,0.0001257,0.0001257,0.01723949,0.00072798
Kepler-1921 c,2085204015173031552,3.15722086,0.00001947,0.00001947,0.007049823,0.000226956
Kepler-949 c,2085527924426959104,20.99757968,0.00003334,0.00003334,0.033642235,0.000401281
K00730.04,2086337508581280256,7.384422,0.000019,0.000019,0.015567,0.000954
K02390.01,2086389357427331712,16.104672,0.00002,0.00002,0.0120173,0.0010919
K02149.01,2086505630781210752,13.151421,0.000019,0.000019,0.0092909,0.0004272
K00117.01,2086625752425381632,14.749136,0.000011,0.000011,0.0188432,0.000239
K00117.04,2086625752425381632,7.958297,0.000018,0.000018,0.0061411,0.0002928
K00117.02,2086625752425381632,4.901438,0.000006,0.000006,0.0106106,0.000171
K00117.03,2086625752425381632,3.18002,0.000002,0.000002,0.0101072,0.0001669
K00174.01,2086629463276947456,56.354185,0.000019,0.000019,0.0338763,0.0013008
K00756.02,2086660283961964416,4.134431,0.000007,0.000007,0.0244302,0.0008421
K00756.03,2086660283961964416,2.566577,0.000009,0.000009,0.0151305,0.0008579
K00291.01,2086718317558873984,31.517801,0.00002,0.00002,0.0198646,0.0008204
K00291.02,2086718317558873984,8.129994,0.000018,0.000018,0.0177128,0.0015777
K00294.01,2086940448965828992,34.435879,0.000019,0.000019,0.0196722,0.0009749
K00365.01,2087171453788422528,81.737807,0.00002,0.00002,0.0241374,0.0002797
K02173.02,2087250476887856256,53.57784,0.000019,0.000019,0.0156561,0.000668
K02173.01,2087250476887856256,37.815615,0.000019,0.000019,0.0141785,0.0007172
K00273.01,2099541715513813504,10.573747,0.000007,0.000007,0.0201213,0.000586
Kepler-1981 b,2099583977992504576,453.54212,0.003501,0.003501,0.029342802,0.000316943
K00118.01,2099605968225288960,24.993239,0.000021,0.000021,0.0158167,0.0006156
K00975.01,2099606483621385216,2.785818,0,0,0.0082442,7.09E-05
K00281.01,2099656472742686848,19.55659,0.000014,0.000014,0.0158805,0.0002629
Kepler-1978 b,2099854801450635520,10.84969477,0.00002777,0.00002777,0.033497761,0.000410475
K00299.01,2099862910348755712,1.541678,0.000001,0.000001,0.0160803,0.0002503
K00377.03,2099925719951103872,1.592957,0.000001,0.000001,0.0148356,0.000381
K01215.02,2100389610777053056,33.00631,0.00002,0.00002,0.0161209,0.0007801
K00280.01,2100392428275714688,11.872891,0.000006,0.000006,0.019791,0.0002934
K03168.01,2100416823690394624,56.348109,0.000022,0.000022,0.0068121,0.0006266
Kepler-1982 b,2100524610190045312,3.82315697,0.00004481,0.00004481,0.006870226,0.000480334
K00161.01,2100597143598879616,3.105507,0.000001,0.000001,0.0290793,0.0004636
K00834.05,2100624562669914240,50.447315,0.00002,0.00002,0.0203404,0.0008933
K00834.02,2100624562669914240,13.233546,0.000019,0.000019,0.0197413,0.0005424
K00834.03,2100624562669914240,6.155574,0.00001,0.00001,0.0144034,0.000473
K00834.04,2100624562669914240,2.090815,0.000006,0.000006,0.0094475,0.0004878
K00304.01,2100906140725803392,8.512033,0.000004,0.000004,0.0247432,0.0003362
Kepler-1181 c,2101035367703145088,8.93484887,0.00009707,0.00009707,0.011657616,0.000707692
K00123.02,2101175933393051008,21.222602,0.000013,0.000013,0.0179728,0.0001798
K00123.01,2101175933393051008,6.481639,0.000003,0.000003,0.0164629,0.0002406
K00829.02,2101188990094347648,9.751929,0.000019,0.000019,0.0192496,0.0009591
K01805.02,2101230049979183232,31.782112,0.000018,0.000018,0.023613,0.0005929
K01805.01,2101230049979183232,6.941362,0.000005,0.000005,0.0309433,0.000589
K01805.03,2101230049979183232,4.36275,0.000004,0.000004,0.0174442,0.0003883
K00108.01,2101243789577188736,15.965333,0.000013,0.000013,0.0220533,0.0002473
K00282.03,2101305259145506816,87.517436,0.00002,0.00002,0.0161515,0.0044995
K00282.02,2101305259145506816,8.457451,0.000012,0.000012,0.00844,0.0003192
Kepler-1984 b,2101508501301083520,1.99281234,0.00000783,0.00000783,0.017742604,0.000642521
K00176.01,2101719263935952768,30.229106,0.000019,0.000019,0.0195193,0.0005701
K00041.03,2101733244046205568,35.333093,0.000019,0.000019,0.0103546,0.0002224
K00041.01,2101733244046205568,12.815893,0.000008,0.000008,0.0137932,0.000168
K00041.02,2101733244046205568,6.887062,0.000007,0.000007,0.0082278,0.0001469
K00869.04,2101768089124657664,3.219823,0.000005,0.000005,0.0160162,0.000825
K00869.03,2101768089124657664,17.460864,0.000016,0.000016,0.0285918,0.0014273
K00869.01,2101768089124657664,7.49017,0.000007,0.000007,0.0308828,0.0006549
K01127.03,2101854881822529024,2.836704,0.000016,0.000016,0.0120963,0.001456
K01127.02,2101854881822529024,8.128107,0.000018,0.000018,0.0172411,0.0022512
K00665.01,2101898759208960640,5.868083,0.000009,0.000009,0.0202096,0.0003987
K00665.03,2101898759208960640,3.071542,0.000012,0.000012,0.0081308,0.0004396
K00665.02,2101898759208960640,1.611895,0.000005,0.000005,0.0095698,0.0003769
K00672.01,2101964558106974848,16.087861,0.000017,0.000017,0.0250806,0.0008616
K00408.03,2102063136195478656,30.826486,0.000019,0.000019,0.0273259,0.0007103
K00408.02,2102063136195478656,12.560935,0.000013,0.000013,0.0275049,0.0005639
K00408.01,2102063136195478656,7.381981,0.000007,0.000007,0.0355103,0.0005299
K00408.04,2102063136195478656,3.428057,0.00001,0.00001,0.0132748,0.0005687
K01567.04,2102067396802935680,44.841224,0.000021,0.000021,0.0294356,0.0015662
K01567.03,2102067396802935680,17.326689,0.00002,0.00002,0.0244408,0.0012651
K01567.01,2102067396802935680,7.240222,0.000013,0.000013,0.0267876,0.0011626
K01567.02,2102067396802935680,4.64622,0.000013,0.000013,0.0176042,0.0011532
KIC 5437945 b,2102070660978313472,440.7813,0.00563,0.00577,0.047,
K00283.01,2102110174677569664,16.091981,0.000009,0.000009,0.0212462,0.0003783
K00085.03,2102119176929154304,8.131227,0.000005,0.000005,0.0101687,0.0001028
K00085.01,2102119176929154304,5.859939,0.000001,0.000001,0.0168953,0.0001023
K00085.02,2102119176929154304,2.154911,0.000001,0.000001,0.0092337,8.55E-05
Kepler-65 b,2102119176929154304,2.15491,0.000005,0.000005,0.009219544,8.67722E-05
K00285.03,2102224661326132864,49.356885,0.000019,0.000019,0.0109187,0.0003911
K00285.02,2102224661326132864,26.7232,0.000019,0.000019,0.0130817,0.0002597
K00285.01,2102224661326132864,13.748833,0.000015,0.000015,0.0197765,0.0002645
K02086.03,2102316985943863424,11.898452,0.000022,0.000022,0.0152232,0.0014968
K02086.01,2102316985943863424,7.132954,0.000009,0.000009,0.0128329,0.0004031
K00111.03,2102454253097554304,51.755294,0.000018,0.000018,0.0231631,0.000309
K00111.02,2102454253097554304,23.66835,0.000013,0.000013,0.0199257,0.0002581
K00111.01,2102454253097554304,11.427551,0.000005,0.000005,0.0208727,0.0002431
K00864.02,2102469921138142208,20.050393,0.000018,0.000018,0.025065,0.0007008
K00864.03,2102469921138142208,9.767345,0.000014,0.000014,0.0273272,0.0016539
K00864.01,2102469921138142208,4.311781,0.000004,0.000004,0.0307689,0.0006088
K00070.05,2102548708017562112,19.577627,0.00002,0.00002,0.0091348,0.000356
K00070.03,2102548708017562112,77.611598,0.000019,0.000019,0.0262888,0.0003397
K00070.01,2102548708017562112,10.854089,0.000003,0.000003,0.0290471,0.0001932
K00070.02,2102548708017562112,3.696115,0.000001,0.000001,0.0182169,0.0002168
K00456.02,2102587087846067712,4.309241,0.000007,0.000007,0.0144952,0.0006178
K00679.01,2102610280669509888,31.80474,0.00002,0.00002,0.0165463,0.000601
K00679.02,2102610280669509888,16.258358,0.00002,0.00002,0.0054681,0.001167
K00872.02,2102700131386216576,6.766514,0.000013,0.000013,0.0176764,0.0009192
K01952.04,2102815683186036096,42.473056,0.00002,0.00002,0.0155778,0.0010166
K01952.02,2102815683186036096,27.666593,0.000019,0.000019,0.0164219,0.0009224
K01952.01,2102815683186036096,8.010394,0.000016,0.000016,0.0156541,0.0007419
K01952.03,2102815683186036096,5.19557,0.000018,0.000018,0.0089477,0.0007225
K00884.03,2102911581215700096,3.336125,0.000004,0.000004,0.0196232,0.000699
K00446.02,2103295173333142784,28.551561,0.000018,0.000018,0.0253938,0.0009264
K00446.01,2103295173333142784,16.709196,0.000016,0.000016,0.0297081,0.000843
K00257.01,2103452266056715392,6.883407,0.000002,0.000002,0.023303,0.0002494
K00505.05,2103788854053938816,87.090599,0.000021,0.000021,0.0310157,0.0013062
K00505.01,2103788854053938816,13.767073,0.000015,0.000015,0.0253636,0.0010315
K00505.04,2103788854053938816,8.348195,0.00001,0.00001,0.0167357,0.0009389
K00505.02,2103788854053938816,6.195433,0.000013,0.000013,0.0158351,0.0009981
K00505.03,2103788854053938816,3.250592,0.000008,0.000008,0.0140501,0.0009249
Kepler-1814 c,2103845032226500352,0.62628177,0.00000104,0.00000104,0.020811055,0.000396424
K00612.02,2104094071610116608,47.42766,0.00002,0.00002,0.0273178,0.0006394
K00612.01,2104094071610116608,20.739916,0.000018,0.000018,0.025077,0.0005936
K00508.02,2104098950692667264,16.665911,0.000013,0.000013,0.026278,0.0004352
K00508.01,2104098950692667264,7.930589,0.000006,0.000006,0.0267232,0.0003651
K01930.04,2104344141784539264,9.341436,0.000015,0.000015,0.0081421,0.0003276
K01930.03,2104344141784539264,44.430136,0.00002,0.00002,0.0138357,0.0003447
K01930.02,2104344141784539264,24.311147,0.00002,0.00002,0.011522,0.0003317
K01930.01,2104344141784539264,13.727074,0.000023,0.000023,0.012609,0.0003133
K00657.02,2104376405579347968,16.282491,0.000016,0.000016,0.0273519,0.0006059
K00657.01,2104376405579347968,4.069424,0.000003,0.000003,0.0218653,0.0004323
K02148.01,2104466153215402624,11.932081,0.000018,0.000018,0.0121237,0.0005654
K02148.02,2104466153215402624,7.542335,0.000019,0.000019,0.0104807,0.0006996
K02148.03,2104466153215402624,3.614611,0.000016,0.000016,0.0073164,0.0008917
K00284.01,2104466256290759936,18.010173,0.000016,0.000016,0.0178773,0.0006161
K00284.02,2104466256290759936,6.414909,0.000008,0.000008,0.0128556,0.0003969
K00284.03,2104466256290759936,6.178258,0.000008,0.000008,0.0116696,0.000406
K00510.04,2104506319750394624,35.118523,0.00002,0.00002,0.0247668,0.0021263
K00510.03,2104506319750394624,14.626986,0.00002,0.00002,0.020554,0.0012888
K00510.02,2104506319750394624,6.389019,0.000013,0.000013,0.0235431,0.0007684
K00510.01,2104506319750394624,2.940301,0.000008,0.000008,0.0216443,0.0007118
K00313.01,2104847370214740352,18.735746,0.000016,0.000016,0.0243271,0.0003979
K00313.02,2104847370214740352,8.436393,0.00001,0.00001,0.0172864,0.0002633
K00092.01,2105135854577044480,65.704594,0.000018,0.000018,0.026343,0.0005619
Kepler-896 c,2105221139747765504,29.5422566,0.0002958,0.0002958,0.029663108,0.000557932
Kepler-880 c,2105274977158196480,11.8061737,0.0001518,0.0001518,0.00938616,0.000500737
K00316.03,2105362903731391744,7.305705,0.000008,0.000008,0.0176958,0.000488
K00316.01,2105362903731391744,15.771129,0.000014,0.000014,0.0211049,0.000248
KIC 8540376 b,2105414310196331264,31.8099,0.00919,0.00933,0.03,
KIC 8540376 c,2105414310196331264,75.2,38.9,1.1,0.018,
Kepler-1654 b,2105415302330571008,1047.8356,0.0018,0.0019,0.071386273,0.000329195
K00416.02,2105435544515167232,88.255355,0.000019,0.000019,0.0355083,0.0011641
K00416.01,2105435544515167232,18.207957,0.000015,0.000015,0.0382589,0.0005863
K02051.01,2105535462635217792,25.762459,0.00002,0.00002,0.0230446,0.0009506
K02051.02,2105535462635217792,11.031732,0.000021,0.000021,0.0124512,0.0012562
Kepler-290 d,2105538623730974848,0.76401755,0.00000377,0.00000377,0.011322544,0.000574076
K00568.01,2105618029085927680,3.38354,0.000005,0.000005,0.0165614,0.0005992
K00269.01,2105620159389754624,18.011664,0.000015,0.000015,0.0097364,0.0003862
K00518.02,2106008493152187392,44.000432,0.000019,0.000019,0.022377,0.0005025
K00518.01,2106008493152187392,13.981783,0.000012,0.000012,0.0287249,0.0005544
K02414.02,2106306495162679552,45.348527,0.00002,0.00002,0.0157402,0.0012032
K02414.01,2106306495162679552,22.596597,0.00002,0.00002,0.011575,0.0005797
Kepler-1991 b,2106371744306291328,13.26079792,0.00009795,0.00009795,0.014120906,0.000439065
Kepler-1991 c,2106371744306291328,22.79020351,0.00006878,0.00006878,0.024857594,0.000279593
Kepler-1126 c,2106496607595412480,199.66876,0.003961,0.003961,0.015871358,0.000620615
K00245.01,2106674071344722688,39.792232,0.000009,0.000009,0.0230382,0.0003205
K00122.01,2106705269988803072,11.523073,0.000005,0.000005,0.0204782,0.0002128
K00323.01,2106821925598401152,5.835989,0.000004,0.000004,0.0230575,0.0005478
Kepler-1162 c,2106996095111385728,59.284064,0.0006992,0.0006992,0.020600971,0.000866464
K00701.01,2107001283431633408,18.164063,0.000013,0.000013,0.0300887,0.0004294
K00701.02,2107001283431633408,5.714885,0.000004,0.000004,0.0192012,0.0003343
Kepler-62 b,2107001283431633408,5.714932,0.000009,0.000009,0.020736441,0.000241121
Kepler-62 c,2107001283431633408,12.4417,0.0001,0.0001,0.0083666,0.000597614
Kepler-62 d,2107001283431633408,18.16406,0.00002,0.00002,0.030331502,0.00032969
Kepler-62 e,2107001283431633408,122.3874,0.0008,0.0008,0.026457513,0.000566947
Kepler-62 f,2107001283431633408,267.291,0.005,0.005,0.020493902,0.0009759
K00110.01,2107236613280607104,9.940663,0.000014,0.000014,0.021585,0.0006186
K00180.01,2107243072911617024,10.045571,0.000015,0.000015,0.0242785,0.0007172
K02037.03,2107244481660894592,8.562684,0.000014,0.000014,0.0273151,0.0018754
K02037.02,2107244481660894592,5.477164,0.000009,0.000009,0.0262567,0.0015
K02037.01,2107244481660894592,73.757928,0.000019,0.000019,0.057898,0.0053496
Kepler-1995 b,2107244481660894592,73.7578875,0.0004304,0.0004304,0.042859071,0.001152615
K00271.01,2107266570672734592,48.630393,0.000019,0.000019,0.0183983,0.0002366
K00271.03,2107266570672734592,14.435942,0.000016,0.000016,0.0102418,0.0002854
Kepler-864 c,2107279803471399168,2.42150341,0.00001597,0.00001597,0.013095801,0.00048107
Kepler-1996 b,2107311719368903680,32.376183,0.0001311,0.0001311,0.027302015,0.000441359
Kepler-1996 c,2107311719368903680,92.7297248,0.000398,0.000398,0.035461246,0.000449787
K02706.01,2107315365800640896,3.097587,0.000003,0.000003,0.0088241,0.0003409
K02545.01,2107342716152550272,6.981525,0.000017,0.000017,0.0057666,0.0003525
Kepler-549 d,2107622335702262400,24.61480613,0.00003227,0.00003227,0.04240283,0.0003396
Kepler-1998 b,2107658516506930048,3.03267135,0.00001374,0.00001374,0.006511528,0.000245718
K03097.01,2116862833283266432,11.921625,0.000021,0.000021,0.0053683,0.0007059
K01537.01,2119196585370036736,10.191548,0.000018,0.000018,0.009894,0.0005542
Kepler-311 d,2119534646538533888,232.040326,0.006902,0.006902,0.017052859,0.000642121
K00082.01,2119583201145735808,16.145672,0.000005,0.000005,0.0281257,0.0004015
K00082.02,2119583201145735808,10.311741,0.000005,0.000005,0.0151911,0.0003436
K00104.01,2119602202081351168,2.508057,0,0,0.0389681,0.0001878
Kepler-1999 b,2119710538336363904,8.7396758,0.0003092,0.0003092,0.037828561,0.001414275
K00475.02,2119814820141727232,15.312983,0.000019,0.000019,0.029684,0.0009194
K00475.01,2119814820141727232,8.180865,0.000016,0.000016,0.0253939,0.0008352
K02678.01,2125713940547834496,3.83309,0.000003,0.000003,0.0222444,0.0008099
Kepler-1869 c,2125751461382627840,1.7168283,0.00000941,0.00000941,0.007713624,0.000324102
K02339.01,2125790322246812672,2.032326,0.000007,0.000007,0.014935,0.0019615
K00567.03,2125831210335846016,29.022346,0.000017,0.000017,0.0246645,0.0004831
K00567.02,2125831210335846016,20.303028,0.000016,0.000016,0.0216603,0.0003722
K00567.01,2125831210335846016,10.687576,0.000008,0.000008,0.0262755,0.0004046
Kepler-1986 b,2125848733801094912,19.5489666,0.0001396,0.0001396,0.022886677,0.001085785
K00880.03,2125850623586710400,5.902252,0.000006,0.000006,0.0235099,0.0005947
K00880.04,2125850623586710400,2.382954,0.000003,0.000003,0.0145251,0.0004267
Kepler-1989 b,2126119862195142272,10.16102353,0.00000918,0.00000918,0.040668169,0.00020532
K00370.02,2126237131982289280,22.950686,0.000018,0.000018,0.0120378,0.0005272
K00896.03,2126266823097360000,28.867136,0.000019,0.000019,0.0164424,0.002306
K00896.01,2126266823097360000,16.239471,0.000013,0.000013,0.0459894,0.0007084
K00896.02,2126266823097360000,6.308197,0.000007,0.000007,0.0327486,0.0004931
K01270.01,2126418658780855296,5.729326,0.000005,0.000005,0.035598,0.0024357
K01279.02,2126432677554353280,9.651851,0.000019,0.000019,0.0083673,0.0010027
K01279.01,2126432677554353280,14.374592,0.000017,0.000017,0.0172818,0.000687
K00172.01,2126436800722944000,13.722374,0.000019,0.000019,0.0223964,0.0004814
Kepler-69 b,2126436800722944000,13.722341,0.000035,0.000036,0.024433583,
Kepler-69 c,2126436800722944000,242.4613,0.0059,0.0064,0.018708287,
K00464.02,2126454633427425664,5.350165,0.000004,0.000004,0.0266052,0.0003454
K01282.01,2126508676995012352,30.863889,0.000019,0.000019,0.0150928,0.0004408
Kepler-42 c,2126556132093765888,0.45328509,0.00000097,0.00000097,0.039496835,0.001114013
K00139.02,2126569051355142656,3.341802,0.000005,0.000005,0.0112406,0.0002833
K00921.02,2126576679217244160,18.119898,0.000018,0.000018,0.0345614,0.0010641
K00921.01,2126576679217244160,10.281933,0.000015,0.000015,0.0293121,0.0008381
K00921.03,2126576679217244160,3.784031,0.000008,0.000008,0.0200979,0.0008487
K00321.01,2126601108991279872,2.426305,0.000001,0.000001,0.0125281,0.0001612
K00049.01,2126801563705846528,8.313784,0.000015,0.000015,0.0286729,0.0009586
K01858.02,2126878048483137152,86.049055,0.00002,0.00002,0.0109801,0.0071386
Kepler-77 b,2126912305142208384,3.57878087,0.00000023,0.00000023,0.099242128,0.000256947
K00260.03,2126918008858627712,21.869693,0.000015,0.000015,0.0106422,0.0001516
K00260.01,2126918008858627712,10.495672,0.000008,0.000008,0.0100865,0.0001164
K00692.02,2127001056345369984,4.822981,0.000005,0.000005,0.0220433,0.0029966
K00692.01,2127001056345369984,2.46234,0.000003,0.000003,0.0132238,0.0004022
K00707.02,2127355923723254272,41.028059,0.000019,0.000019,0.0207447,0.0004245
K00707.03,2127355923723254272,31.784774,0.00002,0.00002,0.0187988,0.0004522
K00707.04,2127355923723254272,13.175562,0.000015,0.000015,0.0145995,0.0003567
K00707.05,2127355923723254272,5.66814,0.000014,0.000014,0.0080193,0.0003191
K02595.02,2127390970655877888,14.61342,0.00002,0.00002,0.0081037,0.0006175
K02595.01,2127390970655877888,9.182486,0.000016,0.000016,0.0089413,0.0004998
K02038.04,2127398083121764736,25.215282,0.000021,0.000021,0.0176514,0.001484
K02038.03,2127398083121764736,17.913373,0.00002,0.00002,0.0129526,0.0011155
K00718.03,2127771917075703424,47.903519,0.000019,0.000019,0.0189387,0.0007378
K00718.02,2127771917075703424,22.714443,0.000017,0.000017,0.0212859,0.0004597
K00718.01,2127771917075703424,4.58548,0.000007,0.000007,0.0185884,0.0003823
K01598.02,2127798442794047104,92.875035,0.00002,0.00002,0.0232015,0.0007445
K01598.01,2127798442794047104,56.476167,0.000019,0.000019,0.0300511,0.0006912
K01598.03,2127798442794047104,13.930726,0.000018,0.000018,0.0132558,0.0010116
K01929.01,2127851116271982848,9.693154,0.000011,0.000011,0.0113433,0.0002694
K01929.02,2127851116271982848,3.292765,0.000005,0.000005,0.0085607,0.0002336
Kepler-1993 b,2127956360152391168,26.6565737,0.0002052,0.0002052,0.012782801,0.000367682
Kepler-1491 c,2127985806448631808,61.569765,0.001804,0.001804,0.017271364,0.000894544
K00935.04,2128013019361703936,9.6173,0.000019,0.000019,0.0103124,0.0007979
Kepler-31 d,2128013019361703936,87.6451,0.0014,0.0014,0.030967725,
K00708.01,2128067720065692672,17.406653,0.000017,0.000017,0.0230414,0.0005558
K00708.02,2128067720065692672,7.693644,0.000021,0.000021,0.0159157,0.0006184
K01835.03,2128098197152438144,6.766902,0.000007,0.000007,0.0242354,0.0010967
K01835.01,2128098197152438144,4.580345,0.000004,0.000004,0.025928,0.0007142
K01835.02,2128098197152438144,2.24829,0.000002,0.000002,0.0229256,0.0005086
Kepler-1859 c,2128198974266072192,3.59645081,0.00003644,0.00003644,0.012231108,0.000453761
Kepler-423 b,2128273225659492608,2.6843285,0.00000007,0.00000007,0.125984126,0.000246063
K01955.01,2128298617506651904,15.170267,0.000017,0.000017,0.0156119,0.0006106
Kepler-763 c,2128369501647063808,4.09667624,0.00001956,0.00001956,0.017386777,0.000586653
Kepler-763 d,2128369501647063808,6.50327035,0.00003134,0.00003134,0.020452384,0.000589173
K00749.03,2128504397979254528,8.109042,0.000016,0.000016,0.0125061,0.0009402
K00749.01,2128504397979254528,5.34956,0.000006,0.000006,0.0261098,0.0006974
K00749.02,2128504397979254528,3.94105,0.000006,0.000006,0.0160737,0.0005676
K00343.03,2128724678262662144,41.808766,0.00002,0.00002,0.0118449,0.0004786
K00343.01,2128724678262662144,4.761706,0.000003,0.000003,0.0207526,0.0003136
K00343.02,2128724678262662144,2.024144,0.000001,0.000001,0.0144379,0.0002467
K01931.02,2128911251641171200,10.558388,0.000017,0.000017,0.0129565,0.0007471
K01931.03,2128911251641171200,6.988047,0.000014,0.000014,0.011859,0.0006971
K01931.01,2128911251641171200,4.977614,0.000007,0.000007,0.0148656,0.0007035
K00124.02,2128925579652377472,31.719825,0.000018,0.000018,0.0190588,0.0003164
K00124.01,2128925579652377472,12.691049,0.000015,0.000015,0.015836,0.0002493
K00481.02,2129025841368107136,1.554003,0.000002,0.000002,0.0188228,0.0003173
K00481.03,2129025841368107136,34.25952,0.000018,0.000018,0.0301925,0.0006176
K00481.01,2129025841368107136,7.650236,0.000007,0.000007,0.0297301,0.0004976
K00719.03,2129084935820532608,45.902757,0.00002,0.00002,0.0181889,0.0009212
K00719.02,2129084935820532608,28.122464,0.00002,0.00002,0.0114591,0.0009077
K00719.01,2129084935820532608,9.034182,0.000008,0.000008,0.0269052,0.0008845
K00733.04,2129161734133025408,18.64352,0.000018,0.000018,0.0332128,0.0029611
K00733.02,2129161734133025408,11.349343,0.000012,0.000012,0.033055,0.0012493
K00733.01,2129161734133025408,5.924998,0.000008,0.000008,0.035932,0.0010523
K00733.03,2129161734133025408,3.132955,0.000008,0.000008,0.0187202,0.0010902
K00276.01,2129495057954829952,41.746,0.000017,0.000017,0.0201059,0.0004306
Kepler-618 d,2129503235571760128,11.67894236,0.00002452,0.00002452,0.034425281,0.000926645
K01306.04,2129503716608032256,29.221513,0.000019,0.000019,0.0184054,0.0011181
K01306.03,2129503716608032256,5.914293,0.000014,0.000014,0.0134094,0.0008101
K01306.02,2129503716608032256,3.468077,0.00001,0.00001,0.0132488,0.0007293
K01306.01,2129503716608032256,1.796327,0.000003,0.000003,0.0138188,0.0005579
K00246.01,2129550445852902656,5.398752,0.000001,0.000001,0.0174596,0.0001505
K00173.01,2129753580626548736,10.060826,0.000016,0.000016,0.0201036,0.0006242
Kepler-2001 b,2130124219123552256,1.090011,0.00000582,0.00000582,0.013221195,0.000692071
Kepler-2001 c,2130124219123552256,14.09258319,,,0.023030415,
K00584.03,2130243550494676480,6.47028,0.000015,0.000015,0.009832,0.0005713
K00584.02,2130243550494676480,21.223467,0.000018,0.000018,0.0217668,0.0004801
K00584.01,2130243550494676480,9.926735,0.000012,0.000012,0.0249212,0.0004144
K00934.03,2130250731680096384,18.74654,0.000019,0.000019,0.0257398,0.001286
K00934.02,2130250731680096384,12.412179,0.000019,0.000019,0.0236751,0.0012922
K00934.01,2130250731680096384,5.826654,0.000006,0.000006,0.0368332,0.0010528
K03165.01,2130320172711659136,4.117558,0.000012,0.000012,0.0059901,0.0003735
K00115.02,2130368310704421120,7.125936,0.000006,0.000006,0.0132583,0.0002203
K00115.01,2130368310704421120,5.412206,0.000002,0.000002,0.0234805,0.0002592
Kepler-105 b,2130368310704421120,5.4122,0.00002,0.00002,0.024494897,0.000122474
K00954.02,2130405041264941184,36.924954,0.000019,0.000019,0.0291059,0.0016714
K00954.01,2130405041264941184,8.115286,0.000016,0.000016,0.0275043,0.0011692
K00723.02,2130460394803778816,28.081956,0.000025,0.000025,0.0412394,0.0007446
K00723.01,2130460394803778816,3.936992,0.000005,0.000005,0.0356346,0.000677
K01529.02,2130625287187139072,11.869151,0.000019,0.000019,0.0099335,0.0014283
K00528.03,2130634667395736704,20.552816,0.000017,0.000017,0.0278854,0.0012817
K00528.01,2130634667395736704,9.576682,0.000012,0.000012,0.0252097,0.0005212
K01909.03,2130661880308812800,25.098518,0.000019,0.000019,0.0139955,0.000594
K01909.01,2130661880308812800,12.758027,0.00001,0.00001,0.0129659,0.0002814
K01909.02,2130661880308812800,5.470338,0.000007,0.000007,0.009776,0.0002957
Kepler-656 c,2130825020347168512,5.25449393,0.00005613,0.00005613,0.013,0.000561538
Kepler-164 e,2130889204338693504,94.886902,0.001216,0.001216,0.025331798,0.000584246
KIC 10525077 b,2131059594280288128,854.083,0.01628,0.01697,0.05,
K00757.03,2131114947819394816,6.252953,0.000012,0.000012,0.0278801,0.0012192
K02533.03,2131169545443676032,26.11529,0.000019,0.000019,0.0122194,0.001088
K02533.01,2131169545443676032,6.033555,0.000021,0.000021,0.0074213,0.0005989
K00292.01,2131216137248338304,2.586638,0.000002,0.000002,0.0139112,0.0003413
K00275.02,2131494313689868416,82.200009,0.00002,0.00002,0.0148086,0.0005372
K00275.01,2131494313689868416,15.79193,0.000019,0.000019,0.0132485,0.0002817
K00046.02,2131709921047710336,6.029792,0.00002,0.00002,0.0073128,0.0007421
Kepler-297 d,2131748747552136960,150.0189511,0.0001744,0.0001744,0.065724425,0.000356032
K01445.01,2131859244171951616,7.16894,0.00001,0.00001,0.0102591,0.0003373
K02639.01,2132004074768150400,25.10806,0.00002,0.00002,0.0191165,0.0082877
Kepler-2000 b,2132144056342471168,6.38315913,0.0000064,0.0000064,0.048095738,0.000424154
Kepler-2000 c,2132144056342471168,20.6180348,0.0001382,0.0001382,0.027739863,0.000939082
Kepler-4 b,2132152916856093952,3.21346,0.00022,0.00022,0.029495762,
K00072.02,2132155017099178624,45.294321,0.000018,0.000018,0.0209265,0.000221
K02632.01,2132178725317511936,7.128124,0.000016,0.000016,0.0066062,0.0005045
K00351.04,2132193431285570304,91.940461,0.00002,0.00002,0.0198068,0.0006755
K00351.03,2132193431285570304,59.737034,0.00002,0.00002,0.0216712,0.000643
K00351.05,2132193431285570304,8.719817,0.000016,0.000016,0.0108678,0.000485
K00351.06,2132193431285570304,7.008284,0.000016,0.000016,0.0098898,0.000583
K00295.02,2132215421518219392,10.105764,0.000017,0.000017,0.0107774,0.0007959
K00295.01,2132215421518219392,5.317436,0.000005,0.000005,0.016126,0.0003006
K00296.01,2132325200882204544,28.862357,0.000023,0.000023,0.0192779,0.0007239
Kepler-347 d,2132614922197436928,85.517344,0.001846,0.001846,0.016437761,0.000657024
K01883.01,2132709613336959744,2.707311,0.000004,0.000004,0.0073531,0.0002562
K01781.02,2132768956905956352,3.005159,0.000002,0.000002,0.0252326,0.0003785
K01832.03,2133021810218800384,38.714683,0.00002,0.00002,0.0283083,0.001744
K01832.02,2133021810218800384,12.762276,0.000017,0.000017,0.0290377,0.0020911
K01832.01,2133021810218800384,4.544438,0.000005,0.000005,0.0308119,0.0008215
K00435.06,2133022669212268800,9.919346,0.000019,0.000019,0.0123356,0.0007774
K00435.04,2133022669212268800,3.932756,0.000005,0.000005,0.0153082,0.0005868
K00435.05,2133022669212268800,62.302788,0.00002,0.00002,0.0265827,0.001037
K00435.03,2133022669212268800,33.040569,0.00002,0.00002,0.0238126,0.0014626
Kepler-1471 c,2133035966431029376,11.6044881,0.000113,0.000113,0.016358484,0.000620473
K02218.02,2133124511477266176,16.726072,0.000019,0.000019,0.0174314,0.0038858
K02218.01,2133124511477266176,5.535327,0.000008,0.000008,0.016469,0.000665
K00153.01,2133369840008452224,8.925083,0.000004,0.000004,0.0300394,0.0004554
K00153.02,2133369840008452224,4.754004,0.000002,0.000002,0.0252955,0.0003641
K00297.01,2133611659549905024,5.651799,0.000009,0.000009,0.0116044,0.0005029
HAT-P-37 b,2133946843094378752,2.797436,0.000007,0.000007,0.137804209,0.003047802
K00112.02,2134719834131370496,3.709213,0.000012,0.000012,0.0116375,0.0002963
K00112.01,2134719834131370496,51.079265,0.000022,0.000022,0.0282307,0.0005691
K00107.01,2134798444914611712,7.256964,0.000011,0.000011,0.019813,0.0004059
Kepler-15 b,2134850847813263360,4.942782,0.0000013,0.0000013,0.106136704,
Kepler-1894 c,2134931077802625792,5.05368985,0.00005076,0.00005076,0.013095801,0.000671971
K02110.01,2135002576119495936,5.037286,0.000009,0.000009,0.0091744,0.0006544
K00168.02,2135019107451751168,15.274369,0.000014,0.000014,0.0135473,0.0002112
K00167.01,2135044568018500096,4.919583,0.000009,0.000009,0.0186857,0.0002487
Kepler-1652 b,2135055391335687680,38.09722,0.00021,0.00021,0.031256999,0.001007774
K00623.02,2135179533070399232,15.677577,0.000017,0.000017,0.0098754,0.0002011
K00623.01,2135179533070399232,10.349724,0.000011,0.000011,0.0100904,0.0001724
K00623.03,2135179533070399232,5.599323,0.000006,0.000006,0.008615,0.0001702
K02433.07,2135203000771400320,86.432217,0.00002,0.00002,0.0118241,0.0046381
K02433.06,2135203000771400320,6.063299,0.000018,0.000018,0.0135877,0.0017208
K02433.04,2135203000771400320,27.90388,0.00002,0.00002,0.0165098,0.0020718
K02433.03,2135203000771400320,56.414742,0.000019,0.000019,0.0160477,0.0036914
K02433.01,2135203000771400320,15.162253,0.000017,0.000017,0.0234801,0.0010218
K02433.02,2135203000771400320,10.043771,0.000018,0.000018,0.0189066,0.000989
K00265.01,2135314184585149696,3.568096,0.000008,0.000008,0.0094359,0.0004369
K02597.03,2135378231142791808,5.613583,0.000014,0.000014,0.0114361,0.0008671
K02597.02,2135378231142791808,12.130657,0.000017,0.000017,0.0152942,0.0008927
K02597.01,2135378231142791808,8.005064,0.000015,0.000015,0.0140529,0.0007341
K02290.01,2135427576021495168,91.500923,0.00002,0.00002,0.0233174,0.0019904
K00279.02,2135590578620605568,15.413104,0.000013,0.000013,0.0151226,0.0001974
TOI-2010 b,2136815881249993600,141.834025,0.000065,0.000066,0.107703296,0.000510662
PH2 b,2139300262131379584,282.5255,0.001,0.001,0.099408249,0.00063375
WASP-48 b,2141754578242371584,2.14363,0.000003,0.000003,0.09797959,0.001020621
K02007.02,2143749504651818368,21.12846,0.00002,0.00002,0.0114218,0.0013891
K02007.01,2143749504651818368,15.378754,0.000019,0.000019,0.0113445,0.0006635
TOI-1431 b,2188906825165621120,2.650237,0.000003,0.000003,0.076138033,4.59691E-05
TOI-1420 b,2221164434736927360,6.9561063,0.0000017,0.0000017,0.118152444,0.000592455
TOI-1680 b,2242756094328104576,4.8026345,0.000004,0.0000039,0.063796552,0.001489109
TOI-2567 b,2254929887069708160,5.983944,0.000013,0.000013,0.059472683,0.000613727
TOI-2025 b,2296342614570999552,8.8720982,0.0000077,0.0000077,0.074686009,0.000522186
HD 207897 b,2300641567596591488,16.202159,0.000085,0.000083,0.029427878,0.00049273
XO-7 b,2303332931542914048,2.8641424,0.0000043,0.0000043,0.095341491,0.000943975
TOI-178 b,2318295979126499200,1.914558,0.000018,0.000018,0.016217275,0.000986602
TOI-178 c,2318295979126499200,3.23845,0.00002,0.000019,0.023473389,0.001448449
TOI-178 d,2318295979126499200,6.5577,0.000016,0.000016,0.036235342,0.000896914
TOI-178 e,2318295979126499200,9.961881,0.000042,0.000042,0.031112698,0.001141013
TOI-178 f,2318295979126499200,15.231915,0.000115,0.000095,0.032202484,0.001459515
TOI-178 g,2318295979126499200,20.7095,0.00014,0.00011,0.040410395,0.001942569
TOI-237 b,2329387852426700800,5.436098,0.000039,0.000039,0.06164414,
TOI-198 b,2333676738049780352,10.2152,0.00006,0.00006,0.029899833,0.00107024
WASP-147 b,2340919358581488768,4.60273,0.000027,0.000027,0.08,0.003875
LHS 1140 b,2371032916186181760,24.73694,0.00041,0.0004,0.070213959,0.001922695
LHS 1140 c,2371032916186181760,3.77792,0.00003,0.00003,0.050199602,0.001593638
WASP-6 b,2385171398768647552,3.36101,0.0000028,0.0000028,0.144913767,0.000759072
WASP-165 b,2415410962124813056,3.465509,0.000023,0.000023,0.073756356,0.004541981
WASP-44 b,2424406513428936832,2.423804,0.000008,0.000008,0.12489996,0.002401922
WASP-158 b,2424621502311961344,3.656333,0.000004,0.000004,0.079372539,0.003149704
K2-325 b,2439222638771000448,6.93,0.004,0.003,0.081975606,0.000609938
WASP-136 b,2441013811932929280,5.215357,0.000006,0.000006,0.064109282,0.001169877
WASP-138 b,2498515516990171392,3.634433,0.000005,0.000005,0.082643814,0.000786508
WASP-71 b,2507901914613005056,2.90367,0.000007,0.000007,0.066332496,0.001130668
WASP-181 b,2512413932376364288,4.5195064,0.0000034,0.0000034,0.126095202,0.001506798
K2-212 b,2538824923230146560,9.795647,0.000021,0.000021,0.035772895,0.000125794
WASP-32 b,2546413408888429696,2.71866,0.000002,0.000002,0.104880885,0.000476731
WASP-118 b,2562569564026683520,4.0460435,0.0000044,0.0000044,0.086890736,0.001093327
K2-39 b,2609222216055014144,4.60543,0.00046,0.00046,0.019235384,0.000883788
WASP-28 b,2641087471777046016,3.40883495,0.00000015,0.00000015,0.11574109,0.00011232
K2-326 b,2645727449501559680,1.256,0.001,0.002,0.030347982,0.00044484
WASP-151 b,2657135741633337088,4.5334775,0.0000023,0.0000023,0.103266645,0.000232408
K2-285 b,2657374606238804992,3.471745,0.000044,0.000046,0.031144823,0.000642161
K2-285 c,2657374606238804992,7.138048,0.000072,0.000063,0.045825757,0.003273268
K2-285 d,2657374606238804992,10.45582,0.00025,0.00023,0.031622777,0.001106797
K2-285 e,2657374606238804992,14.76289,0.00065,0.00061,0.02607681,0.001725671
WASP-52 b,2666015878575546496,1.7497798,0.0000012,0.0000012,0.164620776,0.001214913
WASP-177 b,2677447294810845824,3.071722,0.000001,0.000001,0.136014705,0.012866256
WASP-186 b,2790691147020786816,5.026799,0.000012,0.000014,0.078102497,0.001920553
WASP-21 b,2831084391023184128,4.322482,0.000019,0.000024,0.104019229,0.001778517
WASP-59 b,2841043011433969152,7.919585,0.00001,0.00001,0.13,0.003076923
WASP-60 b,2868528637464028160,4.305,0.000006,0.000006,0.077459667,0.003872983
Qatar-3 b,2878641361300809856,2.5079204,,,0.088825672,0.001801281
KELT-1 b,2881784280929695360,1.217514,0.000015,0.000015,0.078012819,0.000602465
TOI-470 b,2912264564319611136,12.19148,0.00003,0.00003,0.04769696,0.000796696
WASP-101 b,2924661867160818304,3.58572,0.000004,0.000004,0.114017543,0.000877058
TOI-4791 b,2930141657016297216,4.28088,0.000022,0.000023,0.08093207,0.002780109
WASP-61 b,2959177048983750016,3.8559,0.000003,0.000003,0.093808315,0.000533002
HATS-6 b,2966680597368750720,3.3252725,0.0000021,0.0000021,0.179722008,0.000834622
WASP-141 b,2980392087185289216,3.310651,0.000005,0.000005,0.091104336,0.001097643
TOI-2364 b,3022644120017418496,4.0197517,0.0000043,0.0000043,0.089106678,0.0008978
TOI-2842 b,3046327742219111808,3.5514058,0.0000077,0.0000078,0.093112835,0.001986837
WASP-187 b,306410392895767680,5.147878,0.000005,0.000009,0.059160798,0.001690309
WASP-84 b,3078836109158636928,8.52349648,0.0000006,0.0000006,0.131263095,0.000457097
WASP-84 c,3078836109158636928,1.4468849,0.0000022,0.0000016,0.023065125,0.001235632
HAT-P-69 b,3080104185367102592,4.7869491,0.0000018,0.0000021,0.087332697,
TOI-969 b,3087206553745290624,1.8237305,0.000002,0.0000021,0.037881394,0.000567561
CoRoT-1 b,3105507886130792448,1.5089557,0.0000064,0.0000064,0.138799856,0.002115888
CoRoT-12 b,3107255598526406912,2.828042,0.000013,0.000013,0.132060592,0.001514456
CoRoT-7 b,3107267177757848576,0.85359163,0.00000001,0.00000001,0.018708287,0.000293987
CoRoT-5 b,3125611120515388800,4.0378962,0.0000019,0.0000019,0.120871833,0.001323716
TOI-628 b,3126717023051258112,3.4095675,0.000007,0.0000069,0.081055537,0.000740233
WASP-35 b,3211188618762023424,3.16158,0.000002,0.000002,0.122474487,0.000408248
TOI-2796 b,3222453935725951488,4.8084983,0.0000057,0.0000056,0.149666295,
WASP-82 b,3231856379348299008,2.70579,0.000002,0.000002,0.079372539,0.000629941
HAT-P-70 b,3291455819447952768,2.74432452,0.00000079,0.00000068,0.091885799,
K2-25 b,3311804515502788352,3.48456408,0.0000006,0.0000005,0.107470926,0.001814444
CoRoTID 223977153 b,3326541506073371776,6.71837,0.00001,0.00001,0.053851648,0.001856953
TOI-2497 b,3342228616422593664,10.655669,0.000038,0.000038,0.043324358,0.000577043
TOI-1601 b,338382713564401920,5.331751,0.000011,0.000011,0.058266629,0.000712243
HAT-P-56 b,3385777286999240576,2.79083,0.000005,0.000005,0.104880885,4.76731E-06
K2-260 b,3394923127797114496,2.6266657,0.0000018,0.0000018,0.097313925,0.000318557
TOI-4603 b,3402980516507429888,7.24599,0.00022,0.00021,0.039089641,0.001163991
TOI-2570 b,3445148131761842944,2.9887615,0.0000022,0.0000022,0.114192819,0.001138425
TOI-776 b,3460438662009633408,8.24661,0.00005,0.00004,0.032603681,0.001594912
TOI-776 c,3460438662009633408,15.6653,0.0004,0.0003,0.038522721,0.001648378
WASP-83 b,3515865416826633984,4.971252,0.000015,0.000015,0.10198039,0.001961161
WASP-34 b,3537110833333561728,4.31768,0.000005,0.000005,0.114017543,0.001140175
WASP-31 b,3545873945303316224,3.4059096,0.000005,0.000005,0.12708265,0.001062301
WASP-162 b,3558354604869150208,9.62468,0.00001,0.00001,0.093273791,0.001608169
K2-247 b,3578596339057980160,2.25021,0.00033,0.00036,0.031622777,
K2-247 c,3578596339057980160,6.49424,0.0026,0.00251,0.033166248,
K2-224 b,3578783977588991360,4.47904,0.00116,0.00132,0.018083141,
K2-224 c,3578783977588991360,10.09489,0.00119,0.00114,0.024347484,
K2-140 b,3579426053724051584,6.569188,0.000031,0.000031,0.124779806,8.01412E-05
K2-225 b,3579573358218514944,15.87209,0.00387,0.00338,0.018439089,
K2-226 b,3581264372742210048,3.27108,0.00049,0.0005,0.016431677,
K2-248 b,3582057258065666816,7.17256,0.00148,0.00142,0.026457513,
K2-249 b,3582098107498270208,12.409,0.00337,0.00284,0.015491933,
K2-252 b,3582392123779246336,13.81513,0.00461,0.00448,0.018973666,
K2-250 b,3582706794559052160,4.01457,0.00062,0.00057,0.031937439,
K2-228 b,3583611726987567232,2.69828,0.00022,0.00022,0.016084154,
K2-229 c,3583630929786305280,8.32727,0.00041,0.00043,0.023075962,
K2-253 b,3584368019189709952,4.00167,0.00013,0.00013,0.112205169,
K2-241 b,3594882751966012160,26.8199,0.00245,0.00247,0.03,
K2-242 b,3595647565382917120,6.51389,0.00082,0.00083,0.078993671,
K2-158 b,3596003497911958528,10.06049,0.00134,0.00148,0.026457513,
K2-158 c,3596003497911958528,5.90279,0.00191,0.00233,0.012247449,
K2-152 b,3596508242468505216,32.6479,0.01141,0.01483,0.039874804,
K2-254 b,3596876269626641664,4.09639,0.00081,0.00079,0.022803509,
K2-254 c,3596876269626641664,12.11839,0.00303,0.00321,0.034641016,
K2-243 b,3597570989175080576,11.54182,0.00272,0.00221,0.012649111,
K2-243 c,3597570989175080576,24.94598,0.00491,0.00561,0.013784049,
K2-244 b,3597981377595128704,21.06884,0.0032,0.00325,0.017320508,
K2-159 b,3600851450836925312,12.42205,0.0018,0.00182,0.025495098,
EPIC 212737443 b,3630680754621236096,13.603,0.0013,0.0013,0.033166248,
EPIC 212737443 c,3630680754621236096,65.55,0.0089,0.0089,0.033166248,
HAT-P-28 b,363702817083391232,3.257215,0.000007,0.000007,0.121321886,
WASP-39 b,3643098875168270592,4.055259,0.000009,0.000009,0.14525839,0.001376857
WASP-37 b,3652176997218325888,3.577469,0.000011,0.000011,0.119457105,0.001255681
HAT-P-26 b,3668036348641580288,4.23452,0.000015,0.000015,0.073484692,8.84538E-05
K2-251 b,3675248118423392256,9.30075,0.00332,0.00321,0.046260134,
K2-230 b,3676684252407983488,2.86041,0.00061,0.00061,0.014142136,
K2-255 b,3682825883842696832,1.96417,0.00004,0.00004,0.042778499,
K2-154 b,3683121446312149504,3.67626,0.0003,0.00031,0.033166248,
K2-154 c,3683121446312149504,7.95486,0.00084,0.00085,0.033166248,
K2-256 b,3693923185982895360,5.52011,0.00239,0.00289,0.031144823,
K2-245 b,3694743765254445312,11.89307,0.00065,0.00063,0.032710854,
K2-162 b,3694878833385971840,9.45889,0.00104,0.00107,0.016337074,
K2-257 b,3695235654973028736,1.60588,0.00014,0.00013,0.018439089,
K2-258 b,3695568295896473856,19.0921,0.00576,0.00633,0.022135944,
K2-246 b,3697828548204889344,5.76918,0.00081,0.00082,0.03660601,
K2-259 b,3700295641843380224,15.48043,0.00332,0.00392,0.019235384,
K2-153 b,3700937760929835648,7.51574,0.00205,0.0024,0.03591657,
K2-166 b,3701015375282968064,8.52695,0.00362,0.0037,0.012649111,
KELT-11 b,3761497761876022400,4.7361,0.00003,0.00003,0.051478151,0.003690886
WASP-106 b,3788394461991295488,9.28971,0.00001,0.00001,0.08,0.001125
K2-6 b,3794479262419500160,30.94191,0.00467,0.00467,0.02607681,
WASP-183 b,3803004978659671040,4.1117771,0.0000051,0.0000051,0.150332964,0.019955703
K2-7 b,3803494845449564672,28.67992,0.00947,0.00947,0.023021729,
K2-261 b,3807826337147474176,11.633478,0.000017,0.000017,0.053047149,0.001131069
K2-11 b,3810535361999701376,39.93767,0.23229,0.23229,0.026457513,
K2-13 b,3811032513054107648,39.91488,0.32477,0.32477,0.024083189,
K2-319 b,3811688440459523200,26.68,0.002,0.003,0.028809721,0.000173553
Qatar-5 b,382111248777193216,2.8792319,,,0.106113147,0.001319346
K2-321 b,3856449627544923392,2.298,0.001,0.001,0.033166248,0.000150756
Qatar-4 b,385697172809355392,1.8053564,,,0.137913016,0.003009143
K2-239 b,3857872051994269824,5.24,0.001,0.001,0.025884358,0.001352168
K2-239 c,3857872051994269824,7.775,0.001,0.001,0.024083189,0.00166091
K2-239 d,3857872051994269824,10.115,0.001,0.001,0.025495098,0.001176697
K2-323 b,3859431674878660864,24.93,0.006,0.006,0.051283526,0.000974972
K2-322 b,3860369901894562304,8.205,0.003,0.003,0.026645825,0.000375293
K2-324 b,3862378262961788288,3.262,0.001,0.001,0.044609416,0.000224168
K2-320 b,3864142669886768896,1.995,0.001,0.001,0.074632433,0.000334975
HD 89345 b,3877070590167177344,11.8143,0.0002,0.0002,0.038845849,0.001171296
EPIC 248847494 b,3882879683758393344,3650,1280,1130,0.042426407,
K2-14 b,3892632287473304064,8.36802,0.00019,0.00019,0.097108187,
K2-15 b,3896271842760486272,11.8104,0.00204,0.00204,0.034785054,
K2-17 b,3899064464855774592,17.96753,0.00152,0.00152,0.031464265,
TOI-1811 b,3962403923821595264,3.7130765,0.0000017,0.0000017,0.132702675,0.000715886
HD 97658 b,3997075206232885888,9.4897116,0.0000008,0.0000008,0.026683328,0.000712055
TOI-3693 b,404433018447476096,9.088516,0.000026,0.000027,0.146082169,0.00140332
OGLE-TR-56 b,4056326681029056896,1.2119189,,,0.095749674,
OGLE-TR-10 b,4056443366649948160,3.101278,,,0.11,0.002
WASP-93 b,415703635408772480,2.7325321,0.000002,0.000002,0.104737768,0.000620598
WASP-80 b,4223507222112425344,3.06785234,0.00000083,0.00000079,0.171376778,0.000379281
WASP-74 b,4224062406762625152,2.13775,0.000001,0.000001,0.09797959,0.000714435
CoRoT-17 b,4255957040079935488,3.7681,0.0003,0.0003,0.066332496,
CoRoT-16 b,4256135160951556480,5.35227,0.0002,0.0002,0.100995049,0.004703201
CoRoT-10 b,4263752921128319616,13.2406,0.0002,0.0002,0.126899961,0.003856896
TOI-1470 b,427224073427887360,2.527093,0.000004,0.000003,0.042591079,0.000763071
TOI-1470 c,427224073427887360,18.08816,0.00006,0.00008,0.048114447,0.000353324
CoRoT-11 b,4285511294172309504,2.99433,0.000011,0.000011,0.107,0.000501168
CoRoT-8 b,4287832775526476800,6.21229,0.00003,0.00003,0.080684571,0.000433788
WASP-163 b,4334991786994866304,1.6096884,0.0000015,0.0000015,0.119037809,0.002814232
WASP-103 b,4439085988769170432,0.925542,0.000019,0.000019,0.109316056,0.001921035
WASP-38 b,4453211899986180352,6.87188,0.00001,0.00001,0.083066239,0.000601929
CoRoT-36 b,4477340334766250496,5.616531,0.000023,0.000023,0.100498756,0.00054727
KELT-8 b,4534144923690481408,3.24406,0.00016,0.00016,0.114017543,0.002631174
TOI-2109 b,4558177980120149632,0.67247414,0.00000003,0.00000028,0.081553663,0.000220714
GPX-1 b,457317534880081152,1.744579,0.000008,0.000008,0.09486833,0.001581139
HAT-P-31 b,4583004815239650176,5.00542,0.000091,0.000091,0.080622577,0.009302605
WASP-135 b,4596481632339898240,1.4013794,0.0000008,0.0000008,0.139283883,0.002871833
HAT-P-5 b,4606030169272920320,2.78849,0.000025,0.000025,0.109544512,0.000593366
KELT-12 b,4608935250790855296,5.031623,0.000032,0.000031,0.077201036,0.001878213
TOI-2236 b,4613145315172329984,3.5315902,0.0000026,0.0000026,0.083731714,0.000549374
TOI-4184 b,4620574887039870720,4.9019804,0.0000052,0.0000052,0.095472509,0.00523711
TOI-157 b,4624979393181971328,2.0845435,0.0000023,0.0000023,0.11326959,0.000573852
HD 28109 b,4668163021600295552,22.89104,0.00035,0.00036,0.013711309,0.00058346
TOI-169 b,4684513614202233728,2.2554477,0.0000063,0.0000063,0.08660254,0.005773503
TOI-125 b,4698692744355471616,4.65382,0.00033,0.00031,0.029495762,0.000728918
TOI-125 c,4698692744355471616,9.15059,0.0007,0.00082,0.029849623,0.001005038
TOI-125 d,4698692744355471616,19.98,0.005,0.0056,0.031622777,0.001897367
XO-3 b,470650560777348352,3.19154,0.00014,0.00014,0.094339811,0.004133992
HD 1397 b,4707634458245031552,11.53533,0.00079,0.0008,0.045133136,0.000299115
TOI-558 b,4727755005637190016,14.574071,0.000026,0.000026,0.074632433,0.001272905
WASP-99 b,4745660479479743488,5.75251,0.00004,0.00004,0.064031242,0.001561738
WASP-117 b,4746157737910069888,10.02165,0.00055,0.00055,0.089442719,0.002906888
TOI-257 b,4747624104168195072,18.38818,0.00085,0.00084,0.035213634,0.000227185
WASP-62 b,4756649415309914240,4.41195,0.000003,0.000003,0.109544512,0.000912871
WASP-120 b,4837286842167819776,3.6112706,0.0000043,0.0000043,0.08093207,0.000988483
WASP-159 b,4864759888238232320,3.840401,0.000007,0.000007,0.067305275,0.001337191
LP 890-9 b,4886243456388510720,2.7299025,0.0000034,0.000004,0.07898101,0.001063547
LP 890-9 c,4886243456388510720,8.457463,0.000024,0.000024,0.081602696,0.001727884
TOI-444 b,4895489043507741440,17.9636,0.00004,0.00004,0.032496154,0.000707776
WASP-97 b,4911563216311083392,2.07276,0.000001,0.000001,0.109544512,0.000912871
WASP-105 b,4917441922731087488,7.87288,0.00001,0.00001,0.109544512,0.000456435
TOI-2421 b,4968289907406396160,4.3474032,0.0000079,0.0000078,0.054304696,0.000690548
TOI-4137 b,497750842338402560,3.8016122,0.0000065,0.0000065,0.086544786,0.00080883
WASP-96 b,4990044668377961984,3.4252602,0.0000027,0.0000027,0.117473401,0.001276885
WASP-190 b,4994237247949280000,5.367753,0.000004,0.000004,0.078740079,0.001270001
TOI-244 b,5001098681543159040,7.397225,0.000026,0.000023,0.032557641,0.001842885
TOI-262 b,5019835424832215424,11.14529,0.00003,0.00003,0.022,0.0015
TOI-559 b,5057924844082070016,6.9839095,0.0000051,0.0000051,0.090972523,0.000549617
WASP-72 b,5065640460769428224,2.21673,0.000002,0.000002,0.060827625,0.002465985
WASP-22 b,5086537022856406272,3.53269,0.00001,0.00001,0.1,0.002
WASP-78 b,5089851638095503616,2.17518,0.000005,0.000005,0.080622577,0.000620174
HD 15906 b,5175239363214344960,10.924709,0.000032,0.000032,0.027,0.001
HD 15906 c,5175239363214344960,21.583298,0.000052,0.000055,0.035256205,0.000765823
TOI-3023 b,5227928170880093568,3.9014971,0.0000031,0.0000031,0.09027735,0.000664619
OGLE-TR-132 b,5241964708164136192,1.689868,,,0.095760117,
OGLE-TR-113 b,5242077854771196544,1.4324752,,,0.14501724,0.001620497
OGLE-TR-211 b,5253607539857229568,3.67724,0.00003,0.00003,0.085029407,0.004116223
TOI-715 b,5262666416118954368,19.288004,0.000027,0.000024,0.066932802,0.001942246
TOI-712 b,5284358990266469760,9.531361,0.000018,0.000017,0.027712813,0.00180422
TOI-712 c,5284358990266469760,51.69906,0.00017,0.00017,0.036687873,0.000749566
TOI-712 d,5284358990266469760,84.8396,0.00043,0.0004,0.033615473,0.000788327
TOI-4562 b,5288681857665822080,225.11781,0.00025,0.00022,0.09980481,0.000921799
TOI-2977 b,5305241494923209856,2.3505614,0.0000025,0.0000025,0.112472219,0.001511484
OGLE2-TR-L9 b,5337273743301313536,2.4855335,0.0000007,0.0000007,0.108489631,0.000967834
OGLE-TR-182 b,5337294049909975680,3.9791,0.00001,0.00001,0.10198039,0.00406941
TOI-1695 b,534988616816537728,3.1342791,0.0000071,0.0000063,0.035156792,0.001180426
TOI-3362 b,5351820556994135296,18.09547,0.00003,0.00003,0.064031242,0.001561738
TOI-1231 b,5357465071715078016,24.245586,0.000064,0.000066,0.070142712,0.001924648
WASP-171 b,5376137837173646208,3.8186244,0.0000038,0.0000038,0.061806149,0.001456166
NGTS-13 b,5385076140853434752,4.119027,0.000023,0.000023,0.065574385,0.003049971
WASP-175 b,5401743332678544640,3.0652907,0.0000011,0.0000016,0.103150376,0.001745025
TOI-3364 b,5409268527708808320,5.8768918,0.0000069,0.0000069,0.078993671,0.001519109
WASP-19 b,5411736896952029568,0.78883852,0.00000075,0.00000082,0.144118007,0.000485713
WASP-66 b,5444147952811517696,4.08605,0.000007,0.000007,0.081853528,0.000977356
WASP-193 b,5453063823882876032,6.2463345,0.0000003,0.0000003,0.111355287,0.004939146
HD 17156 b,545560867790611072,21.21663,0.00045,0.00045,0.072801099,0.000597518
TOI-500 b,5509620021956148736,0.548177,0.000019,0.000019,0.015770225,0.00071654
TOI-2818 b,5545555570947605376,4.039709,0.0000024,0.0000023,0.114017543,0.001315587
WASP-23 b,5557345496687437696,2.9444256,0.0000011,0.0000013,0.130038456,0.000422952
KELT-14 b,5560886336446650240,1.7100566,0.0000032,0.0000026,0.117728501,0.001231647
WASP-63 b,5574766468155514752,4.37808,0.000006,0.000006,0.078102497,0.001088313
TOI-640 b,5580554052549277056,5.0037775,0.0000048,0.0000048,0.087407094,0.000915258
WASP-170 b,5656184406542140032,2.34478022,0.0000036,0.0000036,0.117558496,4.2532E-05
GJ 357 b,5664814198431308288,3.9306,0.000002,0.000002,0.030903074,0.001003136
WASP-166 b,5664957444179338240,5.44354,0.000004,0.000004,0.053009433,0.00066026
WASP-142 b,5674618444832114304,2.052868,0.000002,0.000002,0.095707889,0.0013583
TOI-2154 b,570653411060484480,3.8240801,0.0000025,0.0000025,0.106911178,0.000935356
TOI-564 b,5710154317045164416,1.651144,0.000018,0.000018,0.09591663,0.088618626
TOI-1478 b,5723638723350902400,10.180249,0.000015,0.000015,0.104067286,0.001537467
WASP-169 b,5723772524469252096,5.6114118,0.0000092,0.0000092,0.066783231,0.002096335
TOI-620 b,5738284016370287616,5.0988179,0.0000045,0.0000046,0.062689712,0.001674916
HD 73583 b,5746824674801810816,6.39805,0.00001,0.00001,0.030495901,0.000918156
WASP-161 b,5751177095877066496,5.4060425,0.0000048,0.0000048,0.067150577,1.71257E-05
TOI-905 b,5795534040654879744,3.739494,0.000038,0.000038,0.131072499,0.001220698
BD+20 594 b,58200934326315136,41.6855,0.003,0.003,0.022135944,0.000564692
TOI-824 b,5880886001621564928,1.392978,0.000018,0.000017,0.038600518,0.001813447
HD 136352 b,5902750168276592256,11.57797,0.00008,0.00013,0.014422205,0.00027735
HD 136352 c,5902750168276592256,27.59221,0.00011,0.00011,0.025258662,0.000475085
HD 136352 d,5902750168276592256,107.245,0.05,0.05,0.022181073,0.000676252
WASP-65 b,596931979481073152,2.3114243,0.0000015,0.0000015,0.113137085,0.000662913
WASP-178 b,6003809889735481856,3.3448285,0.0000012,0.0000012,0.11148991,0.001255719
K2-114 b,602494855483616256,11.3909311,0.0000034,0.0000034,0.011627553,0.000154805
K2-237 b,6032746832450438400,2.18053539,0.00000086,0.00000085,0.117686023,0.002761585
WASP-17 b,6042793005779654656,3.73543,0.000008,0.000008,0.130384048,0.000690268
WASP-172 b,6086712585429729536,5.477433,0.000007,0.000007,0.084852814,0.001178511
WASP-130 b,6112606840179716096,11.55098,0.00001,0.00001,0.095707889,0.000731392
HD 108236 b,6125644402384918784,3.795963,0.000025,0.000034,0.016881943,0.000503497
HD 108236 c,6125644402384918784,6.203449,0.000049,0.000046,0.021656408,0.000507933
HD 108236 d,6125644402384918784,14.175685,0.000083,0.0001,0.026551836,0.000640257
HD 108236 e,6125644402384918784,19.590025,0.000083,0.000089,0.032218007,0.000465578
HD 108236 f,6125644402384918784,29.54115,0.00033,0.00042,0.021095023,0.000568855
WASP-167 b,6154982877299042944,2.0219596,0.0000006,0.0000006,0.090553851,0.000552158
K2-30 b,61607255708760960,4.098503,0.000011,0.000011,0.126609636,0.00161915
WASP-41 b,6160877943251930368,3.0524,0.000001,0.000001,0.137840488,0.000362738
WASP-15 b,6171009049549197824,3.7521,0.00001,0.00001,0.098488578,0.000609208
WASP-184 b,6173435259395017344,5.1817,0.00001,0.00001,0.083066239,0.001805788
WASP-131 b,6173451477191225984,5.322023,0.000005,0.000005,0.081547532,0.000735767
WASP-25 b,6186950525042445824,3.76483,0.000005,0.000005,0.137840488,0.000725476
WASP-192 b,6198312362812872320,2.8786765,0.0000028,0.0000028,0.096228894,0.003169526
K2-316 b,6239410080231903488,1.133,0.001,0.001,0.030935417,0.000307091
K2-316 c,6239410080231903488,5.26,0.007,0.007,0.049799598,0.000602414
K2-317 b,6255655673768103168,6.22,0.007,0.007,0.034496377,0.001884256
K2-240 b,6257625719430982016,6.034,0.001,0.001,0.036193922,0.001381447
K2-240 c,6257625719430982016,20.523,0.001,0.001,0.031304952,0.002555506
K2-318 b,6258364939144564992,7.01,0.007,0.007,0.029154759,0.000342997
HD 137496 b,6258810550587404672,1.62116,0.0000791,0.0000806,0.007582875,0.000303974
K2-286 b,6264513270727342080,27.359,0.005,0.005,0.033466401,0.003884493
WASP-16 b,6283723285046532864,3.1186,0.000014,0.000014,0.109544512,0.00205396
WASP-185 b,6284007337003799552,9.38755,0.00002,0.00002,0.085440037,0.002926029
LHS 475 b,6347643496607835520,2.029088,0.000006,0.000006,0.03318132,0.000904123
WASP-91 b,6386751579018596864,2.798581,0.000003,0.000003,0.122474487,0.001224745
HD 213885 b,6407428994690988928,1.008035,0.000021,0.00002,0.014142136,
TOI-122 b,6411096106487783296,5.07803,0.000015,0.000015,0.074833148,
WASP-73 b,6453566701615683456,4.08722,0.00022,0.00022,0.057445626,0.002611165
TOI-1789 b,646125297938578944,3.208664,0.000015,0.000015,0.068044103,0.01175708
WASP-88 b,6482103014085857024,4.954,0.000019,0.000019,0.083666003,0.001792843
WASP-164 b,6491038642006989056,1.7771255,0.0000028,0.0000028,0.124177293,0.001328745
HD 219666 b,6492940453524576128,6.04345,0.00001,0.00001,0.037603191,0.000904179
WASP-95 b,6518399301667782016,2.18467,0.000001,0.000001,0.1,0.0015
KELT-17 b,651935220461650560,3.0801716,0.0000053,0.0000052,0.095236548,0.000892515
WASP-5 b,6533307957785865856,1.6284279,0.0000022,0.0000049,0.108627805,0.001334833
WASP-29 b,6534414719318224512,3.92273,0.000004,0.000004,0.1,0.002
HIP 113103 b,6541360574788758016,7.610303,0.000018,0.000018,0.024413111,0.001269809
HIP 113103 c,6541360574788758016,14.245648,0.000019,0.000019,0.03241913,0.001696529
TOI-181 b,6552346035980010624,4.532,0.000002,0.000002,0.085440037,0.001228932
WASP-144 b,6582435924022652672,2.2783152,0.0000013,0.0000013,0.107935166,0.001297075
TOI-2207 b,6675883485986480256,8.001968,0.000024,0.000025,0.065368188,0.0007496
WASP-182 b,6677909439240233472,3.3769848,0.0000024,0.0000024,0.065268675,0.001302309
TOI-1064 b,6683371847364921088,6.443868,0.000025,0.000025,0.032664966,0.000443901
KELT-10 b,6710517793025165696,4.1662739,0.0000063,0.0000063,0.118995798,0.001428622
TOI-172 b,6801474136516893184,9.47725,0.00064,0.00079,0.05585696,0.000895144
G 9-40 b,684992690384102528,5.746007,0.000006,0.000006,0.06041523,0.002731099
WASP-89 b,6857756246957592320,3.3564227,0.0000025,0.0000025,0.122065556,0.000819232
WASP-67 b,6868476691490044672,4.61442,0.00001,0.00001,0.134164079,0.003354102
WASP-69 b,6910753016653587840,3.86814,0.000002,0.000002,0.134164079,0.001565248
WASP-13 b,702295464353437952,4.35301,0.000003,0.000003,0.091651514,0.000872872
HAT-P-21 b,770622651659107712,4.12448,0.000007,0.000007,0.09486833,0.002213594
HAT-P-20 b,869913435026514688,2.875317,0.000004,0.000004,0.099488693,
TOI-3819 b,876608292608416512,3.2443141,0.0000055,0.0000055,0.078294317,0.000830201
HAT-P-9 b,898130030131443584,3.92281072,0.00000102,0.00000102,0.106957936,0.0008882
XO-5 b,920308932010648448,4.1877558,0.0000006,0.0000006,0.103923048,0.000481125
XO-4 b,990291507088739072,4.12508,0.000004,0.000004,0.088317609,0.000679366
