KOI,Host KOI,Kepler name,Host Gaia DR3 ID,P,P pme,PSR,PSR pme
K01944.01,KOI-1944,KOI-1944.01,2051104586182508928       ,12.184169,0.000012,0.0223455,0.0008047
K00440.01,KOI-440,Kepler-156 c,2051105410816218368       ,15.906867,0.000018,0.0261369,0.001351
K00440.02,KOI-440,Kepler-156 b,2051105410816218368       ,4.973444,0.00001,0.0280884,0.0010611
K01001.01,KOI-1001,Kepler-264 b,2051738798233021824       ,40.806846,0.00002,0.0158769,0.0003331
K00490.01,KOI-490,Kepler-167 A b,2051933102555095936       ,4.393153,0.000004,0.0184015,0.0004468
K00490.03,KOI-490,Kepler-167 A c,2051933102555095936       ,7.406109,0.000008,0.0181944,0.000476
K00490.04,KOI-490,Kepler-167 A d,2051933102555095936       ,21.80387,0.000019,0.0138076,0.0010162
K01198.01,KOI-1198,Kepler-275 c,2051950454223150720       ,16.088329,0.000018,0.023246,0.0011342
K01198.02,KOI-1198,Kepler-275 b,2051950454223150720       ,10.300658,0.000019,0.0135627,0.0012862
K01198.03,KOI-1198,Kepler-275 d,2051950454223150720       ,35.675697,0.00002,0.0157244,0.0018742
K00384.01,KOI-384,Kepler-541 b,2052168466766597120       ,5.080068,0.000014,0.0140605,0.0005329
K00386.01,KOI-386,Kepler-146 b,2052185062520374272       ,31.158789,0.000019,0.029662,0.0007106
K00386.02,KOI-386,Kepler-146 c,2052185062520374272       ,76.732517,0.00002,0.0257895,0.0012929
K01203.01,KOI-1203,Kepler-276 c,2052304325169514880       ,31.884154,0.00002,0.0241549,0.0011449
K01203.02,KOI-1203,Kepler-276 b,2052304325169514880       ,14.128467,0.000017,0.022747,0.0011384
K01199.01,KOI-1199,Kepler-786 b,2052392835854583936       ,53.529348,0.00002,0.029212,0.0015939
K00988.01,KOI-988,Kepler-261 b,2052528625536778624       ,10.381225,0.000009,0.0267855,0.0003535
K00988.02,KOI-988,Kepler-261 c,2052528625536778624       ,24.570817,0.000015,0.0280271,0.0005665
K00800.01,KOI-800,Kepler-234 b,2052688467040906624       ,2.711494,0.000008,0.0259437,0.0010392
K00800.02,KOI-800,Kepler-234 c,2052688467040906624       ,7.21203,0.000017,0.028294,0.001197
K00069.01,KOI-69,Kepler-93 b,2052747119115620352       ,4.726739,0.000001,0.0151309,0.0001247
K01102.03,KOI-1102,Kepler-24 e,2052823535171095296       ,18.998513,0.000019,0.019811,0.0012431
K01102.04,KOI-1102,Kepler-24 d,2052823535171095296       ,4.244376,0.000012,0.0126096,0.0008463
K01860.01,KOI-1860,Kepler-416 b,2052975370856687744       ,6.319431,0.000006,0.0218313,0.0005154
K01860.02,KOI-1860,Kepler-416 c,2052975370856687744       ,12.209458,0.000015,0.0215702,0.0006465
K01860.03,KOI-1860,KOI-1860.03,2052975370856687744       ,3.076446,0.000006,0.0140681,0.000563
K01860.04,KOI-1860,KOI-1860.04,2052975370856687744       ,24.843512,0.00002,0.0138319,0.0015157
K00232.02,KOI-232,Kepler-122 b,2053070616052194304       ,5.766165,0.000007,0.0172517,0.0004308
K00232.03,KOI-232,Kepler-122 d,2053070616052194304       ,21.587868,0.00002,0.016142,0.0005919
K00232.04,KOI-232,Kepler-122 e,2053070616052194304       ,37.996389,0.00002,0.0166047,0.0005821
K00232.05,KOI-232,Kepler-122 f,2053070616052194304       ,56.25879,0.00002,0.0170975,0.00052
K00555.01,KOI-555,Kepler-598 b,2053546910744629504       ,3.701759,0.000004,0.0153074,0.0004554
K00555.02,KOI-555,Kepler-598 c,2053546910744629504       ,86.494779,0.00002,0.0272076,0.0007648
K01060.01,KOI-1060,Kepler-758 b,2053552270863859712       ,12.109695,0.000018,0.0159526,0.0005696
K01060.02,KOI-1060,Kepler-758 c,2053552270863859712       ,4.757961,0.000013,0.0096482,0.0005553
K01060.03,KOI-1060,Kepler-758 d,2053552270863859712       ,20.496612,0.000021,0.0135719,0.0009471
K01060.04,KOI-1060,Kepler-758 e,2053552270863859712       ,8.193476,0.000017,0.0110422,0.0005953
K00841.03,KOI-841,KOI-841.03,2053586321364864640       ,6.546272,0.000009,0.0236775,0.0009438
K00144.01,KOI-144,Kepler-472 b,2073277200237694464       ,4.176255,0.000002,0.0327019,0.0002627
K02462.01,KOI-2462,KOI-2462.01,2073539536845074176       ,12.146927,0.000016,0.0079382,0.0003434
K01563.01,KOI-1563,Kepler-305 b,2073547954981763328       ,5.487102,0.000006,0.0314396,0.0010513
K01563.02,KOI-1563,Kepler-305 c,2073547954981763328       ,8.29088,0.000012,0.0280606,0.0011807
K01563.03,KOI-1563,Kepler-305 e,2073547954981763328       ,3.205405,0.000006,0.0190858,0.0009711
K01563.04,KOI-1563,Kepler-305 d,2073547954981763328       ,16.738655,0.000019,0.0337772,0.0021504
K00261.01,KOI-261,Kepler-96 b,2073731161099713408       ,16.238475,0.000005,0.0255933,0.0003015
K01621.01,KOI-1621,Kepler-911 b,2073804411752924288       ,20.310505,0.00002,0.0122736,0.0006823
K00148.01,KOI-148,Kepler-48 b,2075112109039378688       ,4.778006,0.000003,0.0194458,0.000325
K00148.02,KOI-148,Kepler-48 c,2075112109039378688       ,9.673944,0.000004,0.0279517,0.0004586
K00148.03,KOI-148,Kepler-48 d,2075112109039378688       ,42.89607,0.000019,0.020856,0.0003435
K00306.01,KOI-306,Kepler-519 A b,2075161655782111872       ,24.307892,0.000015,0.025247,0.0013088
K00102.01,KOI-102,KOI-102.01,2076121602454770560       ,1.735136,0,0.0337911,0.0002593
K00500.03,KOI-500,Kepler-80 d,2076328963475704576       ,3.072147,0.000003,0.0197765,0.0008029
K00500.04,KOI-500,Kepler-80 e,2076328963475704576       ,4.645388,0.000011,0.0197009,0.0011436
K01557.01,KOI-1557,Kepler-304 b,2076565805151925760       ,3.295705,0.000002,0.0398516,0.0005356
K01557.02,KOI-1557,Kepler-304 d,2076565805151925760       ,9.653473,0.000008,0.0334888,0.000616
K01557.03,KOI-1557,Kepler-304 c,2076565805151925760       ,5.315955,0.000005,0.0347268,0.0010818
K01557.04,KOI-1557,Kepler-304 e,2076565805151925760       ,1.49915,0.000002,0.0156871,0.0006258
K00645.01,KOI-645,Kepler-633 b,2076601917234347520       ,8.503414,0.000019,0.0186947,0.0018003
K00645.02,KOI-645,KOI-645.02,2076601917234347520       ,23.78325,0.00002,0.0146158,0.0008518
K00191.02,KOI-191,KOI-191.02,2076692386427776768       ,2.418405,0.000003,0.0248711,0.0006545
K00191.04,KOI-191,Kepler-487 c,2076692386427776768       ,38.651995,0.00002,0.0213875,0.0010174
K00448.01,KOI-448,Kepler-159 b,2076764576237957504       ,10.13962,0.000009,0.0331048,0.0005627
K01050.01,KOI-1050,Kepler-755 A b,2076782889978499840       ,1.269091,0.000002,0.0184043,0.0004137
K01050.02,KOI-1050,Kepler-755 A c,2076782889978499840       ,2.853133,0.000004,0.0180074,0.0006731
K00658.01,KOI-658,Kepler-203 b,2076792648144511104       ,3.162692,0.000007,0.0233803,0.0007159
K00658.02,KOI-658,Kepler-203 c,2076792648144511104       ,5.370646,0.000012,0.0241604,0.0008296
K00658.03,KOI-658,Kepler-203 d,2076792648144511104       ,11.329752,0.00002,0.0115186,0.0013487
K00305.01,KOI-305,Kepler-99 B b,2076871091425583232       ,4.603576,0.000002,0.0188765,0.0003688
K00509.01,KOI-509,Kepler-171 b,2076955822541823744       ,4.16696,0.000005,0.0274167,0.0005424
K00509.02,KOI-509,Kepler-171 c,2076955822541823744       ,11.463477,0.000013,0.0328424,0.0008447
K00157.02,KOI-157,Kepler-11 d,2076960598545789824       ,22.687159,0.000014,0.0282097,0.0005608
K00157.06,KOI-157,Kepler-11 b,2076960598545789824       ,10.304021,0.000012,0.0156464,0.0003009
K00094.02,KOI-94,Kepler-89 A c,2076970047474270208       ,10.423684,0.000005,0.0266356,0.0006206
K00094.04,KOI-94,Kepler-89 A b,2076970047474270208       ,3.743176,0.000003,0.0105429,0.0001833
K01364.01,KOI-1364,Kepler-292 f,2077140987172577408       ,20.834288,0.000018,0.0256397,0.0009735
K01364.02,KOI-1364,Kepler-292 d,2077140987172577408       ,7.055679,0.000009,0.023056,0.0008446
K01364.03,KOI-1364,Kepler-292 e,2077140987172577408       ,11.978813,0.000016,0.0237118,0.0009293
K01364.04,KOI-1364,Kepler-292 c,2077140987172577408       ,3.715456,0.000006,0.016603,0.0007948
K01364.05,KOI-1364,Kepler-292 b,2077140987172577408       ,2.580823,0.000005,0.0152323,0.0008736
K01692.01,KOI-1692,Kepler-314 c,2077540827141811200       ,5.960402,0.000005,0.0267866,0.0003383
K00564.03,KOI-564,Kepler-603 d,2077556465126659456       ,6.217125,0.000018,0.011278,0.0012118
K00307.01,KOI-307,Kepler-520 b,2077598384004774912       ,19.674162,0.000019,0.0215047,0.0009159
K00307.02,KOI-307,Kepler-520 c,2077598384004774912       ,5.211036,0.000013,0.0139191,0.0004866
K00671.01,KOI-671,Kepler-208 b,2077750803804146176       ,4.228655,0.000005,0.0118965,0.0003691
K00671.02,KOI-671,Kepler-208 c,2077750803804146176       ,7.466634,0.000012,0.0107257,0.0004045
K00671.03,KOI-671,Kepler-208 e,2077750803804146176       ,16.25946,0.000018,0.0120048,0.0006365
K00671.04,KOI-671,Kepler-208 d,2077750803804146176       ,11.131752,0.000019,0.0083138,0.0005729
K00881.01,KOI-881,Kepler-712 b,2077961463362645632       ,21.022471,0.000017,0.0391029,0.0008492
K00987.01,KOI-987,Kepler-743 A b,2077994272606400512       ,3.179264,0.000006,0.016135,0.0009996
K01486.02,KOI-1486,Kepler-302 b,2078195212660287616       ,30.183689,0.000018,0.0285895,0.0010565
K00171.01,KOI-171,Kepler-116 b,2078272831307891456       ,5.968714,0.000012,0.0221212,0.0002981
K00171.02,KOI-171,Kepler-116 c,2078272831307891456       ,13.07148,0.000021,0.0165123,0.0004902
K00520.02,KOI-520,Kepler-176 b,2078286197246582016       ,5.433113,0.000007,0.0154564,0.0005517
K00520.04,KOI-520,Kepler-176 e,2078286197246582016       ,51.165791,0.000019,0.0146672,0.0010299
K01353.02,KOI-1353,Kepler-289 b,2078515170549178880       ,34.543847,0.000019,0.0232759,0.0012832
K00238.01,KOI-238,Kepler-123 b,2078697552035948800       ,17.232309,0.000018,0.0223143,0.0006244
K00238.02,KOI-238,Kepler-123 c,2078697552035948800       ,26.695166,0.00002,0.0114187,0.0013588
K00150.01,KOI-150,Kepler-112 b,2078722600285671936       ,8.408874,0.000005,0.0262614,0.0003058
K00150.02,KOI-150,Kepler-112 c,2078722600285671936       ,28.574262,0.000018,0.0276505,0.0003249
K00907.01,KOI-907,Kepler-251 c,2078832551450444032       ,16.514133,0.000017,0.02844,0.0006601
K00907.02,KOI-907,Kepler-251 d,2078832551450444032       ,30.132939,0.000018,0.0295369,0.0007899
K00907.03,KOI-907,Kepler-251 b,2078832551450444032       ,4.790919,0.000014,0.0143647,0.0007907
K00907.04,KOI-907,Kepler-251 e,2078832551450444032       ,99.640965,0.000021,0.0319982,0.0017384
K00317.01,KOI-317,Kepler-521 b,2079005651508492032       ,22.208119,0.000015,0.0207225,0.0002646
K00105.01,KOI-105,Kepler-463 b,2079192121810035840       ,8.981015,0.000002,0.0312899,0.0004404
K00137.03,KOI-137,Kepler-18 b,2079295583282164992       ,3.504713,0.000003,0.0163997,0.00028
K00159.01,KOI-159,Kepler-115 c,2079368391569401600       ,8.990883,0.000017,0.0195354,0.0003546
K00159.02,KOI-159,Kepler-115 b,2079368391569401600       ,2.403633,0.000016,0.0090059,0.000762
K03197.01,KOI-3197,KOI-3197.01,2079695496278608896       ,22.599212,0.00002,0.0084665,0.0051937
K00700.02,KOI-700,Kepler-215 b,2079885608708649344       ,9.360628,0.000011,0.0151507,0.0003461
K00700.03,KOI-700,Kepler-215 c,2079885608708649344       ,14.667187,0.000016,0.0140543,0.0003901
K00700.04,KOI-700,Kepler-215 e,2079885608708649344       ,68.161359,0.00002,0.01682,0.0006107
K00941.01,KOI-941,Kepler-257 c,2080246282881778048       ,6.581482,0.000009,0.0428697,0.0009428
K00941.02,KOI-941,Kepler-257 b,2080246282881778048       ,2.382652,0.000004,0.0263214,0.000813
K00720.01,KOI-720,Kepler-221 c,2080344586094498432       ,5.690592,0.000004,0.0347523,0.0004735
K00720.02,KOI-720,Kepler-221 d,2080344586094498432       ,10.041575,0.000007,0.0327336,0.000485
K00720.04,KOI-720,Kepler-221 b,2080344586094498432       ,2.795895,0.000002,0.0180822,0.0003669
K00974.01,KOI-974,KOI-974.01,2080386917291928832       ,53.505835,0.000019,0.0128473,0.0002617
K00711.01,KOI-711,Kepler-218 c,2080452613110460928       ,44.699505,0.00002,0.027173,0.0006981
K00711.02,KOI-711,Kepler-218 b,2080452613110460928       ,3.619312,0.000004,0.0130009,0.0003194
K00991.01,KOI-991,Kepler-744 b,2080562667352233728       ,12.062215,0.000014,0.0180419,0.00106
K00116.01,KOI-116,Kepler-106 c,2082074942519913344       ,13.570778,0.000009,0.0230094,0.0003672
K00116.02,KOI-116,Kepler-106 e,2082074942519913344       ,43.844448,0.000019,0.0233826,0.0003201
K00116.04,KOI-116,Kepler-106 d,2082074942519913344       ,23.980232,0.00002,0.0096207,0.0003604
K00730.04,KOI-730,Kepler-223 b,2086337508581280256       ,7.384422,0.000019,0.015567,0.000954
K02390.01,KOI-2390,Kepler-1219 b,2086389357427331712       ,16.104672,0.00002,0.0120173,0.0010919
K02149.01,KOI-2149,Kepler-1121 b,2086505630781210752       ,13.151421,0.000019,0.0092909,0.0004272
K00117.04,KOI-117,Kepler-107 d,2086625752425381632       ,7.958297,0.000018,0.0061411,0.0002928
K00117.03,KOI-117,Kepler-107 b,2086625752425381632       ,3.18002,0.000002,0.0101072,0.0001669
K00117.02,KOI-117,Kepler-107 c,2086625752425381632       ,4.901438,0.000006,0.0106106,0.000171
K00117.01,KOI-117,Kepler-107 e,2086625752425381632       ,14.749136,0.000011,0.0188432,0.000239
K00174.01,KOI-174,Kepler-482 b,2086629463276947456       ,56.354185,0.000019,0.0338763,0.0013008
K00756.02,KOI-756,Kepler-228 c,2086660283961964416       ,4.134431,0.000007,0.0244302,0.0008421
K00756.03,KOI-756,Kepler-228 b,2086660283961964416       ,2.566577,0.000009,0.0151305,0.0008579
K00291.01,KOI-291,Kepler-133 c,2086718317558873984       ,31.517801,0.00002,0.0198646,0.0008204
K00291.02,KOI-291,Kepler-133 b,2086718317558873984       ,8.129994,0.000018,0.0177128,0.0015777
K00294.01,KOI-294,Kepler-512 b,2086940448965828992       ,34.435879,0.000019,0.0196722,0.0009749
K00365.01,KOI-365,Kepler-538 A b,2087171453788422528       ,81.737807,0.00002,0.0241374,0.0002797
K02173.01,KOI-2173,Kepler-367 b,2087250476887856256       ,37.815615,0.000019,0.0141785,0.0007172
K02173.02,KOI-2173,Kepler-367 c,2087250476887856256       ,53.57784,0.000019,0.0156561,0.000668
K00273.01,KOI-273,Kepler-454 A b,2099541715513813504       ,10.573747,0.000007,0.0201213,0.000586
K00118.01,KOI-118,Kepler-467 b,2099605968225288960       ,24.993239,0.000021,0.0158167,0.0006156
K00975.01,KOI-975,Kepler-21 A b,2099606483621385216       ,2.785818,0,0.0082442,7.09E-05
K00281.01,KOI-281,Kepler-510 b,2099656472742686848       ,19.55659,0.000014,0.0158805,0.0002629
K00299.01,KOI-299,Kepler-98 b,2099862910348755712       ,1.541678,0.000001,0.0160803,0.0002503
K00377.03,KOI-377,Kepler-9 d,2099925719951103872       ,1.592957,0.000001,0.0148356,0.000381
K01215.02,KOI-1215,Kepler-277 c,2100389610777053056       ,33.00631,0.00002,0.0161209,0.0007801
K00280.01,KOI-280,Kepler-1655 b,2100392428275714688       ,11.872891,0.000006,0.019791,0.0002934
K03168.01,KOI-3168,KOI-3168.01,2100416823690394624       ,56.348109,0.000022,0.0068121,0.0006266
K00161.01,KOI-161,Kepler-475 b,2100597143598879616       ,3.105507,0.000001,0.0290793,0.0004636
K00834.02,KOI-834,Kepler-238 d,2100624562669914240       ,13.233546,0.000019,0.0197413,0.0005424
K00834.03,KOI-834,Kepler-238 c,2100624562669914240       ,6.155574,0.00001,0.0144034,0.000473
K00834.04,KOI-834,Kepler-238 b,2100624562669914240       ,2.090815,0.000006,0.0094475,0.0004878
K00834.05,KOI-834,Kepler-238 f,2100624562669914240       ,50.447315,0.00002,0.0203404,0.0008933
K00304.01,KOI-304,Kepler-518 b,2100906140725803392       ,8.512033,0.000004,0.0247432,0.0003362
K00123.01,KOI-123,Kepler-109 b,2101175933393051008       ,6.481639,0.000003,0.0164629,0.0002406
K00123.02,KOI-123,Kepler-109 c,2101175933393051008       ,21.222602,0.000013,0.0179728,0.0001798
K00829.02,KOI-829,Kepler-53 d,2101188990094347648       ,9.751929,0.000019,0.0192496,0.0009591
K01805.01,KOI-1805,Kepler-319 c,2101230049979183232       ,6.941362,0.000005,0.0309433,0.000589
K01805.02,KOI-1805,Kepler-319 d,2101230049979183232       ,31.782112,0.000018,0.023613,0.0005929
K01805.03,KOI-1805,Kepler-319 b,2101230049979183232       ,4.36275,0.000004,0.0174442,0.0003883
K00108.01,KOI-108,Kepler-103 b,2101243789577188736       ,15.965333,0.000013,0.0220533,0.0002473
K00282.02,KOI-282,Kepler-130 A b,2101305259145506816       ,8.457451,0.000012,0.00844,0.0003192
K00282.03,KOI-282,Kepler-130 A d,2101305259145506816       ,87.517436,0.00002,0.0161515,0.0044995
K00176.01,KOI-176,Kepler-483 b,2101719263935952768       ,30.229106,0.000019,0.0195193,0.0005701
K00041.02,KOI-41,Kepler-100 b,2101733244046205568       ,6.887062,0.000007,0.0082278,0.0001469
K00041.03,KOI-41,Kepler-100 d,2101733244046205568       ,35.333093,0.000019,0.0103546,0.0002224
K00041.01,KOI-41,Kepler-100 c,2101733244046205568       ,12.815893,0.000008,0.0137932,0.000168
K00869.01,KOI-869,Kepler-245 b,2101768089124657664       ,7.49017,0.000007,0.0308828,0.0006549
K00869.03,KOI-869,Kepler-245 c,2101768089124657664       ,17.460864,0.000016,0.0285918,0.0014273
K00869.04,KOI-869,Kepler-245 e,2101768089124657664       ,3.219823,0.000005,0.0160162,0.000825
K01127.02,KOI-1127,Kepler-269 c,2101854881822529024       ,8.128107,0.000018,0.0172411,0.0022512
K01127.03,KOI-1127,KOI-1127.03,2101854881822529024       ,2.836704,0.000016,0.0120963,0.001456
K00665.01,KOI-665,Kepler-207 d,2101898759208960640       ,5.868083,0.000009,0.0202096,0.0003987
K00665.02,KOI-665,Kepler-207 b,2101898759208960640       ,1.611895,0.000005,0.0095698,0.0003769
K00665.03,KOI-665,Kepler-207 c,2101898759208960640       ,3.071542,0.000012,0.0081308,0.0004396
K00672.01,KOI-672,Kepler-209 b,2101964558106974848       ,16.087861,0.000017,0.0250806,0.0008616
K00408.01,KOI-408,Kepler-150 c,2102063136195478656       ,7.381981,0.000007,0.0355103,0.0005299
K00408.02,KOI-408,Kepler-150 d,2102063136195478656       ,12.560935,0.000013,0.0275049,0.0005639
K00408.03,KOI-408,Kepler-150 e,2102063136195478656       ,30.826486,0.000019,0.0273259,0.0007103
K00408.04,KOI-408,Kepler-150 b,2102063136195478656       ,3.428057,0.00001,0.0132748,0.0005687
K01567.01,KOI-1567,Kepler-306 c,2102067396802935680       ,7.240222,0.000013,0.0267876,0.0011626
K01567.02,KOI-1567,Kepler-306 b,2102067396802935680       ,4.64622,0.000013,0.0176042,0.0011532
K01567.03,KOI-1567,Kepler-306 d,2102067396802935680       ,17.326689,0.00002,0.0244408,0.0012651
K01567.04,KOI-1567,Kepler-306 e,2102067396802935680       ,44.841224,0.000021,0.0294356,0.0015662
K00283.01,KOI-283,Kepler-131 b,2102110174677569664       ,16.091981,0.000009,0.0212462,0.0003783
K00085.02,KOI-85,Kepler-65 b,2102119176929154304       ,2.154911,0.000001,0.0092337,8.55E-05
K00085.03,KOI-85,Kepler-65 d,2102119176929154304       ,8.131227,0.000005,0.0101687,0.0001028
K00085.01,KOI-85,Kepler-65 c,2102119176929154304       ,5.859939,0.000001,0.0168953,0.0001023
K00285.03,KOI-285,Kepler-92 d,2102224661326132864       ,49.356885,0.000019,0.0109187,0.0003911
K00285.02,KOI-285,Kepler-92 c,2102224661326132864       ,26.7232,0.000019,0.0130817,0.0002597
K00285.01,KOI-285,Kepler-92 b,2102224661326132864       ,13.748833,0.000015,0.0197765,0.0002645
K02086.01,KOI-2086,Kepler-60 b,2102316985943863424       ,7.132954,0.000009,0.0128329,0.0004031
K02086.03,KOI-2086,Kepler-60 d,2102316985943863424       ,11.898452,0.000022,0.0152232,0.0014968
K00111.01,KOI-111,Kepler-104 A b,2102454253097554304       ,11.427551,0.000005,0.0208727,0.0002431
K00111.02,KOI-111,Kepler-104 A c,2102454253097554304       ,23.66835,0.000013,0.0199257,0.0002581
K00111.03,KOI-111,Kepler-104 A d,2102454253097554304       ,51.755294,0.000018,0.0231631,0.000309
K00864.01,KOI-864,Kepler-244 b,2102469921138142208       ,4.311781,0.000004,0.0307689,0.0006088
K00864.02,KOI-864,Kepler-244 d,2102469921138142208       ,20.050393,0.000018,0.025065,0.0007008
K00864.03,KOI-864,Kepler-244 c,2102469921138142208       ,9.767345,0.000014,0.0273272,0.0016539
K00070.01,KOI-70,Kepler-20 A c,2102548708017562112       ,10.854089,0.000003,0.0290471,0.0001932
K00070.02,KOI-70,Kepler-20 A b,2102548708017562112       ,3.696115,0.000001,0.0182169,0.0002168
K00070.03,KOI-70,Kepler-20 A d,2102548708017562112       ,77.611598,0.000019,0.0262888,0.0003397
K00070.05,KOI-70,Kepler-20 A f,2102548708017562112       ,19.577627,0.00002,0.0091348,0.000356
K00456.02,KOI-456,Kepler-160 b,2102587087846067712       ,4.309241,0.000007,0.0144952,0.0006178
K00679.01,KOI-679,Kepler-212 c,2102610280669509888       ,31.80474,0.00002,0.0165463,0.000601
K00679.02,KOI-679,Kepler-212 b,2102610280669509888       ,16.258358,0.00002,0.0054681,0.001167
K00872.02,KOI-872,Kepler-46 d,2102700131386216576       ,6.766514,0.000013,0.0176764,0.0009192
K01952.01,KOI-1952,Kepler-341 c,2102815683186036096       ,8.010394,0.000016,0.0156541,0.0007419
K01952.02,KOI-1952,Kepler-341 d,2102815683186036096       ,27.666593,0.000019,0.0164219,0.0009224
K01952.03,KOI-1952,Kepler-341 b,2102815683186036096       ,5.19557,0.000018,0.0089477,0.0007225
K01952.04,KOI-1952,Kepler-341 e,2102815683186036096       ,42.473056,0.00002,0.0155778,0.0010166
K00884.03,KOI-884,Kepler-247 b,2102911581215700096       ,3.336125,0.000004,0.0196232,0.000699
K00446.01,KOI-446,Kepler-158 b,2103295173333142784       ,16.709196,0.000016,0.0297081,0.000843
K00446.02,KOI-446,Kepler-158 c,2103295173333142784       ,28.551561,0.000018,0.0253938,0.0009264
K00257.01,KOI-257,Kepler-506 b,2103452266056715392       ,6.883407,0.000002,0.023303,0.0002494
K00505.01,KOI-505,Kepler-169 e,2103788854053938816       ,13.767073,0.000015,0.0253636,0.0010315
K00505.02,KOI-505,Kepler-169 c,2103788854053938816       ,6.195433,0.000013,0.0158351,0.0009981
K00505.03,KOI-505,Kepler-169 b,2103788854053938816       ,3.250592,0.000008,0.0140501,0.0009249
K00505.04,KOI-505,Kepler-169 d,2103788854053938816       ,8.348195,0.00001,0.0167357,0.0009389
K00505.05,KOI-505,Kepler-169 f,2103788854053938816       ,87.090599,0.000021,0.0310157,0.0013062
K00612.01,KOI-612,Kepler-196 b,2104094071610116608       ,20.739916,0.000018,0.025077,0.0005936
K00612.02,KOI-612,Kepler-196 c,2104094071610116608       ,47.42766,0.00002,0.0273178,0.0006394
K00508.01,KOI-508,Kepler-170 b,2104098950692667264       ,7.930589,0.000006,0.0267232,0.0003651
K00508.02,KOI-508,Kepler-170 c,2104098950692667264       ,16.665911,0.000013,0.026278,0.0004352
K01930.04,KOI-1930,Kepler-338 e,2104344141784539264       ,9.341436,0.000015,0.0081421,0.0003276
K01930.02,KOI-1930,Kepler-338 c,2104344141784539264       ,24.311147,0.00002,0.011522,0.0003317
K01930.01,KOI-1930,Kepler-338 b,2104344141784539264       ,13.727074,0.000023,0.012609,0.0003133
K01930.03,KOI-1930,Kepler-338 d,2104344141784539264       ,44.430136,0.00002,0.0138357,0.0003447
K00657.01,KOI-657,Kepler-202 b,2104376405579347968       ,4.069424,0.000003,0.0218653,0.0004323
K00657.02,KOI-657,Kepler-202 c,2104376405579347968       ,16.282491,0.000016,0.0273519,0.0006059
K02148.01,KOI-2148,Kepler-363 d,2104466153215402624       ,11.932081,0.000018,0.0121237,0.0005654
K02148.02,KOI-2148,Kepler-363 c,2104466153215402624       ,7.542335,0.000019,0.0104807,0.0006996
K02148.03,KOI-2148,Kepler-363 b,2104466153215402624       ,3.614611,0.000016,0.0073164,0.0008917
K00284.01,KOI-284,Kepler-132 A d,2104466256290759936       ,18.010173,0.000016,0.0178773,0.0006161
K00284.02,KOI-284,Kepler-132 A c,2104466256290759936       ,6.414909,0.000008,0.0128556,0.0003969
K00284.03,KOI-284,Kepler-132 A b,2104466256290759936       ,6.178258,0.000008,0.0116696,0.000406
K00510.01,KOI-510,Kepler-172 b,2104506319750394624       ,2.940301,0.000008,0.0216443,0.0007118
K00510.02,KOI-510,Kepler-172 c,2104506319750394624       ,6.389019,0.000013,0.0235431,0.0007684
K00510.03,KOI-510,Kepler-172 d,2104506319750394624       ,14.626986,0.00002,0.020554,0.0012888
K00510.04,KOI-510,Kepler-172 e,2104506319750394624       ,35.118523,0.00002,0.0247668,0.0021263
K00313.01,KOI-313,Kepler-137 c,2104847370214740352       ,18.735746,0.000016,0.0243271,0.0003979
K00313.02,KOI-313,Kepler-137 b,2104847370214740352       ,8.436393,0.00001,0.0172864,0.0002633
K00092.01,KOI-92,KOI-92.01,2105135854577044480       ,65.704594,0.000018,0.026343,0.0005619
K00316.01,KOI-316,Kepler-139 b,2105362903731391744       ,15.771129,0.000014,0.0211049,0.000248
K00316.03,KOI-316,KOI-316.03,2105362903731391744       ,7.305705,0.000008,0.0176958,0.000488
K00416.01,KOI-416,Kepler-152 b,2105435544515167232       ,18.207957,0.000015,0.0382589,0.0005863
K00416.02,KOI-416,Kepler-152 c,2105435544515167232       ,88.255355,0.000019,0.0355083,0.0011641
K02051.01,KOI-2051,Kepler-355 c,2105535462635217792       ,25.762459,0.00002,0.0230446,0.0009506
K02051.02,KOI-2051,Kepler-355 b,2105535462635217792       ,11.031732,0.000021,0.0124512,0.0012562
K00568.01,KOI-568,Kepler-605 b,2105618029085927680       ,3.38354,0.000005,0.0165614,0.0005992
K00269.01,KOI-269,KOI-269.01,2105620159389754624       ,18.011664,0.000015,0.0097364,0.0003862
K00518.01,KOI-518,Kepler-174 b,2106008493152187392       ,13.981783,0.000012,0.0287249,0.0005544
K00518.02,KOI-518,Kepler-174 c,2106008493152187392       ,44.000432,0.000019,0.022377,0.0005025
K02414.01,KOI-2414,Kepler-384 b,2106306495162679552       ,22.596597,0.00002,0.011575,0.0005797
K02414.02,KOI-2414,Kepler-384 c,2106306495162679552       ,45.348527,0.00002,0.0157402,0.0012032
K00245.01,KOI-245,Kepler-37 d,2106674071344722688       ,39.792232,0.000009,0.0230382,0.0003205
K00122.01,KOI-122,Kepler-95 b,2106705269988803072       ,11.523073,0.000005,0.0204782,0.0002128
K00323.01,KOI-323,Kepler-523 b,2106821925598401152       ,5.835989,0.000004,0.0230575,0.0005478
K00701.01,KOI-701,Kepler-62 d,2107001283431633408       ,18.164063,0.000013,0.0300887,0.0004294
K00701.02,KOI-701,Kepler-62 b,2107001283431633408       ,5.714885,0.000004,0.0192012,0.0003343
K00110.01,KOI-110,Kepler-465 b,2107236613280607104       ,9.940663,0.000014,0.021585,0.0006186
K00180.01,KOI-180,Kepler-484 b,2107243072911617024       ,10.045571,0.000015,0.0242785,0.0007172
K02037.01,KOI-2037,KOI-2037.01,2107244481660894592       ,73.757928,0.000019,0.057898,0.0053496
K02037.02,KOI-2037,KOI-2037.02,2107244481660894592       ,5.477164,0.000009,0.0262567,0.0015
K02037.03,KOI-2037,KOI-2037.03,2107244481660894592       ,8.562684,0.000014,0.0273151,0.0018754
K00271.03,KOI-271,Kepler-127 b,2107266570672734592       ,14.435942,0.000016,0.0102418,0.0002854
K00271.01,KOI-271,Kepler-127 d,2107266570672734592       ,48.630393,0.000019,0.0183983,0.0002366
K02706.01,KOI-2706,KOI-2706.01,2107315365800640896       ,3.097587,0.000003,0.0088241,0.0003409
K02545.01,KOI-2545,Kepler-1274 b,2107342716152550272       ,6.981525,0.000017,0.0057666,0.0003525
K03097.01,KOI-3097,Kepler-431 d,2116862833283266432       ,11.921625,0.000021,0.0053683,0.0007059
K01537.01,KOI-1537,KOI-1537.01,2119196585370036736       ,10.191548,0.000018,0.009894,0.0005542
K00082.01,KOI-82,Kepler-102 e,2119583201145735808       ,16.145672,0.000005,0.0281257,0.0004015
K00082.02,KOI-82,Kepler-102 d,2119583201145735808       ,10.311741,0.000005,0.0151911,0.0003436
K00104.01,KOI-104,Kepler-94 b,2119602202081351168       ,2.508057,0,0.0389681,0.0001878
K00475.01,KOI-475,Kepler-165 b,2119814820141727232       ,8.180865,0.000016,0.0253939,0.0008352
K00475.02,KOI-475,Kepler-165 c,2119814820141727232       ,15.312983,0.000019,0.029684,0.0009194
K02678.01,KOI-2678,Kepler-1313 b,2125713940547834496       ,3.83309,0.000003,0.0222444,0.0008099
K02339.01,KOI-2339,Kepler-1197 b,2125790322246812672       ,2.032326,0.000007,0.014935,0.0019615
K00567.01,KOI-567,Kepler-184 b,2125831210335846016       ,10.687576,0.000008,0.0262755,0.0004046
K00567.02,KOI-567,Kepler-184 c,2125831210335846016       ,20.303028,0.000016,0.0216603,0.0003722
K00567.03,KOI-567,Kepler-184 d,2125831210335846016       ,29.022346,0.000017,0.0246645,0.0004831
K00880.03,KOI-880,Kepler-82 e,2125850623586710400       ,5.902252,0.000006,0.0235099,0.0005947
K00880.04,KOI-880,Kepler-82 d,2125850623586710400       ,2.382954,0.000003,0.0145251,0.0004267
K00370.02,KOI-370,Kepler-145 b,2126237131982289280       ,22.950686,0.000018,0.0120378,0.0005272
K00896.01,KOI-896,Kepler-248 c,2126266823097360000       ,16.239471,0.000013,0.0459894,0.0007084
K00896.02,KOI-896,Kepler-248 b,2126266823097360000       ,6.308197,0.000007,0.0327486,0.0004931
K00896.03,KOI-896,KOI-896.03,2126266823097360000       ,28.867136,0.000019,0.0164424,0.002306
K01270.01,KOI-1270,Kepler-57 b,2126418658780855296       ,5.729326,0.000005,0.035598,0.0024357
K01279.01,KOI-1279,Kepler-804 b,2126432677554353280       ,14.374592,0.000017,0.0172818,0.000687
K01279.02,KOI-1279,Kepler-804 c,2126432677554353280       ,9.651851,0.000019,0.0083673,0.0010027
K00172.01,KOI-172,Kepler-69 b,2126436800722944000       ,13.722374,0.000019,0.0223964,0.0004814
K00464.02,KOI-464,Kepler-561 c,2126454633427425664       ,5.350165,0.000004,0.0266052,0.0003454
K01282.01,KOI-1282,Kepler-805 b,2126508676995012352       ,30.863889,0.000019,0.0150928,0.0004408
K00139.02,KOI-139,Kepler-111 b,2126569051355142656       ,3.341802,0.000005,0.0112406,0.0002833
K00921.01,KOI-921,Kepler-253 c,2126576679217244160       ,10.281933,0.000015,0.0293121,0.0008381
K00921.02,KOI-921,Kepler-253 d,2126576679217244160       ,18.119898,0.000018,0.0345614,0.0010641
K00921.03,KOI-921,Kepler-253 b,2126576679217244160       ,3.784031,0.000008,0.0200979,0.0008487
K00321.01,KOI-321,Kepler-406 b,2126601108991279872       ,2.426305,0.000001,0.0125281,0.0001612
K00049.01,KOI-49,Kepler-461 b,2126801563705846528       ,8.313784,0.000015,0.0286729,0.0009586
K01858.02,KOI-1858,KOI-1858.02,2126878048483137152       ,86.049055,0.00002,0.0109801,0.0071386
K00260.01,KOI-260,Kepler-126 b,2126918008858627712       ,10.495672,0.000008,0.0100865,0.0001164
K00260.03,KOI-260,Kepler-126 c,2126918008858627712       ,21.869693,0.000015,0.0106422,0.0001516
K00692.01,KOI-692,Kepler-213 b,2127001056345369984       ,2.46234,0.000003,0.0132238,0.0004022
K00692.02,KOI-692,Kepler-213 c,2127001056345369984       ,4.822981,0.000005,0.0220433,0.0029966
K00707.02,KOI-707,Kepler-33 f,2127355923723254272       ,41.028059,0.000019,0.0207447,0.0004245
K00707.03,KOI-707,Kepler-33 e,2127355923723254272       ,31.784774,0.00002,0.0187988,0.0004522
K00707.04,KOI-707,Kepler-33 c,2127355923723254272       ,13.175562,0.000015,0.0145995,0.0003567
K00707.05,KOI-707,Kepler-33 b,2127355923723254272       ,5.66814,0.000014,0.0080193,0.0003191
K02595.01,KOI-2595,Kepler-393 b,2127390970655877888       ,9.182486,0.000016,0.0089413,0.0004998
K02595.02,KOI-2595,Kepler-393 c,2127390970655877888       ,14.61342,0.00002,0.0081037,0.0006175
K02038.03,KOI-2038,Kepler-85 d,2127398083121764736       ,17.913373,0.00002,0.0129526,0.0011155
K02038.04,KOI-2038,Kepler-85 e,2127398083121764736       ,25.215282,0.000021,0.0176514,0.001484
K00718.01,KOI-718,Kepler-219 b,2127771917075703424       ,4.58548,0.000007,0.0185884,0.0003823
K00718.02,KOI-718,Kepler-219 c,2127771917075703424       ,22.714443,0.000017,0.0212859,0.0004597
K00718.03,KOI-718,Kepler-219 d,2127771917075703424       ,47.903519,0.000019,0.0189387,0.0007378
K01598.01,KOI-1598,Kepler-310 c,2127798442794047104       ,56.476167,0.000019,0.0300511,0.0006912
K01598.02,KOI-1598,Kepler-310 d,2127798442794047104       ,92.875035,0.00002,0.0232015,0.0007445
K01598.03,KOI-1598,Kepler-310 b,2127798442794047104       ,13.930726,0.000018,0.0132558,0.0010116
K01929.01,KOI-1929,Kepler-337 c,2127851116271982848       ,9.693154,0.000011,0.0113433,0.0002694
K01929.02,KOI-1929,Kepler-337 b,2127851116271982848       ,3.292765,0.000005,0.0085607,0.0002336
K00935.04,KOI-935,KOI-935.04,2128013019361703936       ,9.6173,0.000019,0.0103124,0.0007979
K00708.01,KOI-708,Kepler-216 c,2128067720065692672       ,17.406653,0.000017,0.0230414,0.0005558
K00708.02,KOI-708,Kepler-216 b,2128067720065692672       ,7.693644,0.000021,0.0159157,0.0006184
K01835.01,KOI-1835,Kepler-326 c,2128098197152438144       ,4.580345,0.000004,0.025928,0.0007142
K01835.02,KOI-1835,Kepler-326 b,2128098197152438144       ,2.24829,0.000002,0.0229256,0.0005086
K01835.03,KOI-1835,Kepler-326 d,2128098197152438144       ,6.766902,0.000007,0.0242354,0.0010967
K01955.01,KOI-1955,Kepler-342 b,2128298617506651904       ,15.170267,0.000017,0.0156119,0.0006106
K00749.01,KOI-749,Kepler-226 c,2128504397979254528       ,5.34956,0.000006,0.0261098,0.0006974
K00749.02,KOI-749,Kepler-226 b,2128504397979254528       ,3.94105,0.000006,0.0160737,0.0005676
K00749.03,KOI-749,Kepler-226 d,2128504397979254528       ,8.109042,0.000016,0.0125061,0.0009402
K00343.01,KOI-343,Kepler-142 c,2128724678262662144       ,4.761706,0.000003,0.0207526,0.0003136
K00343.02,KOI-343,Kepler-142 b,2128724678262662144       ,2.024144,0.000001,0.0144379,0.0002467
K00343.03,KOI-343,Kepler-142 d,2128724678262662144       ,41.808766,0.00002,0.0118449,0.0004786
K01931.01,KOI-1931,Kepler-339 b,2128911251641171200       ,4.977614,0.000007,0.0148656,0.0007035
K01931.02,KOI-1931,Kepler-339 d,2128911251641171200       ,10.558388,0.000017,0.0129565,0.0007471
K01931.03,KOI-1931,Kepler-339 c,2128911251641171200       ,6.988047,0.000014,0.011859,0.0006971
K00124.01,KOI-124,Kepler-110 b,2128925579652377472       ,12.691049,0.000015,0.015836,0.0002493
K00124.02,KOI-124,Kepler-110 c,2128925579652377472       ,31.719825,0.000018,0.0190588,0.0003164
K00481.01,KOI-481,Kepler-166 b,2129025841368107136       ,7.650236,0.000007,0.0297301,0.0004976
K00481.02,KOI-481,Kepler-166 d,2129025841368107136       ,1.554003,0.000002,0.0188228,0.0003173
K00481.03,KOI-481,Kepler-166 c,2129025841368107136       ,34.25952,0.000018,0.0301925,0.0006176
K00719.01,KOI-719,Kepler-220 c,2129084935820532608       ,9.034182,0.000008,0.0269052,0.0008845
K00719.02,KOI-719,Kepler-220 d,2129084935820532608       ,28.122464,0.00002,0.0114591,0.0009077
K00719.03,KOI-719,Kepler-220 e,2129084935820532608       ,45.902757,0.00002,0.0181889,0.0009212
K00733.01,KOI-733,Kepler-224 c,2129161734133025408       ,5.924998,0.000008,0.035932,0.0010523
K00733.02,KOI-733,Kepler-224 d,2129161734133025408       ,11.349343,0.000012,0.033055,0.0012493
K00733.03,KOI-733,Kepler-224 b,2129161734133025408       ,3.132955,0.000008,0.0187202,0.0010902
K00733.04,KOI-733,Kepler-224 e,2129161734133025408       ,18.64352,0.000018,0.0332128,0.0029611
K00276.01,KOI-276,Kepler-509 b,2129495057954829952       ,41.746,0.000017,0.0201059,0.0004306
K01306.01,KOI-1306,Kepler-286 b,2129503716608032256       ,1.796327,0.000003,0.0138188,0.0005579
K01306.02,KOI-1306,Kepler-286 c,2129503716608032256       ,3.468077,0.00001,0.0132488,0.0007293
K01306.03,KOI-1306,Kepler-286 d,2129503716608032256       ,5.914293,0.000014,0.0134094,0.0008101
K01306.04,KOI-1306,Kepler-286 e,2129503716608032256       ,29.221513,0.000019,0.0184054,0.0011181
K00246.01,KOI-246,Kepler-68 A b,2129550445852902656       ,5.398752,0.000001,0.0174596,0.0001505
K00173.01,KOI-173,Kepler-481 b,2129753580626548736       ,10.060826,0.000016,0.0201036,0.0006242
K00584.01,KOI-584,Kepler-192 b,2130243550494676480       ,9.926735,0.000012,0.0249212,0.0004144
K00584.02,KOI-584,Kepler-192 c,2130243550494676480       ,21.223467,0.000018,0.0217668,0.0004801
K00584.03,KOI-584,Kepler-192 d,2130243550494676480       ,6.47028,0.000015,0.009832,0.0005713
K00934.01,KOI-934,Kepler-254 b,2130250731680096384       ,5.826654,0.000006,0.0368332,0.0010528
K00934.02,KOI-934,Kepler-254 c,2130250731680096384       ,12.412179,0.000019,0.0236751,0.0012922
K00934.03,KOI-934,Kepler-254 d,2130250731680096384       ,18.74654,0.000019,0.0257398,0.001286
K03165.01,KOI-3165,KOI-3165.01,2130320172711659136       ,4.117558,0.000012,0.0059901,0.0003735
K00115.01,KOI-115,Kepler-105 b,2130368310704421120       ,5.412206,0.000002,0.0234805,0.0002592
K00115.02,KOI-115,Kepler-105 c,2130368310704421120       ,7.125936,0.000006,0.0132583,0.0002203
K00954.01,KOI-954,Kepler-259 b,2130405041264941184       ,8.115286,0.000016,0.0275043,0.0011692
K00954.02,KOI-954,Kepler-259 c,2130405041264941184       ,36.924954,0.000019,0.0291059,0.0016714
K00723.01,KOI-723,Kepler-222 b,2130460394803778816       ,3.936992,0.000005,0.0356346,0.000677
K00723.02,KOI-723,Kepler-222 d,2130460394803778816       ,28.081956,0.000025,0.0412394,0.0007446
K01529.02,KOI-1529,Kepler-59 b,2130625287187139072       ,11.869151,0.000019,0.0099335,0.0014283
K00528.01,KOI-528,Kepler-178 b,2130634667395736704       ,9.576682,0.000012,0.0252097,0.0005212
K00528.03,KOI-528,Kepler-178 c,2130634667395736704       ,20.552816,0.000017,0.0278854,0.0012817
K01909.01,KOI-1909,Kepler-334 c,2130661880308812800       ,12.758027,0.00001,0.0129659,0.0002814
K01909.02,KOI-1909,Kepler-334 b,2130661880308812800       ,5.470338,0.000007,0.009776,0.0002957
K01909.03,KOI-1909,Kepler-334 d,2130661880308812800       ,25.098518,0.000019,0.0139955,0.000594
K00757.03,KOI-757,Kepler-229 b,2131114947819394816       ,6.252953,0.000012,0.0278801,0.0012192
K02533.01,KOI-2533,Kepler-1270 b,2131169545443676032       ,6.033555,0.000021,0.0074213,0.0005989
K02533.03,KOI-2533,KOI-2533.03,2131169545443676032       ,26.11529,0.000019,0.0122194,0.001088
K00292.01,KOI-292,Kepler-97 b,2131216137248338304       ,2.586638,0.000002,0.0139112,0.0003413
K00275.01,KOI-275,Kepler-129 b,2131494313689868416       ,15.79193,0.000019,0.0132485,0.0002817
K00275.02,KOI-275,Kepler-129 c,2131494313689868416       ,82.200009,0.00002,0.0148086,0.0005372
K00046.02,KOI-46,Kepler-101 c,2131709921047710336       ,6.029792,0.00002,0.0073128,0.0007421
K01445.01,KOI-1445,Kepler-853 b,2131859244171951616       ,7.16894,0.00001,0.0102591,0.0003373
K02639.01,KOI-2639,KOI-2639.01,2132004074768150400       ,25.10806,0.00002,0.0191165,0.0082877
K00072.02,KOI-72,Kepler-10 c,2132155017099178624       ,45.294321,0.000018,0.0209265,0.000221
K02632.01,KOI-2632,Kepler-1298 b,2132178725317511936       ,7.128124,0.000016,0.0066062,0.0005045
K00351.03,KOI-351,Kepler-90 d,2132193431285570304       ,59.737034,0.00002,0.0216712,0.000643
K00351.04,KOI-351,Kepler-90 e,2132193431285570304       ,91.940461,0.00002,0.0198068,0.0006755
K00351.05,KOI-351,Kepler-90 c,2132193431285570304       ,8.719817,0.000016,0.0108678,0.000485
K00351.06,KOI-351,Kepler-90 b,2132193431285570304       ,7.008284,0.000016,0.0098898,0.000583
K00295.01,KOI-295,Kepler-134 b,2132215421518219392       ,5.317436,0.000005,0.016126,0.0003006
K00295.02,KOI-295,Kepler-134 c,2132215421518219392       ,10.105764,0.000017,0.0107774,0.0007959
K00296.01,KOI-296,Kepler-513 b,2132325200882204544       ,28.862357,0.000023,0.0192779,0.0007239
K01883.01,KOI-1883,Kepler-997 b,2132709613336959744       ,2.707311,0.000004,0.0073531,0.0002562
K01781.02,KOI-1781,Kepler-411 A b,2132768956905956352       ,3.005159,0.000002,0.0252326,0.0003785
K01832.01,KOI-1832,Kepler-325 b,2133021810218800384       ,4.544438,0.000005,0.0308119,0.0008215
K01832.02,KOI-1832,Kepler-325 c,2133021810218800384       ,12.762276,0.000017,0.0290377,0.0020911
K01832.03,KOI-1832,Kepler-325 d,2133021810218800384       ,38.714683,0.00002,0.0283083,0.001744
K00435.03,KOI-435,Kepler-154 b,2133022669212268800       ,33.040569,0.00002,0.0238126,0.0014626
K00435.04,KOI-435,Kepler-154 e,2133022669212268800       ,3.932756,0.000005,0.0153082,0.0005868
K00435.05,KOI-435,Kepler-154 c,2133022669212268800       ,62.302788,0.00002,0.0265827,0.001037
K00435.06,KOI-435,Kepler-154 f,2133022669212268800       ,9.919346,0.000019,0.0123356,0.0007774
K02218.01,KOI-2218,Kepler-373 b,2133124511477266176       ,5.535327,0.000008,0.016469,0.000665
K02218.02,KOI-2218,Kepler-373 c,2133124511477266176       ,16.726072,0.000019,0.0174314,0.0038858
K00153.01,KOI-153,Kepler-113 c,2133369840008452224       ,8.925083,0.000004,0.0300394,0.0004554
K00153.02,KOI-153,Kepler-113 b,2133369840008452224       ,4.754004,0.000002,0.0252955,0.0003641
K00297.01,KOI-297,Kepler-514 A b,2133611659549905024       ,5.651799,0.000009,0.0116044,0.0005029
K00112.01,KOI-112,Kepler-466 b,2134719834131370496       ,51.079265,0.000022,0.0282307,0.0005691
K00112.02,KOI-112,Kepler-466 c,2134719834131370496       ,3.709213,0.000012,0.0116375,0.0002963
K00107.01,KOI-107,Kepler-464 b,2134798444914611712       ,7.256964,0.000011,0.019813,0.0004059
K02110.01,KOI-2110,Kepler-1104 b,2135002576119495936       ,5.037286,0.000009,0.0091744,0.0006544
K00168.02,KOI-168,Kepler-23 d,2135019107451751168       ,15.274369,0.000014,0.0135473,0.0002112
K00167.01,KOI-167,Kepler-480 b,2135044568018500096       ,4.919583,0.000009,0.0186857,0.0002487
K00623.03,KOI-623,Kepler-197 A b,2135179533070399232       ,5.599323,0.000006,0.008615,0.0001702
K00623.01,KOI-623,Kepler-197 A c,2135179533070399232       ,10.349724,0.000011,0.0100904,0.0001724
K00623.02,KOI-623,Kepler-197 A d,2135179533070399232       ,15.677577,0.000017,0.0098754,0.0002011
K02433.01,KOI-2433,Kepler-385 c,2135203000771400320       ,15.162253,0.000017,0.0234801,0.0010218
K02433.02,KOI-2433,Kepler-385 b,2135203000771400320       ,10.043771,0.000018,0.0189066,0.000989
K02433.03,KOI-2433,Kepler-385 d,2135203000771400320       ,56.414742,0.000019,0.0160477,0.0036914
K02433.04,KOI-2433,KOI-2433.04,2135203000771400320       ,27.90388,0.00002,0.0165098,0.0020718
K02433.06,KOI-2433,KOI-2433.06,2135203000771400320       ,6.063299,0.000018,0.0135877,0.0017208
K02433.07,KOI-2433,KOI-2433.07,2135203000771400320       ,86.432217,0.00002,0.0118241,0.0046381
K00265.01,KOI-265,Kepler-507 b,2135314184585149696       ,3.568096,0.000008,0.0094359,0.0004369
K02597.01,KOI-2597,Kepler-394 b,2135378231142791808       ,8.005064,0.000015,0.0140529,0.0007341
K02597.02,KOI-2597,Kepler-394 c,2135378231142791808       ,12.130657,0.000017,0.0152942,0.0008927
K02597.03,KOI-2597,KOI-2597.03,2135378231142791808       ,5.613583,0.000014,0.0114361,0.0008671
K02290.01,KOI-2290,KOI-2290.01,2135427576021495168       ,91.500923,0.00002,0.0233174,0.0019904
K00279.02,KOI-279,Kepler-450 c,2135590578620605568       ,15.413104,0.000013,0.0151226,0.0001974
K02007.01,KOI-2007,Kepler-1050 b,2143749504651818368       ,15.378754,0.000019,0.0113445,0.0006635
K02007.02,KOI-2007,Kepler-1050 c,2143749504651818368       ,21.12846,0.00002,0.0114218,0.0013891
K00379.02,KOI-379,KOI-379.02,#VALUE!,23.137662,0.00002,0.007157,0.0052003
