Gaia DR3 ID,Radius (BASTA),Rad pe (BASTA),Rad me (BASTA
1044013542142711296,,,
1053809778428567680,,,
1074139748425931008,1.0683853426560155,0.2590618647292109,0.1501598658822041
1076970406751899008,1.1453998057534924,0.052261936,0.005069057
1111639314047794944,1.2447603590469125,0.1790554001321807,0.13872527131247958
111322601672419712,0.7289457981791726,0.058290856,0.043297067
1117620107545810944,1.087426843257015,0.1683651408754463,0.039052613
1126422935076082176,,,
1255520718461480960,1.169495602494867,0.067197082,0.2832699317621077
1316708918505350528,1.0718729337405177,0.26091920984374006,0.096447318
1331356474971716992,1.1122824782748724,0.24881203853873735,0.13739728745032398
1344163891352965632,1.1370501104228852,0.13458494309195568,0.207857102
1416731285125373184,1.190260765224843,0.1953898960184497,0.1522695106310783
1424011082893734272,0.9559240874296198,0.47702041284931296,0.072445167
145333927996558976,,,
1464700950221781504,1.0430311069031557,0.3155085994558924,0.1333855573192544
1476485996883837184,0.6602930278300178,0.026555656872386812,0
148080473682357376,,,
1491634483976350720,0.7581712056511212,0.06320185,0.025386405763844544
1499514786891168640,0.6653819917240348,0.001577279,0.003133738
1587399232335653760,1.1138661548105846,0.19434820160228194,0.11389351438085549
1675923009431370880,0.935911893,0.14641622655670383,0.092559622
1716345832872291968,,,
1725490333641502976,1.2007529056459452,0.25699280827826554,0.1791954605842061
1737061349198867456,1.0772626487402015,0.249694343,0.14221559429479824
1744911763437512064,,,
1750321012752775040,1.0323045333770424,0.4021025513725218,0.12175793218769593
1779546757669063552,0.9880800308551447,0.3404146813552109,0.11990091918425094
179498266829041664,0.8873253424834797,0.23841708302180642,0.086332853
1808938730710633984,0.9395520630963267,0.40620551323636833,0.093590392
181908842994567936,1.1524426945484452,0.020161441996353835,0.019367578
1835842749465226368,1.114811215111832,0.060552331,0.036250442985558795
1849786481032616960,0.9487024331855277,0.14708254570759782,0.17205607110198595
1909762228985058944,0.6883073948825894,0.06366064,0.013464889548358894
1925321658551399040,1.1312708003358696,0.089576145,0.083028975
1962153854973972096,,,
2009481748875806976,,,
2033123654092592384,,,
2048464796210957440,0.7408965039942028,0.1968494665053282,0.060769904
2051027792165858304,0.6558325457075979,0.003210808,0.003224427
2051104586182508928,,,
2051105410816218368,,,
2051368434612892800,0.8819008825204023,0.2277336326828735,0.091233327
2051738798233021824,,,
2051866238502437632,1.225820304439345,0.16801538903937852,0.23115261003467957
2051933102555095936,,,
2051950454223150720,,,
2052136821446989568,0.9388835745958349,0.254397825,0.1326196631785399
2052139123549626240,0.6858286952845978,0.060231982,0.031514173
2052168466766597120,,,
2052185062520374272,,,
2052304325169514880,,,
2052392835854583936,,,
2052528625536778624,,,
2052688467040906624,,,
2052747119115620352,,,
2052823535171095296,,,
2052826318309391104,0.8738714230461763,0.025956032137660623,0.006241943
2052975370856687744,0.9800163136872617,0.24815218933498961,0.1300433077692852
2053070616052194304,,,
2053546910744629504,,,
2053552270863859712,,,
2053562475706063744,0.6579522590681919,0.026016049132432717,0.025235917631429072
2053586321364864640,,,
2054523105274216704,,,
2056007995732413312,0.9449543230271974,0.4779003017937967,0.12986411112453056
2073153024144692736,1.136482661881675,0.093854652,0.039621234407080985
2073274618947678464,0.8654960778308805,0.2618635134319087,0.071169017
2073277200237694464,,,
2073539536845074176,,,
2073547954981763328,,,
2073652546016392448,0.7382670210838697,0.041166019,0.039625385761199006
2073697660354300544,0.7426248277518016,0.027090006153775326,0.035708178
2073731161099713408,,,
2073804411752924288,,,
2075112109039378688,,,
2075161655782111872,,,
2076121602454770560,1.0120131319841037,0.27448455503028013,0.1362374975154801
2076185408488670208,0.9153112080666218,0.3147677639940877,0.086840103
2076328963475704576,,,
2076454445237794432,0.7125738828309667,0.030787050616240208,0.032662028617930994
2076565805151925760,,,
2076601917234347520,,,
2076692386427776768,,,
2076764576237957504,,,
2076782889978499840,,,
2076792648144511104,,,
2076871091425583232,,,
2076955822541823744,,,
2076960598545789824,,,
2076970047474270208,,,
2077140987172577408,,,
2077540827141811200,,,
2077556465126659456,,,
2077598384004774912,,,
2077726678964445696,,,
2077750803804146176,,,
2077961463362645632,,,
2077994272606400512,,,
2078000289864478976,0.7101570140099035,0.040601501,0.025527367
2078195212660287616,,,
2078272831307891456,,,
2078286197246582016,,,
2078515170549178880,,,
2078648211455026432,0.7819151594230405,0.073711346,0.060705788
2078697552035948800,,,
2078722600285671936,,,
2078832551450444032,,,
2078996825361036160,,,
2079005651508492032,,,
2079192121810035840,,,
2079295583282164992,,,
2079368391569401600,,,
2079695496278608896,,,
2079807646464016256,0.6463666183566544,0.002041748,0.004646135
2079880695265507328,0.9079173004480179,0.1325611711152137,0.045617236
2079885608708649344,,,
2080246282881778048,,,
2080266967444876032,,,
2080271674728481280,0.9909519370014436,0.1408668987184275,0.16236755292534377
2080287892525359872,,,
2080296757338392576,0.8510545039021837,0.27849977627863365,0.089247072
2080344586094498432,,,
2080386917291928832,,,
2080452613110460928,,,
2080466185207274880,0.7745589827866826,0.1610523440420527,0.060680764
2080562667352233728,,,
2080605823183999616,1.0416502386025752,0.28367435061854085,0.14964473341787565
2082074942519913344,,,
2082161219824397568,1.1341131725300069,0.053501801560873474,0.099171984
2085204015173031552,1.0352443904311668,0.3834543277719309,0.1244878749859325
2085527924426959104,0.76733177,0.051060087723507896,0.064412618
2086337508581280256,,,
2086389357427331712,,,
2086505630781210752,,,
2086625752425381632,,,
2086629463276947456,,,
2086660283961964416,,,
2086718317558873984,,,
2086940448965828992,,,
2087171453788422528,,,
2087250476887856256,,,
2099541715513813504,,,
2099583977992504576,0.8864965328939423,0.43836358762228467,0.066526487
2099605968225288960,,,
2099606483621385216,,,
2099656472742686848,,,
2099854801450635520,0.8341210743801653,0.095353403,0.066470352
2099862910348755712,,,
2099925719951103872,,,
2100389610777053056,,,
2100392428275714688,,,
2100416823690394624,,,
2100524610190045312,1.1547221451083236,0.2762755053324384,0.13518481685329276
2100597143598879616,,,
2100624562669914240,,,
2100906140725803392,,,
2101035367703145088,1.1356682181944708,0.11749195940233603,0.089033709
2101175933393051008,,,
2101188990094347648,,,
2101230049979183232,,,
2101243789577188736,,,
2101305259145506816,,,
2101508501301083520,,,
2101719263935952768,,,
2101733244046205568,,,
2101768089124657664,,,
2101854881822529024,,,
2101898759208960640,,,
2101964558106974848,,,
2102063136195478656,,,
2102067396802935680,,,
2102070660978313472,0.8601278264951662,0.3645981793883031,0.092283425
2102110174677569664,,,
2102119176929154304,1.1577345707022781,0.24835042673844154,0.14863927359570273
2102224661326132864,,,
2102316985943863424,,,
2102454253097554304,,,
2102469921138142208,,,
2102548708017562112,,,
2102587087846067712,,,
2102610280669509888,,,
2102700131386216576,,,
2102815683186036096,,,
2102911581215700096,,,
2103295173333142784,,,
2103452266056715392,,,
2103788854053938816,,,
2103845032226500352,0.7835641549054793,0.056914545,0.043773445093370666
2104094071610116608,,,
2104098950692667264,,,
2104344141784539264,,,
2104376405579347968,,,
2104466153215402624,,,
2104466256290759936,,,
2104506319750394624,,,
2104847370214740352,,,
2105135854577044480,,,
2105221139747765504,0.8152134091915549,0.084545367,0.031021849640838095
2105274977158196480,1.144245477694002,0.067338517,0.019933872
2105362903731391744,,,
2105414310196331264,,,
2105415302330571008,0.9820347203770482,0.27516777075173826,0.12293304903234192
2105435544515167232,,,
2105535462635217792,,,
2105538623730974848,0.7423074152993208,0.029142009581485828,0.043703464
2105618029085927680,,,
2105620159389754624,,,
2106008493152187392,,,
2106306495162679552,,,
2106371744306291328,0.8355956098995267,0.16513898840847263,0.073631879
2106496607595412480,0.7297710884705856,0.044979292977219476,0.040613266
2106674071344722688,,,
2106705269988803072,,,
2106821925598401152,,,
2106996095111385728,0.8037077195373741,0.17131089198586313,0.08171536
2107001283431633408,,,
2107236613280607104,,,
2107243072911617024,,,
2107244481660894592,0.7307652905502166,0.025701787039113855,0.027955105620639853
2107266570672734592,,,
2107279803471399168,0.9477317464356988,0.23647227767329781,0.12001339495735486
2107311723669410560,0.8084736253213478,0.023911594402939995,0.056720796022475595
2107315365800640896,,,
2107342716152550272,,,
2107622335702262400,0.9611701704365729,0.18976803933240172,0.13888463525940742
2107658516506930048,1.0721792425824002,0.34620141601534415,0.16144740743456576
2116862833283266432,,,
2119196585370036736,,,
2119534646538533888,1.0153316063941753,0.2047921361077083,0.14276875823139357
2119583201145735808,,,
2119602202081351168,,,
2119710538336363904,0.7236405749466577,0.030175251758426946,0.035275550389068155
2119814820141727232,,,
2125713940547834496,,,
2125751461382627840,0.9773441005710933,0.3581807734778032,0.13075785224612801
2125790322246812672,,,
2125831210335846016,,,
2125848733801094912,0.6344630166727054,0.007769964,0.005136084
2125850623586710400,,,
2126119862195142272,0.7780064509682132,0.2076928698160193,0.062273267
2126237131982289280,,,
2126266823097360000,,,
2126418658780855296,,,
2126432677554353280,,,
2126436800722944000,0.8685978983706873,0.24639177464529516,0.060034911
2126454633427425664,,,
2126508676995012352,,,
2126556132093765888,,,
2126569051355142656,,,
2126576679217244160,,,
2126601108991279872,,,
2126801563705846528,,,
2126878048483137152,,,
2126912305142208384,0.9581335994697401,0.2653526662525808,0.10111062347695499
2126918008858627712,,,
2127001056345369984,,,
2127355923723254272,,,
2127390970655877888,,,
2127398083121764736,,,
2127771917075703424,,,
2127798442794047104,,,
2127851116271982848,,,
2127956360152391168,0.8206154405125462,0.09154909,0.06275854
2127985806448631808,0.8077085229788874,0.17653876590923467,0.079045447
2128013019361703936,1.086269852395659,0.29772168534330934,0.1582916346037717
2128067720065692672,,,
2128098197152438144,,,
2128198974266072192,0.9212396152165037,0.27320737863547206,0.081067936
2128273225659492608,1.0652972562501077,0.3204043037607045,0.14655295035924665
2128298617506651904,,,
2128369501647063808,0.7529010221305865,0.060074578581411076,0.041908208
2128504397979254528,,,
2128724678262662144,,,
2128911251641171200,,,
2128925579652377472,,,
2129025841368107136,,,
2129084935820532608,,,
2129161734133025408,,,
2129495057954829952,,,
2129503235571760128,0.9854193644070233,0.27493407597510244,0.13577695569281722
2129503716608032256,,,
2129550445852902656,,,
2129753580626548736,,,
2130124219123552256,0.7700402797667316,0.027496902,0.04678066
2130243550494676480,,,
2130250731680096384,,,
2130320172711659136,,,
2130368310704421120,0.8863909773863133,0.3711051191359408,0.055087787
2130405041264941184,,,
2130460394803778816,,,
2130625287187139072,,,
2130634667395736704,,,
2130661880308812800,,,
2130825020347168512,1.0023553599671031,0.22785792629272428,0.12030077411043427
2130889204338693504,0.9710344464765323,0.25933628254455743,0.11545314331395184
2131059594280288128,1.1390368504028712,0.21772858346748092,0.12831570090634914
2131114947819394816,,,
2131169545443676032,,,
2131216137248338304,,,
2131494313689868416,,,
2131709921047710336,,,
2131748747552136960,0.8844055714671866,0.24361128537761179,0.083362092
2131859244171951616,,,
2132004074768150400,,,
2132144056342471168,0.6742818666356102,0.044929993041057825,0.023742842210297987
2132152916856093952,1.0404632277414494,0.2995376022993266,0.15646927583866754
2132155017099178624,,,
2132178725317511936,,,
2132193431285570304,,,
2132215421518219392,,,
2132325200882204544,,,
2132614922197436928,0.7706881822351432,0.18759523003329936,0.057499815
2132709613336959744,,,
2132768956905956352,,,
2133021810218800384,,,
2133022669212268800,,,
2133035966431029376,0.8325758181070527,0.18743774766070265,0.086369831
2133124511477266176,,,
2133369840008452224,,,
2133611659549905024,,,
2133946843094378752,0.9162308503999954,0.3068540131817319,0.079083884
2134719834131370496,,,
2134798444914611712,,,
2134850847813263360,0.9040729794624937,0.25858276914140454,0.077096951
2134931077802625792,0.7020839497173289,0.053001629,0.026471703
2135002576119495936,,,
2135019107451751168,,,
2135044568018500096,,,
2135055391335687680,,,
2135179533070399232,,,
2135203000771400320,,,
2135314184585149696,,,
2135378231142791808,,,
2135427576021495168,,,
2135590578620605568,,,
2136815881249993600,1.0918242575211212,0.23192438821695793,0.1103286960034967
2139300262131379584,0.8934405179379676,0.2565548963803168,0.075682001
2141754578242371584,1.1927054240928932,0.22705423920357504,0.16418504646963084
2143749504651818368,,,
2188906825165621120,,,
2221164434736927360,1.0410766462786913,0.19938355489800252,0.1854260429786574
2242756094328104576,,,
2254929887069708160,1.1645266249992812,0.23116076436216404,0.10273985475364777
2296342614570999552,0.999522483,0.29097923460262154,0.094599208
2300641567596591488,0.7062252401122633,0.079333928,0.033358686312738306
2303332931542914048,1.1209498697355027,0.18753556465202403,0.070490918
2318295979126499200,,,
2329387852426700800,,,
2333676738050041728,,,
2340919358581488768,1.1082277250585184,0.1587225323073207,0.10261449790431953
2371032916186181760,,,
2385171398768647552,0.8757943992017345,0.12109487496908733,0.097722269
2415410962124813056,0.9816266203983276,0.18603046751439234,0.12040970858710476
2424406513428936832,0.9128369698119936,0.28728771272221154,0.071424795
2424621502311961344,1.1243049747810234,0.30127254195469333,0.14574844818463628
2439222638771000448,,,
2441013811932929280,1.192949494470229,0.1585001250884246,0.1904967376363753
2498515516990171392,1.0178157139817228,0.3909005361548681,0.15354577517440493
2507901914613201024,1.0599671204357104,0.4087027769630256,0.042811279
2512413932376364288,0.9753673329422523,0.3694675664406448,0.09740713
2538824923230146560,0.7184193362261829,0.037724114,0.028063871156047138
2546413408888429696,,,
2562569564026683520,1.1434173572410382,0.14334379216342596,0.09687487
2609222216055014144,,,
2641087471777046016,0.913225728,0.27794991179109374,0.11347789637214811
2645727449501559680,0.6935750682954043,0.0099006,0.028781524583469942
2657135741633337088,0.875929296,0.24231424017067482,0.11102029926327239
2657374606238804992,0.7262163837080234,0.056553658,0.038617282
2666015878575546496,0.8770220505012164,0.12436440759847478,0.054546213
2677447294810845824,0.9437584558337215,0.16181474174272625,0.067519271
2790691147020786816,1.1365728246116507,0.21773616033172893,0.10513617413458931
2831084391023184128,0.7367611068456438,0.072667997,0.054212267
2841043011433969152,0.6947889456339826,0.10430029129787144,0.001290441
2868528637464028160,1.1470581462758156,0.16743189236325517,0.097055999
2878641361300809856,1.151892886494476,0.3256352384809662,0.21610957559079114
2881784280929695360,1.1268977478332385,0.058634478,0.026696658557486153
2912264564319611136,0.8409921545115225,0.048022802,0.070607245
2924661867160818304,1.1977303798087153,0.11208515387314022,0.044424341
2930141657016297216,1.014195662451043,0.4196359123115765,0.11824944702289564
2959177048983750016,1.1197973636536172,0.2861439265975374,0.10038869315665666
2966680597368750720,,,
2980392087185289216,1.0735360542222376,0.2693975613508399,0.069438767
3022644120017418496,0.9882972319513219,0.33628795211557594,0.077060864
3046327742219111808,1.1373732391288094,0.27019230346739365,0.13403275260672776
306410392895767680,,,
3078836109158636928,0.9755034055683041,0.1998293158382074,0.12175327889830168
3080104185367102592,,,
3087206553745290624,0.8373034899670456,0,0
3105507886130792448,1.1207689734697517,0.25411024459819287,0.1318937717466946
3107255598526406912,0.7006906349028336,0.056785909,0.027751166629283897
3107267177757848576,0.9261839830742421,0.2670348880242931,0.085127908
3125611120515388800,1.0301095077267264,0.3568812364487539,0.11688920530029845
3126717023056016256,1.1575023602891699,0.18467924912438116,0.24328771646048641
3211188618762023424,0.985967501,0.2685054406275701,0.18375258731747157
3222453935725951488,0.9619734930439333,0.35654110750703094,0.10592925818250831
3231856379348299008,1.127603303484647,0.26010035341074444,0.1666483691057471
3291455819447952768,,,
3311804515502788352,,,
3326541506073371776,1.0201790612041846,0.3147011203321888,0.1159066239353106
3342228616422593664,1.1220341212466283,0.12163526616516274,0.039846177
338382713564401920,0.9939831123437832,0.27044865968471976,0.065846612
3385777286999240576,1.144439554253869,0.14192182979922596,0.10931001785745087
3394923127797114496,1.1039700457794879,0.12203034760204035,0.047264852
3402980516507429888,1.0810122379613174,0.38133647837264273,0.074964064
3445148131761842944,1.0339016717277156,0.30106788591935674,0.13247261460616777
3460438662009633408,,,
3515865416826633984,0.8872966135544091,0.46512923143946594,0.083598639
3537110837630877568,1.0258379696567113,0.31304337376421265,0.12874431954772614
3545873945303316224,1.0196968106765127,0.3972205249975558,0.10405006763134861
3558354604869150208,1.0226288472598446,0.28104432458001916,0.13652916760123535
3578596339057980160,0.7462166095860867,0.029383112,0.014464807306314276
3578783977588991360,0.9329414128953225,0.24279711535100545,0.11735169631406106
3579426053724051584,1.0097297977880917,0.2344174898060123,0.14116939287542352
3579573358218514944,,,
3581264372742210048,,,
3582057258065666816,0.8921882934488172,0.24280841331307768,0.10411550233785949
3582098107498270208,0.9180077277328226,0.25575742550768654,0.098108896
3582392123779246336,0.7692136914312991,0.065276986,0.055881849
3582706794559052160,0.7337574102670278,0.050868052,0.03111478
3583611726988838144,0.6493276617954071,0.031499938318466425,0.0043385
3583630934082556416,0.9022500267430424,0.25097058294081465,0.11166813135147258
3584368019189709952,0.994114387,0.28080667555225836,0.090236055
3594882751966012160,0.7681403108231681,0.065010117,0.041621492060479603
3595647565382917120,,,
3596003497911958528,0.9083780777503637,0.26865179739125933,0.073227384
3596508242468505216,0.6532494718968006,0.021461622727560248,0.013364176975678155
3596876269626641664,0.7724136551987899,0.028509067041644465,0.036777463
3597570989175080576,1.1186893342707775,0.2221673535027635,0.15993242211899783
3597981377595128704,0.8738576545489053,0.2175392051565187,0.10648114270432552
3600851450836925312,0.8860577599394974,0.24166023194557074,0.085333158
3630680754621236096,0.6435500622566527,0.024822739001343685,0.005168116
363702817083391232,0.991273106,0.2741834115495436,0.127089034
3643098875168270592,0.7930505151630175,0.083037274,0.070027125
3652176997218325888,0.7480316026559004,0.15801992802383302,0.063019983
3668036348641580288,0.7527920479706919,0.046465534832094035,0.036583932
3675248118423392256,,,
3676684252407983488,0.9507688084105431,0.2839983831961673,0.090330981
3682825883842696832,0.8065651868849819,0.016487272899808447,0.00568877
3683121446312149504,0.7086696498099231,0,0
3693923185982895360,,,
3694743765254445312,0.8412969648084565,0.29264181549811696,0.086099535
3694878833385971840,0.6869295558066909,0.049714608,0.020089163747936678
3695235654973028736,,,
3695568295896473856,0.8689533950723788,0.31696724566791457,0.12196909266320444
3697828548204889344,0.7321603389177407,0.10849767766869689,0.056456817
3700295641843380224,1.0643927066259482,0.37723697987657934,0.11700392087510136
3700937760929835648,,,
3701015375282968064,0.9705409976592649,0.2744475400714297,0.12659373019433284
3761497761876022400,,,
3788394461991295488,1.1249280435307718,0.41532860340930644,0.20051680713952968
3794479262419500160,0.9180841665372649,0.24776966203120587,0.10749495778625118
3803004978659671040,0.8334462252051738,0.1941357734202913,0.080722373
3803494845449564672,0.7370660071487316,0.071739933,0.054008653962283715
3807826337147474176,,,
3810535361999701376,1.0062997455097569,0.19791828462073768,0.1505972877426226
3811032513054107648,0.7511876616803833,0.12923649950827298,0.052175129
3811688440459523200,0.8609162747229363,0.15178964713561893,0.12695287602730665
382111248777193216,1.0300364914566045,0.2588210312462258,0.090599495
3856449627544923392,,,
385697172809355392,0.7745670389125646,0.061299521,0.056759514
3857872051994269824,,,
3859431674878660864,,,
3860369901894562304,0.6342826381580082,0.035311049,0.003407203
3862378262961788288,,,
3864142669886768896,,,
3877070590167177344,1.041036899647452,0.39651349574699357,0.10195765929363865
3882879683758393344,0.7762125693737527,0.061598651,0.054019320841744434
3892632287473304064,0.6458059481702583,0.024547354,0.018683636
3896271842760486272,0.6736247849054217,0.001011093,0.001997632
3899064464855774592,,,
3962403923821595264,0.7811492478878748,0.023374354716264922,0.028680451411054908
3997075206232885888,0.6643706538242551,0.040453965,0.008128502
404433018447476096,0.9587603446689327,0.1977544590428867,0.1370190938134429
4056326681029056896,,,
4056443366649948160,0.9656969784675374,0.24015036865140293,0.12641258490197094
415703635408772480,,,
4223507222112425344,,,
4224062406762625152,1.0507072971123266,0.30721796341666807,0.066639495
4255957040079935488,0.7579909108162667,0.053603367,0.062559612
4256135160951556480,0.6551188792939837,0.017085675359589714,0.019418463482806847
4263752921128319616,0.721318678,0.041192467,0.027711647170126086
427224073427887360,,,
4285511294172309504,1.139456632993438,0.2595592486355296,0.17534949777716435
4287832775526476800,0.645623842,0.042351063,0.006786211
4334991786994866304,0.660426089,0.034786688147368516,0.022138656492808106
4439085988769170432,0.951675976,0.3953752321324844,0.069113655
4453211899986180352,1.0342461103251148,0.2948401210338343,0.16359931747729706
4477340334766250496,,,
4534144923690481408,0.9739834299533578,0.24990861097212402,0.16025873936748392
4558177980124887936,1.1695704204696424,0.10327079968025021,0.11011783315217083
457317534880081152,,,
4583004815239650176,0.9480305024528833,0.2231669185688735,0.1196826334132749
4596481632339898240,1.0001250944633275,0.21873295921829805,0.10673114327944466
4606030169272920320,0.9767560873491031,0.3049236432938226,0.060874125
4608935250790855296,1.1320770152176538,0.24737116510521817,0.13237685979169178
4613145315172329984,1.4034746444325585,0.19027456334075254,0.37775680049690297
4620574887039870720,,,
4624979393181971328,1.0066320804361704,0.2554167529345457,0.1595995081293098
4668163021600295552,1.023112657,0.42516851747212114,0.1109848169251828
4684513614202233728,1.1829767473558894,0.10657105784548859,0.091029056
4698692748651744128,0.8105367092829989,0.08140822,0.059226079
470650560779277952,1.1325821539076473,0.088077799,0.13243990139171458
4707634458245031552,1.1032156965843671,0.28828037132570716,0.1392564703534992
4727755005637190016,1.1049598710582769,0.22441723833514482,0.19377943948883414
4745660479479743488,1.061296315642667,0.4629894409553881,0.15583837310282556
4746157737910069888,1.1229572200463547,0.11952692952489397,0.19088366575222726
4747624104168195072,1.118848296,0.38655035959327577,0.11302717812016527
4756649415309914240,1.1427624820994151,0.19766651785457534,0.031296154
4837286842168217088,1.0543088659655964,0.099056548,0.017882663391362907
4864759888238232320,1.107502166905341,0.2150607370440023,0.1693449664130391
4886243456388510720,,,
4895489043507741440,0.7676538981578932,0.059466877,0.064878212
4911563216311083392,1.1409218983821896,0.27224010234246054,0.12121209863869287
4917441922731087488,0.8429725685398298,0.077065315,0.057668569
4968289907406396160,1.1017410908285743,0.26923567735820075,0.1435005605408206
497750842338402560,1.100198447753297,0.4800093456868937,0.098034901
4990044668377961984,0.999105871,0.2952427592493545,0.15823430614744904
4994237247949280000,1.105452919305026,0.070423718,0.059653562
5001098681543159040,,,
5019835424832215424,0.8817952646123409,0.098759847,0.07133385
5057924844082070016,0.9016246064746919,0.38262337787631495,0.093865194
5065640460769428224,1.0314358087901216,0.3067068174629193,0.093853106
5086537022856406272,1.1302113522777595,0.29365602243719313,0.15109591679750622
5089851638095503616,1.0328617187724656,0.35735411266395234,0.12548705406695537
5175239363214344960,0.7472786172121673,0.021950729394917046,0.054975705
5227928170880093568,0.7473455053716133,0.11778801142474282,0.057286962407333886
5241964708164136192,0.6816350420124571,0.067790231,0.0310432
5242077854771196544,0.6851070081149319,0.032175833,0.017758356
5253607539857229568,0.9208364199980446,0.2809393378652727,0.12491701648291609
5262666416118954368,,,
5284358990266469760,0.7255352607015304,0.045242557,0.039456141
5288681857665822080,1.0683876927368197,0.32282632076122786,0.18302751154551777
5305241494923209856,0.899743714,0.26152465262800706,0.14123135434818868
5337273743301313536,1.1324069816594489,0.10532612881519698,0.12181589773230495
5337294049909975680,,,
534988616816537728,,,
5351820556994135296,1.1810354693260179,0.051751105,0.026433235419290657
5357465071731312768,,,
5376137837173646208,0.9485762284545972,0.39072444012146523,0.090833094
5385076140853434752,1.3051412039832755,0.3141338050748519,0.12012108243183395
5401743332678544640,1.058090862074915,0.333027787,0.1457340533825635
5409268527708808320,1.0319185783628657,0.31280029877442095,0.11332965343317403
5411736896952029568,0.955677973,0.2604739936851913,0.10367695123564358
5444147952811517696,,,
5453063823882876032,1.1616843271392996,0.333605146,0.1928198334167256
545560867790611072,1.063736343363412,0.28494601126083396,0.1550270907020479
5509620021956148736,0.793251385,0.053605532,0.063075508
5545555570947605376,0.9918871276822121,0.2885047545103723,0.11915482330325888
5557345496687437696,0.8096769351323062,0.074521599,0.071349313
5560886336446650240,1.091396806938238,0.3031731216607141,0.13434359216572644
5574766468155514752,1.0171189523341213,0.26006802483494584,0.11011840870270373
5580554052549277056,1.2555472572565665,0.20860092939261654,0.2465398928552942
5656184406542140032,0.8508365688101359,0.22060674801727653,0.090051991
5664814198431308288,,,
5664957444179338240,1.0992455792025397,0.34634287269161534,0.14080618181243065
5674618444832114304,1.041565523,0.28287169392731637,0.1091925315021538
570653411060484480,1.0613685054665078,0.1740656370595306,0.19468298035392828
5710154317045164416,0.9286612178436481,0.151531965,0.074239218
5723638723350902400,0.9474603520017023,0.25200118904466373,0.12101428782990276
5723772524469252096,,,
5738284016370287616,,,
5746824674801810816,0.679650501,0.057433543,0.013919991862063386
5751177095877066496,1.1070099074345658,0.12129365974223161,0.036799317
5795534040654879744,1.0329349246881416,0.21282355156231136,0.15511177235179185
58200934326315136,1.0432592972331016,0.28682871180268044,0.14392913223140502
5880886001621564928,0.7335415443100582,0.037268387,0.041885856
5902750168276592256,0.7777251778556106,0.14622991266815044,0.095762303
596931979481073152,1.0849048528557543,0.31309783755183274,0.1710847527275028
6003809889735481856,,,
602494855483616256,0.8425374058961219,0.077449161,0.009795683
6032746832450438400,1.1193289785308005,0.3617657421625633,0.15775568131495254
6042793005779654656,1.0650703855311514,0.1764767220506449,0.080384353
6086712585429729536,1.144443930335812,0,0.000606381
6112606840179716096,0.9894645166554519,0.25972961856657295,0.090250998
6125644402384918784,0.8463276587760313,0.20653250703083215,0.10073563136585062
6154982877300947840,1.1438375489570214,0.000606381,0.000289436
61607255708760960,0.9678968407264905,0.24687529029141286,0.14120060373137333
6160877943251930368,0.8836004336398718,0.075698581,0.1136978710525256
6171009049549197824,1.1411056642051565,0.17093667549474634,0.060409031
6173435259395017344,0.9231854066380257,0.2812451728808295,0.1193134342092399
6173451477191225984,0.892050407,0.29962994228678885,0.11425267301023145
6186950525042445824,0.9333985823311881,0.24666238576695032,0.11116481147592838
6198312362812872320,0.9049048347394998,0.2508371130166728,0.077686272
6239410080231903488,,,
6255655673768103168,,,
6257625719430982016,,,
6258364939144564992,,,
6258810550587404672,0.9627758094802648,0.23139637272324687,0.14120298100377426
6264513270727342080,0.6263545296387676,0.013439035754850504,0.006095944
6283723285046532864,0.7780042282763102,0.13811194407540972,0.065054605
6284007337003799552,0.9546376536287146,0.22419824611400585,0.15400994654267097
6347643496607835520,,,
6386751579018596864,0.9471769970295094,0.036092104,0.08841995
6407428994690988928,0.9776348405769596,0.14158140179552203,0.18435997644886903
6411096106487783296,,,
6453566701615683456,,,
646125297938578944,1.0626212919190001,0.21507100939169654,0.072407297
6482103014085857024,1.1376672686007925,0.34813719087343364,0.21577838551102213
6491038642006989056,1.0057977978686083,0.2384333652524484,0.13006332119831843
6492940453524576128,1.0383374608200049,0.24110987853482646,0.13124308778619365
6518399301667782016,1.079550415092278,0.33974022930002246,0.16110134994852687
651935220461650560,,,
6533307957785865856,1.0495300289860074,0.23699583757483733,0.13725978133968275
6534414719318886144,0.7672178018081748,0.054722190686519734,0.00577248
6541360574788758016,0.7246127900757432,0.033490432317097696,0.042465446838857335
6552346035980010624,0.8800662249751261,0.070945013,0.070230194
6582435924022652672,,,
6675883485986480256,0.9743340702047999,0.4595579280180818,0.068200095
6677909439240233472,1.0361067967586282,0.264645429,0.12780269967661329
6683371847364921088,0.7383782443911501,0.038815971922680936,0.033471526136291785
6710517793025165696,0.9717060419146868,0.36634377490985015,0.1000629316988445
6801474136516893184,0.9316955324741053,0.2535025778280048,0.13551547415701903
684992690384102528,,,
6857756246957592320,0.7634171056263911,0.052152357844913344,0.069695416
6868476691490044672,0.907385479,0.13730314201993354,0.10705675937588066
6910753016653587840,0.8107613056931049,0.072723636,0.038285953863938293
702295464353437952,1.1591336042144735,0.2163250296186383,0.1419881650473498
770622651659107712,0.9052899909131168,0.21335586463419542,0.08992453
869913435026514688,0.7473771792704038,0,0
876608292608416512,1.1121899392961692,0.26464663253334253,0.165059666
898130030131443584,1.146868108202925,0.3025399316758397,0.15004810584493633
920308932010648448,0.9149234645755333,0.3061079824612569,0.077213
990291507088739072,1.1562226530823514,0.2904017006274551,0.17124720492071988
