Gaia DR3 ID,Teff,Teff pe,Teff me,Radius,Rad pe,Rad me,Metalicity,Metal pe,Metal me
1044013542142711296,3601.738,4.21,6.0947,0.56619704,0.0313158,0.03135204,-0.1009,0.0342,0.0465
1053809778428567680,,,,,,,,,
1074139748425931008,5364.139,12.0964,19.2386,0.96462107,0.01979583,0.01981992,0.3159,0.0117,0.0173
1076970406751899008,6437.147,1.2436,1.0532,1.478384,0.0296855,0.029684,-0.0366,0.0079,0.0071
1111639314047794944,6056.1055,3.2221,1.5059,1.2932814,0.0269754,0.0269251,-0.0286,0.0038,0.0043
111322601672419712,5040.7104,87.9659,53.5254,1.068451,0.0076677,0.0064874,-0.2544,0.1065,0.0519
1117620107545810944,5885.8667,3.397,2.4327,1.438147,0.0294495,0.029287,0.3149,0.0022,0.002
1126422935076082176,,,,,,,,,
1255520718461480960,5694.083,2.4917,1.8506,1.4080441,0.0290407,0.0290682,-0.0327,0.0052,0.0048
1316708918505350528,5848.95,8.3225,7.0467,0.91881096,0.01870494,0.01871076,-0.021,0.009,0.006
1331356474971716992,5974.0513,1.8237,1.3638,1.4971453,0.0300336,0.0300217,0.0281,0.0053,0.0052
1344163891352965632,5992.018,9.8834,1.75,2.9059532,0.0589408,0.0587426,-0.2277,0.0018,0.0039
1416731285125373184,6151.7153,17.7554,21.3066,1.6940048,0.0357334,0.0354957,0.0051,0.0138,0.0197
1424011082893734272,5903.319,3.3807,2.171,1.3055764,0.0271818,0.0277959,-0.1756,0.0062,0.0059
145333927996558976,4181.3286,3.5684,11.4456,0.55484647,0.01978808,0.01978227,-0.2162,0.0051,0.0147
1464700950221781504,6204.659,36.499,10.346,1.6483556,0.0345359,0.0340151,-0.4268,0.039,0.0139
1476485996883837184,4591.5635,0.6885,0.7435,0.7364106,0.01700105,0.01699947,-0.112,0.0082,0.019
148080473682357376,3842.436,3.4632,10.562,0.46582368,0.02888778,0.02888963,-0.3196,0.0479,0.0103
1491634483976350720,4891.5254,0.6792,0.7464,0.81041276,0.01728428,0.01728476,0.0957,0.0034,0.0034
1499514786891168640,4507.6455,9.7805,4.5835,0.74489874,0.01745126,0.01748139,-0.1991,0.0124,0.008
1587399232335653760,5840.252,14.699,12.0044,1.7191885,0.035562,0.0352777,0.1282,0.0132,0.0096
1675923009431370880,5188.1562,13.8975,9.9452,0.9007878,0.01864365,0.0186264,0.2027,0.0117,0.0092
1716345832872291968,,,,,,,,,
1725490333641502976,5848.7705,4.105,2.292,1.1427443,0.0232829,0.0232387,0.1182,0.0055,0.0057
1737061349198867456,5997.613,14.762,13.179,1.9232618,0.0483619,0.047328,-0.202,0.0122,0.0118
1744911763437512064,,,,,,,,,
1750321012752775040,6138.781,3.5696,3.703,1.8942262,0.0409611,0.0408441,-0.1752,0.0031,0.0034
1779546757669063552,5996.3154,1.5446,1.5927,1.1971555,0.024055,0.0240562,-0.3061,0.0121,0.0118
179498266829041664,5372.22,37.2297,26.862,1.1371807,0.0241313,0.0238834,-0.0133,0.0435,0.0274
1808938730710633984,5774.3516,5.5504,7.7486,1.1920465,0.0245784,0.0242717,-0.1446,0.0075,0.007
181908842994567936,6580.7725,30.9035,9.2852,1.7821016,0.0367785,0.036214,0.1084,0.0297,0.0142
1835842749465226368,6739.136,9.452,18.085,1.9906454,0.0409716,0.041326,-0.352,0.0054,0.006
1849786481032616960,5286.4,3.786,2.869,0.8768332,0.0180579,0.01806503,0.0628,0.0039,0.0035
1909762228985058944,4690.008,4.7576,4.213,0.74632215,0.01690752,0.01686328,0.1049,0.0056,0.0059
1925321658551399040,6715.8354,12.9571,10.871,1.5999188,0.0334907,0.0333792,-0.4524,0.0157,0.0091
1962153854973972096,,,,,,,,,
2009481748875806976,,,,,,,,,
2033123654092592384,8848.703,3.066,3.04,1.6535217,0.0334242,0.0334454,-1.4907,0.0176,0.0071
2048464796210957440,5735.328,54.784,50.993,0.7096118,0.031264,0.0280682,-0.7781,0.0643,0.0685
2051027792165858304,4576.7456,10.7109,9.5601,0.6897532,0.0183631,0.0201352,-0.2411,0.0161,0.0182
2051104586182508928,,,,0.94419426,0.00855614,0.00756536,,,
2051105410816218368,,,,0.8151273,0.017766,0.0178508,,,
2051368434612892800,5545.94,20.4946,16.0645,0.9753009,0.0349819,0.0289356,-0.1639,0.0202,0.0164
2051738798233021824,,,,,,,,,
2051866238502437632,6089.895,3.277,1.6714,1.3094412,0.026758,0.0267949,-0.0359,0.0048,0.0052
2051933102555095936,,,,0.7599856,0.0170623,0.0171986,,,
2051950454223150720,,,,1.3650557,0.0500157,0.0654853,,,
2052136821446989568,5795.041,34.5664,37.6304,1.5329694,0.0404325,0.0376753,-0.2815,0.0352,0.0382
2052139123549626240,5332.886,33.3386,31.7195,1.356446,0.0706617,0.0685523,-0.618,0.0389,0.038
2052168466766597120,,,,2.1522264,0.0475894,0.0476724,,,
2052185062520374272,,,,1.1155456,0.023773,0.0242978,,,
2052304325169514880,,,,0.9013704,0.02887154,0.02573734,,,
2052392835854583936,,,,0.76032203,0.01875357,0.01851457,,,
2052528625536778624,,,,0.7848251,0.01695447,0.01694126,,,
2052688467040906624,,,,1.256731,0.0561921,0.0522803,,,
2052747119115620352,,,,0.9471395,0.0194007,0.01920813,,,
2052823535171095296,,,,1.1556762,0.0328231,0.0313879,,,
2052826318309391104,4780.2383,13.3183,80.1423,0.774357,0.01772203,0.01756964,0.6826,0.0177,0.1405
2052975370856687744,5593.3574,39.8816,13.3664,1.02011,0.022173,0.0219056,-0.033,0.0486,0.0155
2053070616052194304,,,,1.3237374,0.0296986,0.0308713,,,
2053546910744629504,,,,0.8584561,0.01975576,0.02115157,,,
2053552270863859712,,,,1.4977385,0.0429908,0.0463069,,,
2053562475706063744,4128.3594,20.3178,8.4859,0.6691427,0.0217037,0.0216504,0.3746,0.0603,0.0225
2053586321364864640,,,,0.8754553,0.0285912,0.02839617,,,
2054523105274216704,8742.581,53.582,60.355,1.7289097,0.0389601,0.0396288,0.0172,0.0292,0.0309
2056007995732413312,6031.483,1.54,1.099,1.300195,0.0260927,0.0260883,-0.2181,0.0046,0.0049
2073153024144692736,6426.5894,12.1831,11.7204,1.5392992,0.034485,0.0329433,-0.0719,0.0107,0.0104
2073274618947678464,5572.3813,24.7881,24.8916,1.0317585,0.0265564,0.025875,-0.1961,0.0253,0.0242
2073277200237694464,,,,0.80427927,0.01762663,0.01755142,,,
2073539536845074176,,,,1.7550845,0.0376899,0.0367427,,,
2073547954981763328,,,,0.8147448,0.0225322,0.0239254,,,
2073652546016392448,4459.129,18.722,11.8204,0.69206023,0.01975557,0.01932873,0.367,0.1087,0.0513
2073697660354300544,4885.962,10.703,8.8516,0.7797988,0.0176692,0.01783376,-0.0889,0.0112,0.0106
2073731161099713408,,,,0.9569718,0.0194525,0.01960484,,,
2073804411752924288,,,,,,,,,
2075112109039378688,,,,0.8952149,0.0190094,0.01872294,,,
2075161655782111872,,,,0.82857823,0.01726652,0.01738578,,,
2076121602454770560,5654.674,69.249,13.494,1.1193485,0.0229185,0.0229468,0.0103,0.0716,0.0163
2076185408488670208,5454.9424,18.4576,20.6358,0.87116915,0.02131725,0.02305375,-0.0029,0.0237,0.0249
2076328963475704576,,,,0.71731836,0.01745778,0.01754256,,,
2076454445237794432,4690.752,10.3427,9.662,0.7479729,0.0191412,0.01808935,-0.0144,0.0131,0.0121
2076565805151925760,,,,0.7193246,0.017458,0.01755847,,,
2076601917234347520,,,,1.5964409,0.0355148,0.0365074,,,
2076692386427776768,,,,0.8990057,0.02254237,0.02112167,,,
2076764576237957504,,,,0.6934652,0.01762334,0.01713726,,,
2076782889978499840,,,,0.8039355,0.0177157,0.01810685,,,
2076792648144511104,,,,1.0377848,0.0221524,0.0232153,,,
2076871091425583232,,,,0.78467375,0.01749405,0.01739035,,,
2076955822541823744,,,,0.9117809,0.02209365,0.0247761,,,
2076960598545789824,,,,1.1398946,0.0247319,0.0247443,,,
2076970047474270208,,,,1.4065552,0.0286029,0.0284883,,,
2077140987172577408,,,,0.86858416,0.03344414,0.02752209,,,
2077540827141811200,,,,0.9103619,0.0188419,0.0188531,,,
2077556465126659456,,,,1.8629725,0.1182485,0.1044741,,,
2077598384004774912,,,,1.8426697,0.2032359,0.1262364,,,
2077726678964445696,,,,,,,,,
2077750803804146176,,,,1.2264249,0.0287335,0.0268752,,,
2077961463362645632,,,,0.78400034,0.02684271,0.0259853,,,
2077994272606400512,,,,0.9059614,0.0188067,0.01869315,,,
2078000289864478976,4561.1143,19.0647,18.3543,0.76186293,0.02092517,0.0211094,0.0982,0.0424,0.0494
2078195212660287616,,,,1.1766331,0.038725,0.0364122,,,
2078272831307891456,,,,1.4024361,0.0315553,0.031687,,,
2078286197246582016,,,,0.81548184,0.01919296,0.01817429,,,
2078515170549178880,,,,1.0392451,0.0228339,0.0220383,,,
2078648211455026432,5300.3193,16.959,17.1573,0.8513842,0.01920893,0.0184127,-0.212,0.0167,0.0189
2078697552035948800,,,,1.3248361,0.0308996,0.0299968,,,
2078722600285671936,,,,0.8986462,0.01899353,0.0189184,,,
2078832551450444032,,,,0.85341823,0.02266297,0.02370798,,,
2078996825361036160,,,,,,,,,
2079005651508492032,,,,1.6803675,0.037685,0.0377085,,,
2079192121810035840,,,,1.0421772,0.0214609,0.0214868,,,
2079295583282164992,,,,0.95647526,0.02016198,0.02009736,,,
2079368391569401600,,,,1.157068,0.0243422,0.0237962,,,
2079695496278608896,,,,1.1629783,0.0238496,0.0240038,,,
2079807646464016256,4769.4673,18.603,11.2663,0.81585896,0.02670211,0.02426416,-0.5965,0.0332,0.0327
2079880695265507328,5655.6826,11.2474,4.8446,1.0666069,0.0226059,0.0224992,-0.1178,0.0092,0.0048
2079885608708649344,,,,0.9014964,0.0188724,0.01887785,,,
2080246282881778048,,,,0.8497759,0.02574034,0.023102,,,
2080266967444876032,,,,,,,,,
2080271674728481280,5326.634,7.4324,7.9367,1.0832198,0.0220843,0.0221454,0.0654,0.0087,0.0086
2080287892525359872,,,,,,,,,
2080296757338392576,5802.9204,19.0176,19,1.0779176,0.0388824,0.0374283,-0.4177,0.0212,0.0204
2080344586094498432,,,,0.7885804,0.01734825,0.0169058,,,
2080386917291928832,,,,1.9153173,0.0385286,0.0385211,,,
2080452613110460928,,,,1.1084654,0.0237385,0.024386,,,
2080466185207274880,5508.0186,28.5064,40.604,0.9692778,0.02483606,0.02426475,-0.388,0.033,0.035
2080562667352233728,,,,0.881537,0.0209633,0.01926223,,,
2080605823183999616,5818.928,37.1643,73.913,2.8514073,0.0675635,0.0794585,-0.0758,0.0424,0.0614
2082074942519913344,,,,1.0990694,0.0232598,0.0228701,,,
2082161219824397568,6766.387,10.8293,27.562,1.6037103,0.03629,0.0360147,-0.4877,0.0083,0.016
2085204015173031552,6167.8657,21.209,16.0219,1.9533302,0.0422284,0.0474188,-0.3159,0.0336,0.0131
2085527924426959104,5044.935,13.5338,13.1464,0.7817403,0.01803083,0.0175924,-0.0834,0.014,0.0123
2086337508581280256,,,,1.6540134,0.067027,0.0755816,,,
2086389357427331712,,,,2.7489078,0.0579479,0.0590155,,,
2086505630781210752,,,,1.5285162,0.0315431,0.031381,,,
2086625752425381632,,,,1.4324521,0.0294179,0.0296267,,,
2086629463276947456,,,,0.80472195,0.01847325,0.01900118,,,
2086660283961964416,,,,1.1138263,0.0522419,0.0345202,,,
2086718317558873984,,,,1.7152663,0.049853,0.0575184,,,
2086940448965828992,,,,1.2121687,0.0246738,0.0248506,,,
2087171453788422528,,,,0.8737278,0.0184889,0.0181216,,,
2087250476887856256,,,,0.750875,0.0171531,0.0171437,,,
2099541715513813504,,,,1.1141555,0.0226074,0.0225862,,,
2099583977992504576,5847.7944,7.5103,14.3294,1.2093711,0.0257969,0.0259109,-0.3059,0.0089,0.0097
2099605968225288960,,,,1.4489298,0.0295747,0.0295055,,,
2099606483621385216,,,,1.955826,0.0399418,0.0416977,,,
2099656472742686848,,,,1.4933653,0.0303011,0.0302372,,,
2099854801450635520,5185.2856,23.8524,31.623,0.87267977,0.02230036,0.0221467,0.0139,0.0273,0.0318
2099862910348755712,,,,0.9298862,0.0192666,0.01933733,,,
2099925719951103872,,,,1.0027453,0.0213087,0.02139005,,,
2100389610777053056,,,,1.7377043,0.037458,0.0374258,,,
2100392428275714688,,,,1.0827304,0.0218815,0.0218853,,,
2100416823690394624,,,,1.5361514,0.0311244,0.0312133,,,
2100524610190045312,6198.1123,13.4927,14.0943,1.274494,0.0270706,0.0265792,-0.1496,0.0106,0.0119
2100597143598879616,,,,0.8272737,0.0179733,0.01778683,,,
2100624562669914240,,,,1.6551768,0.059674,0.0524498,,,
2100906140725803392,,,,0.9348722,0.019215,0.01929306,,,
2101035367703145088,6507.081,33.3067,27.203,1.3544638,0.0298717,0.030137,-0.272,0.0176,0.0205
2101175933393051008,,,,1.4027,0.0287677,0.0285112,,,
2101188990094347648,,,,1.1145848,0.0519071,0.0377483,,,
2101230049979183232,,,,0.87497675,0.01865525,0.01883385,,,
2101243789577188736,,,,1.5615602,0.0319411,0.0317436,,,
2101305259145506816,,,,1.1894388,0.0240821,0.0240944,,,
2101508501301083520,,,,,,,,,
2101719263935952768,,,,1.4034766,0.0308102,0.031503,,,
2101733244046205568,,,,1.5966405,0.032741,0.0327007,,,
2101768089124657664,,,,0.8171295,0.02111804,0.02276874,,,
2101854881822529024,,,,1.5302881,0.0789621,0.0587007,,,
2101898759208960640,,,,1.7778658,0.0395803,0.0379526,,,
2101964558106974848,,,,0.96167403,0.02100552,0.02100956,,,
2102063136195478656,,,,0.9193716,0.02393556,0.0221613,,,
2102067396802935680,,,,0.8048409,0.02567633,0.02222136,,,
2102070660978313472,5701.0234,7.5323,3.8418,2.0325074,0.052742,0.0488599,-0.4455,0.0074,0.0083
2102110174677569664,,,,1.0104553,0.0209218,0.02138745,,,
2102119176929154304,6059.0317,5.7373,3.3817,1.4814175,0.0300203,0.030017,-0.09,0.006,0.0056
2102224661326132864,,,,1.7392821,0.0359083,0.0359491,,,
2102316985943863424,,,,1.5929097,0.0411035,0.0379493,,,
2102454253097554304,,,,1.0770596,0.0220364,0.0219264,,,
2102469921138142208,,,,0.8789651,0.0261494,0.03140136,,,
2102548708017562112,,,,0.92110395,0.01919875,0.01887445,,,
2102587087846067712,,,,1.064798,0.0137056,0.0105072,,,
2102610280669509888,,,,1.5527471,0.0356806,0.0326786,,,
2102700131386216576,,,,0.8190332,0.0225567,0.02176135,,,
2102815683186036096,,,,,,,,,
2102911581215700096,,,,0.82417,0.0220446,0.0203817,,,
2103295173333142784,,,,,,,,,
2103452266056715392,,,,1.2521625,0.0252697,0.0252942,,,
2103788854053938816,,,,0.7912645,0.0176885,0.01747676,,,
2103845032226500352,4773.7817,24.3877,41.4204,0.77950495,0.02381995,0.02144318,0.2302,0.0405,0.0769
2104094071610116608,,,,0.81346595,0.01797085,0.01734045,,,
2104098950692667264,,,,1.0449833,0.0231938,0.022806,,,
2104344141784539264,,,,,,,,,
2104376405579347968,,,,0.7230894,0.0167716,0.0169444,,,
2104466153215402624,,,,1.6239846,0.035578,0.0350948,,,
2104466256290759936,,,,,,,,,
2104506319750394624,,,,1.0890865,0.0261559,0.026941,,,
2104847370214740352,,,,0.8559739,0.01793575,0.0180727,,,
2105135854577044480,,,,1.0909319,0.0221373,0.0221268,,,
2105221139747765504,5229.7573,7.9243,7.832,2.1941688,0.1211829,0.0998864,-0.0099,0.0004,0.0002
2105274977158196480,6717.0483,8.7232,9.2749,1.5323566,0.0321073,0.0321108,-0.1927,0.0078,0.0075
2105362903731391744,,,,1.0856304,0.0222699,0.0222938,,,
2105414310196331264,,,,,,,,,
2105415302330571008,5661.6255,34.5459,9.3418,1.0918821,0.0224857,0.0232494,-0.053,0.0322,0.0109
2105435544515167232,,,,0.7517613,0.01671227,0.01640765,,,
2105535462635217792,,,,1.2555915,0.0389468,0.0409678,,,
2105538623730974848,4892.5215,13.6605,14.9855,0.7153976,0.01975625,0.01805157,-0.0933,0.0175,0.0168
2105618029085927680,,,,0.8845704,0.01966097,0.01961646,,,
2105620159389754624,,,,1.4421504,0.0305242,0.0298297,,,
2106008493152187392,,,,0.728544,0.0166286,0.0169609,,,
2106306495162679552,,,,,,,,,
2106371744306291328,5329.74,23.6765,22.5227,1.0184155,0.0247896,0.0252229,-0.0884,0.0236,0.0234
2106496607595412480,5622.0244,2.21,1.8979,0.9201172,0.0200525,0.019519,-0.6391,0.0091,0.0082
2106674071344722688,,,,0.7971255,0.0164733,0.01647834,,,
2106705269988803072,,,,1.4723216,0.0304038,0.0301053,,,
2106821925598401152,,,,0.8237297,0.01756954,0.0173773,,,
2106996095111385728,5337.2827,187.3159,69.9267,0.80604726,0.01842864,0.01754416,-0.2472,0.1621,0.069
2107001283431633408,,,,,,,,,
2107236613280607104,,,,1.2437408,0.0258582,0.0256311,,,
2107243072911617024,,,,0.8977779,0.019234,0.0186672,,,
2107244481660894592,4653.911,18.57,25.555,0.78957015,0.02052955,0.01951565,0.1309,0.0226,0.0421
2107266570672734592,,,,1.4049164,0.028519,0.0285222,,,
2107279803471399168,5511.3457,42.5708,52.9883,1.3885334,0.0561778,0.0656908,-0.048,0.0476,5.60E-02
2107311723669410560,4648.7886,5.9399,7.0283,0.7430045,0.0174746,0.0177727,0.6283,0.0189,0.0192
2107315365800640896,,,,1.9873246,0.0404593,0.0404054,,,
2107342716152550272,,,,2.2174478,0.0472204,0.046881,,,
2107622335702262400,5314.3926,11.4311,18.2119,0.8306931,0.0190296,0.0189018,0.0763,0.0154,0.0193
2107658516506930048,5688.562,36.4795,18.9927,0.9650288,0.0201804,0.02014307,0.0954,0.0311,0.0145
2116862833283266432,,,,1.6593415,0.0338683,0.0339119,,,
2119196585370036736,,,,1.8217926,0.0378804,0.0377243,,,
2119534646538533888,5942.2583,15.8101,13.5488,1.1275643,0.0251393,0.0240824,-0.3065,0.013,0.0111
2119583201145735808,,,,0.7333195,0.01633897,0.0163338,,,
2119602202081351168,,,,0.76511157,0.00194243,0.00151474,,,
2119710538336363904,4495.9507,4.9043,6.314,0.68932337,0.02135233,0.02080317,0.2711,0.0364,0.0383
2119814820141727232,,,,0.7425848,0.0170334,0.01716427,,,
2125713940547834496,,,,0.8086425,0.01672364,0.0167247,,,
2125751461382627840,5766.714,9.8187,13.55,0.9622493,0.0195381,0.0195482,-0.1014,0.0101,0.0136
2125790322246812672,,,,0.7411304,0.01848276,0.0182857,,,
2125831210335846016,,,,0.84708196,0.01842734,0.01873606,,,
2125848733801094912,5067.63,31.131,27.512,0.8269135,0.0309029,0.0298298,-0.6725,0.033,0.0353
2125850623586710400,,,,0.9340137,0.02673634,0.02458427,,,
2126119862195142272,5587.348,8.7184,5.319,1.3439275,0.035712,0.0331877,-0.4374,0.0131,0.013
2126237131982289280,,,,1.854094,0.0164507,0.0227523,,,
2126266823097360000,,,,0.83355194,0.02195296,0.02101749,,,
2126418658780855296,,,,0.837035,0.0200903,0.018691,,,
2126432677554353280,,,,1.1278509,0.0245874,0.0237597,,,
2126436800722944000,5787.8936,3.2804,3.2146,1.1960329,0.0266011,0.0262565,-0.2472,0.0043,0.0044
2126454633427425664,,,,0.9305244,0.0205805,0.0197136,,,
2126508676995012352,,,,1.6364778,0.0340787,0.0337244,,,
2126556132093765888,3172.2478,0.8064,0.385,0.18829066,0.00376582,0.00376583,-0.4905,0.0011,0.0015
2126569051355142656,,,,1.1728027,0.0239475,0.0241635,,,
2126576679217244160,,,,0.8527546,0.0246559,0.0234878,,,
2126601108991279872,,,,1.1072953,0.0224815,0.0225871,,,
2126801563705846528,,,,1.3649918,0.0287089,0.0280938,,,
2126878048483137152,,,,0.8190213,0.0179304,0.01905663,,,
2126912305142208384,5368.125,30.452,9.451,1.0487318,0.0226059,0.0226606,0.1628,0.035,0.0131
2126918008858627712,,,,1.3793316,0.0310858,0.0284385,,,
2127001056345369984,,,,1.1006284,0.0234585,0.0233375,,,
2127355923723254272,,,,1.6470605,0.0366963,0.0390355,,,
2127390970655877888,,,,1.5699117,0.0384263,0.0392924,,,
2127398083121764736,,,,0.8820644,0.0224692,0.0207126,,,
2127771917075703424,,,,1.2316326,0.0261822,0.0273715,,,
2127798442794047104,,,,0.84361225,0.01899155,0.01869881,,,
2127851116271982848,,,,1.8821802,0.039879,0.0398344,,,
2127956360152391168,5168.095,33.742,9.0794,3.0841582,0.0363595,0.0309452,-0.0023,0.0367,0.0067
2127985806448631808,5482.518,66.9424,74.7455,1.6806562,0.087768,0.0635928,-0.3118,0.079,0.0824
2128013019361703936,6107.385,86.5505,205.1033,1.1985563,0.0502744,0.0400188,-0.2058,0.0677,0.2256
2128067720065692672,,,,1.5472559,0.0141055,0.0233925,,,
2128098197152438144,,,,1.118954,0.02695,0.0329048,,,
2128198974266072192,5852.477,24.7945,19.214,1.0990291,0.0388529,0.0302308,-0.2441,0.0198,0.0169
2128273225659492608,5747.7817,32.7037,35.7089,1.0057011,0.0232863,0.02249405,0.0695,0.0329,0.042
2128298617506651904,,,,1.4135875,0.0308886,0.0305237,,,
2128369501647063808,4895.582,18.8653,19.406,0.85861546,0.02703524,0.02755702,0.0035,0.0246,0.022
2128504397979254528,,,,0.9415709,0.02656493,0.0278209,,,
2128724678262662144,,,,1.1503923,0.0236059,0.023615,,,
2128911251641171200,,,,0.8101978,0.01810697,0.01801154,,,
2128925579652377472,,,,1.3059841,0.0096089,0.012742,,,
2129025841368107136,,,,0.80058956,0.01837604,0.01891321,,,
2129084935820532608,,,,0.7232479,0.0170512,0.0170083,,,
2129161734133025408,,,,0.7466309,0.020358,0.02201723,,,
2129495057954829952,,,,1.1871132,0.0186087,0.0168044,,,
2129503235571760128,5703.2744,114.5166,41.2944,0.9812722,0.00912794,0.0171346,-0.0842,0.134,0.0482
2129503716608032256,,,,0.96892846,0.06739374,0.04283411,,,
2129550445852902656,,,,1.2915641,0.0261369,0.0260767,,,
2129753580626548736,,,,1.2994422,0.0096483,0.0120119,,,
2130124219123552256,4777.7144,18.1216,17.959,0.7777847,0.02455,0.0251105,0.11,0.0296,0.0327
2130243550494676480,,,,0.99837255,0.02136015,0.02103395,,,
2130250731680096384,,,,0.88811517,0.03804159,0.03295577,,,
2130320172711659136,,,,1.8491473,0.0374605,0.0374608,,,
2130368310704421120,5860.2896,3.1792,1.9043,1.0642675,0.0222195,0.0221771,-0.3105,0.0061,0.0059
2130405041264941184,,,,0.926849,0.0235325,0.025776,,,
2130460394803778816,,,,0.86319834,0.02166296,0.020805,,,
2130625287187139072,,,,1.4346741,0.0355933,0.0358196,,,
2130634667395736704,,,,0.8803993,0.0192156,0.0208879,,,
2130661880308812800,,,,1.0337691,0.0212012,0.0219578,,,
2130825020347168512,5134.2905,15.919,14.9815,0.88635,0.02617023,0.02371355,0.3476,0.0155,0.0178
2130889204338693504,5942.953,13.2643,13.511,1.0494894,0.0256243,0.0243056,-0.2768,0.0119,0.0116
2131059594280288128,5783.063,85.1587,168.059,1.2015563,0.0335262,0.0372877,0.283,0.0794,0.1906
2131114947819394816,,,,0.75671977,0.02377053,0.02048791,,,
2131169545443676032,,,,,,,,,
2131216137248338304,,,,1.0189062,0.0214408,0.0214332,,,
2131494313689868416,,,,1.6573093,0.0339562,0.0340281,,,
2131709921047710336,,,,1.7063917,0.0393424,0.0370183,,,
2131748747552136960,5639.607,13.04,10.745,0.9203548,0.01988177,0.01993413,-0.2933,0.0119,0.0111
2131859244171951616,,,,1.489741,0.0311584,0.0305329,,,
2132004074768150400,,,,1.8615468,0.0995844,0.0932204,,,
2132144056342471168,4199.4697,4.5928,15.9897,0.7129395,0.0196142,0.01941293,0.4792,0.0182,0.053
2132152916856093952,5871.573,17.025,20.837,1.5360839,0.031864,0.0316102,-0.1123,0.0123,0.014
2132155017099178624,,,,1.1158457,0.0225608,0.0225399,,,
2132178725317511936,,,,2.2048893,0.0459166,0.0458877,,,
2132193431285570304,,,,1.239022,0.0273755,0.0272268,,,
2132215421518219392,,,,1.0107613,0.0206116,0.0205101,,,
2132325200882204544,,,,1.0928732,0.022642,0.0225144,,,
2132614922197436928,5549.2686,18.7154,7.626,1.5448813,0.0410355,0.0454208,-0.4406,0.0292,0.0151
2132709613336959744,,,,,,,,,
2132768956905956352,,,,0.76150346,0.016801,0.01678516,,,
2133021810218800384,,,,0.8395289,0.0199047,0.02181737,,,
2133022669212268800,,,,1.0454851,0.0246401,0.0253586,,,
2133035966431029376,5472.315,19.348,16.9654,0.89884526,0.02578324,0.02674776,-0.2623,0.0233,0.0226
2133124511477266176,,,,1.3472136,0.0321801,0.0360686,,,
2133369840008452224,,,,0.78969175,0.0176866,0.01763975,,,
2133611659549905024,,,,1.3620528,0.029695,0.0287037,,,
2133946843094378752,5454.4395,12.7529,19.9715,0.8654531,0.01788666,0.01818017,0.0113,0.014,0.0243
2134719834131370496,,,,1.2611322,0.1024483,0.0845958,,,
2134798444914611712,,,,1.6869624,0.0358022,0.0365206,,,
2134850847813263360,5595.028,23.6824,14.2096,1.2415483,0.0278237,0.0280098,-0.1012,0.0205,0.014
2134931077802625792,5226.7725,31.0839,28.4525,0.841996,0.02575655,0.02771776,-0.4498,0.0319,0.0302
2135002576119495936,,,,1.4786961,0.0306122,0.0307875,,,
2135019107451751168,,,,1.6264993,0.0364698,0.0358317,,,
2135044568018500096,,,,1.4803122,0.0320344,0.0324583,,,
2135055391335687680,,,,,,,,,
2135179533070399232,,,,1.1987728,0.0243565,0.0243883,,,
2135203000771400320,,,,1.1842135,0.0328204,0.0292237,,,
2135314184585149696,,,,1.2901001,0.0261996,0.0261406,,,
2135378231142791808,,,,1.0433252,0.0252256,0.0281702,,,
2135427576021495168,,,,0.72274303,0.01653034,0.01656853,,,
2135590578620605568,,,,1.6744102,0.0362686,0.0356412,,,
2136815881249993600,5827.4766,15.3724,10.9502,1.0590172,0.0214799,0.0214479,0.0953,0.0143,0.0107
2139300262131379584,5599.9014,9.1626,3.3189,0.9570625,0.01970736,0.0195609,-0.1969,0.0116,0.0065
2141754578242371584,6084.4478,4.3742,2.3545,1.7216668,0.0352688,0.0352087,-0.0741,0.0062,0.0051
2143749504651818368,,,,1.0449014,0.0213734,0.0218525,,,
2188906825165621120,7426.445,1.3206,1.4435,1.9606391,0.0395562,0.0395807,-0.1975,0.0108,0.0101
2221164434736927360,5315.492,8.7473,8.8284,0.93921584,0.01927709,0.01928064,0.1803,0.0096,0.01
2242756094328104576,,,,,,,,,
2254929887069708160,5802.538,1.3155,1.2997,1.6899458,0.0344197,0.0348191,0.2933,0.0018,0.0017
2296342614570999552,5768.8984,2.0116,1.2694,1.5629057,0.0318776,0.031833,-0.0769,0.0042,0.0041
2300641567596591488,4998.011,9.4973,1.876,0.7957311,0.0168732,0.0168784,-0.2142,0.0266,0.0068
2303332931542914048,5933.392,8.3053,13.47,1.5105699,0.0307563,0.0307831,0.2851,0.0061,0.0145
2318295979126499200,,,,,,,,,
2329387852426700800,,,,,,,,,
2333676738050041728,,,,,,,,,
2340919358581488768,5749.773,2.368,1.723,1.4497368,0.0307473,0.0311869,0.0435,0.0055,0.0054
2371032916186181760,,,,,,,,,
2385171398768647552,5390.584,12.636,14.1568,0.82150286,0.01711208,0.01709966,-0.1372,0.0117,0.0132
2415410962124813056,5593.2373,3.3452,2.7627,1.6696826,0.0399317,0.0390888,-0.056,0.0057,0.0062
2424406513428936832,5368.3022,13.1538,10.7492,0.95739126,0.02113844,0.02061683,0.0907,0.0144,0.0128
2424621502311961344,6019.915,15.712,15.12,1.6067505,0.0410519,0.0385765,-0.0681,0.0157,0.0134
2439222638771000448,3325.3345,2.584,2.7847,0.34986988,0.06529528,0.04571185,-0.0241,0.0074,0.0072
2441013811932929280,6426.0034,8.4086,7.749,2.0340831,0.0427469,0.042461,-0.3622,0.0056,0.0055
2498515516990171392,6049.0347,5.7413,3.9607,1.4484801,0.030219,0.0303083,-0.2918,0.0098,0.0093
2507901914613201024,6121.359,4.353,4.821,2.1071062,0.0458884,0.046252,-0.0657,0.0052,0.0054
2512413932376364288,5716.1416,6.939,3.5796,1.0363908,0.0224359,0.0219641,-0.0807,0.0089,0.0071
2538824923230146560,4389.408,12.8557,20.878,0.66734433,0.01730591,0.0173375,0.3436,0.0681,0.0528
2546413408888429696,,,,,,,,,
2562569564026683520,6289.9805,22.395,17.5995,1.8603907,0.0405451,0.0405618,-0.0141,0.0202,0.0151
2609222216055014144,,,,,,,,,
2641087471777046016,6004.221,33.0695,27.2107,1.0801252,0.0238164,0.0238997,-0.5208,0.0298,0.0267
2645727449501559680,4250.179,3.873,3.459,0.676837,0.01935324,0.01943633,0.3232,0.0149,0.0148
2657135741633337088,5590.1895,135.2415,26.4835,1.2718815,0.0087121,0.010515,-0.2545,0.149,0.0305
2657374606238804992,5033.46,48.942,8.926,0.79381895,0.01749305,0.0169993,-0.2061,0.0333,0.0107
2666015878575546496,5050.713,23.732,28.8234,0.84964216,0.01819068,0.01813376,0.2772,0.0266,0.0328
2677447294810845824,5026.5513,10.624,10.5909,0.8088347,0.0173188,0.01724574,0.4522,0.0106,0.0104
2790691147020786816,6304.67,6.067,6.7076,1.5236596,0.0312804,0.031217,-0.0773,0.0048,0.0042
2831084391023184128,5635.9517,16.1396,15.5381,1.2278725,0.0254949,0.0255728,-0.6664,0.0166,0.0173
2841043011433969152,4475.983,3.4316,2.778,0.72352636,0.01727424,0.01726776,0.4982,0.0014,0.0025
2868528637464028160,6061.677,21.1677,10.4236,1.4712826,0.032102,0.0316939,0.1905,0.0378,0.0091
2878641361300809856,5980.7095,38.2441,31.1035,1.5727745,0.0386635,0.0370631,-1.2048,0.0305,0.041
2881784280929695360,6506.252,14.5,22.125,1.5163113,0.0312005,0.0311867,-0.0421,0.0112,0.0157
2912264564319611136,5085.1646,8.7958,6.2716,0.8384367,0.01761373,0.0176073,0.1764,0.0096,0.007
2924661867160818304,6247.6133,1.5537,1.0833,1.3458651,0.0271458,0.0271289,0.0814,0.0031,0.0031
2930141657016297216,6184.962,4.456,5.2677,1.3846388,0.0286326,0.0286722,-0.1279,0.0029,0.0029
2959177048983750016,6257.9385,10.0435,9.2105,1.3600608,0.0280205,0.0281629,-0.2185,0.0077,0.008
2966680597368750720,4663.2993,117.8997,16.2178,0.65322727,0.02235419,0.02093083,-1.4787,0.0029,0.0011
2980392087185289216,5842.128,9.8027,12.1944,1.350825,0.0277458,0.0282193,0.0672,0.01,0.0111
3022644120017418496,5246.597,12.983,27.4403,0.90189,0.01901136,0.01871487,0.3325,0.0136,0.0267
3046327742219111808,5923.166,19.647,19.7827,1.2419343,0.0261031,0.0264916,0.0467,0.017,0.019
306410392895767680,,,,,,,,,
3078836109158636928,5283.737,7.4857,9.37,0.8306533,0.0172343,0.0172502,0.1674,0.0076,0.0097
3080104185367102592,7675.4897,10.2123,8.8354,1.8554269,0.0387102,0.0386513,-0.2621,0.0083,0.0081
3087206553745290624,4598.748,1.442,7.1542,0.71839035,0.01682565,0.01682055,0.7954,0.0037,0.0189
3105507886130792448,6299.214,10.9095,9.2745,1.2218518,0.0283314,0.0290193,-0.3325,0.0105,0.008
3107255598526406912,5245.569,40.399,38.355,1.0806121,0.0556861,0.0371057,-0.4875,0.0434,0.0478
3107267177757848576,5351.1714,11.6696,9.231,0.8334343,0.0173381,0.01729496,0.155,0.0116,0.0073
3125611120515388800,6189.955,32.2984,17.469,1.1441457,0.0268379,0.0283643,-0.3242,0.0123,0.0103
3126717023056016256,5878.6655,7.1145,3.9101,1.4777141,0.0302573,0.0302203,-0.0674,0.0095,0.0093
3211188618762023424,5875.2974,4.8852,13.2608,1.1570168,0.0235456,0.0235712,-0.3427,0.0062,0.0115
3222453935725951488,5736.4746,6.1504,6.1191,1.0240763,0.0212554,0.0211904,-0.1365,0.0061,0.0067
3231856379348299008,6200.522,16.555,18.415,2.1557298,0.044877,0.0448122,-0.2111,0.0128,0.0111
3291455819447952768,8811.203,245.541,126.393,1.8736695,0.0167077,0.0188478,-0.6242,0.1066,0.1182
3311804515502788352,,,,,,,,,
3326541506073371776,5765.2734,43.2276,59.0771,0.96382636,0.02079054,0.02179656,-0.0108,0.0512,0.056
3342228616422593664,6333.0283,14.0407,9.9043,2.468486,0.050585,0.0506984,0.0429,0.0116,0.0078
338382713564401920,5749.947,4.7747,2.648,2.238252,0.0483174,0.0477322,0.0196,0.0065,0.0062
3385777286999240576,6480.038,14.463,11.828,1.4531975,0.0300875,0.0300835,-0.233,0.0114,0.0111
3394923127797114496,6580.8594,9.8916,8.3874,1.7506297,0.0410854,0.0383277,-0.2834,0.0041,0.004
3402980516507429888,6188.6704,4.187,3.6474,2.7471797,0.0562051,0.0560127,-0.2359,0.0042,0.003
3445148131761842944,5737.8066,71.8964,72.5341,1.1055393,0.0046791,0.0051532,0.0165,0.0633,0.066
3460438662009633408,,,,,,,,,
3515865416826633984,5408.758,3.0535,1.8586,1.040225,0.0216222,0.0216162,-0.0219,0.0054,0.0042
3537110837630877568,5719.5156,46.7549,48.8603,1.0750221,0.0232712,0.0230964,0.0244,0.0494,0.0513
3545873945303316224,6173.6855,14.6929,13.2172,1.2649614,0.0264462,0.0264428,-0.3042,0.0123,0.0117
3558354604869150208,5383.158,27.4294,22.104,1.1848924,0.0249729,0.0242792,0.2524,0.028,0.0278
3578596339057980160,4397.4834,1.7796,2.1094,0.7172939,0.01794847,0.01792906,0.4877,0.0103,0.0331
3578783977588991360,5671.689,51.172,16.5093,0.8214114,0.0169464,0.01701566,-0.2158,0.0574,0.0196
3579426053724051584,5558.4185,29.479,8.6412,1.0312257,0.0214269,0.021506,0.0182,0.0258,0.009
3579573358218514944,,,,,,,,,
3581264372742210048,,,,,,,,,
3582057258065666816,5475.795,20.2714,10.811,0.8970002,0.0192031,0.0191511,-0.1175,0.0203,0.0106
3582098107498270208,5440.208,54.709,38.6963,1.6862359,0.0386096,0.0369546,-0.0109,0.0541,0.0435
3582392123779246336,4922.3745,8.3062,3.4765,0.84226346,0.01798654,0.01788729,-0.0116,0.0102,0.0058
3582706794559052160,4862.4893,10.7133,12.1387,0.8483942,0.01890875,0.0192049,-0.0189,0.0117,0.012
3583611726988838144,4573.7617,7.4009,18.0127,0.7599541,0.01826655,0.01800645,-0.1463,0.0102,0.0217
3583630934082556416,5263.0347,4.4163,5.4927,0.7849222,0.01645307,0.0164742,0.089,0.0056,0.0062
3584368019189709952,5266.393,18.513,25.1303,1.0437211,0.0276307,0.0326274,0.2803,0.0188,0.0282
3594882751966012160,5289.797,7.526,6.771,0.7434302,0.01577604,0.01577455,-0.2139,0.0058,0.0057
3595647565382917120,3444.6692,11.4182,10.6489,0.4116511,0.04938117,0.0493917,-0.5079,0.0825,0.0608
3596003497911958528,5425.3164,19.5436,70.9534,0.94283223,0.02070877,0.02103123,0.0264,0.0218,0.0881
3596508242468505216,4164.708,13.245,22.141,0.6572793,0.0191442,0.0191397,0.2762,0.0372,0.0647
3596876269626641664,4499.499,5.039,5.495,0.7018944,0.01717454,0.0171773,0.4594,0.026,0.0413
3597570989175080576,6075.4224,8.5676,5.0344,1.4180411,0.0292188,0.0291418,-0.1804,0.0074,0.0061
3597981377595128704,5720.4043,4.2917,5.0943,0.9202675,0.0191718,0.0191201,-0.3849,0.0066,0.0062
3600851450836925312,5383.1523,31.2087,9.9883,0.83546734,0.01776349,0.01765124,-0.0195,0.0379,0.0105
3630680754621236096,4546.25,6.644,7.72,0.6840352,0.01735286,0.01768245,-0.1021,0.0081,0.0088
363702817083391232,5661.1562,44.9778,7.7739,1.1223565,0.024586,0.0235385,-0.0307,0.0476,0.0093
3643098875168270592,5329.848,17.679,16.678,0.9511084,0.01979225,0.0198453,-0.2191,0.0178,0.0165
3652176997218325888,5660.4165,6.8345,3.0665,1.0621904,0.0225119,0.0226274,-0.6271,0.0101,0.0094
3668036348641580288,4961.818,7.5697,2.0836,0.8821451,0.0185954,0.0185612,-0.0633,0.0068,0.0061
3675248118423392256,3771.7578,2.0505,2.0948,0.5408945,0.02764256,0.02764165,-0.0251,0.0114,0.0151
3676684252407983488,5909.116,10.2956,14.5247,1.3387368,0.0117978,0.0114951,-0.2917,0.0197,0.0573
3682825883842696832,4550.4575,1.7395,1.019,0.70715743,0.01696797,0.01708579,0.5579,0.0098,0.0107
3683121446312149504,4309.083,1.4033,2.055,0.66136247,0.01801968,0.01801387,0.7475,0.0025,0.0076
3693923185982895360,5012.6133,6.2007,3.8457,0.8755566,0.0273756,0.02505745,-1.3605,0.0202,0.0229
3694743765254445312,5919.8633,6.9527,6.6909,1.1762077,0.0086778,0.0140633,-0.633,0.0085,0.0096
3694878833385971840,4673.158,6.5163,6.181,0.7323163,0.01675727,0.0167481,-0.0467,0.0097,0.0077
3695235654973028736,,,,,,,,,
3695568295896473856,5711.7876,1.9224,1.5239,1.3069125,0.0290398,0.0291589,-0.4869,0.0067,0.0067
3697828548204889344,5438.276,9.3553,5.392,0.9659783,0.0292553,0.0267074,-0.4544,0.0172,0.0159
3700295641843380224,6007.0005,2.1175,1.8435,1.1296526,0.0253294,0.0244571,-0.1238,0.0045,0.0042
3700937760929835648,3900.731,14.6662,2.4961,0.5607802,0.02422717,0.02415654,-0.2322,0.0217,0.0047
3701015375282968064,6056.3184,18.4236,16.5879,1.5470724,0.0328688,0.0327778,-0.3191,0.0116,0.0129
3761497761876022400,,,,,,,,,
3788394461991295488,6015.5444,1.8531,1.4131,1.4872313,0.0309858,0.0309489,-0.1712,0.0049,0.0048
3794479262419500160,5659.7485,43.0965,19.188,0.91854656,0.01937109,0.01894766,-0.2424,0.0338,0.0205
3803004978659671040,5607.3213,15.3262,8.1636,0.85902065,0.01784345,0.01855719,-0.3624,0.0162,0.0109
3803494845449564672,5637.564,13.8637,11.742,1.570853,0.0344434,0.0340238,-0.6356,0.0177,0.0177
3807826337147474176,,,,,,,,,
3810535361999701376,5322.585,19.4375,124.9073,0.8499167,0.01738065,0.005373,0.1556,0.0275,0.119
3811032513054107648,5444.014,42.2765,21.726,0.95048106,0.0204634,0.01976812,-0.4019,0.043,0.022
3811688440459523200,5265.2886,3.0854,2.6816,0.9160395,0.0188946,0.0189236,-0.0494,0.0058,0.0061
382111248777193216,5548.5527,7.8218,6.2587,1.1208404,0.0229953,0.0230349,0.1474,0.0084,0.0079
3856449627544923392,3671.7307,7.3689,18.3852,0.67858595,0.02607065,0.02605921,-0.5081,0.0373,0.1164
385697172809355392,5105.6465,10.2125,12.1392,0.8180124,0.0175517,0.01737545,-0.0592,0.0096,0.0108
3857872051994269824,3334.978,4.419,4.8498,0.2589969,0.08910093,0.04867807,-0.4296,0.029,0.0401
3859431674878660864,3798.5198,3.3066,3.114,0.5877352,0.0256077,0.0256008,0.0581,0.0063,0.0056
3860369901894562304,4200.6294,2.6323,1.4504,0.6447971,0.01891945,0.0189424,0.2667,0.0074,0.007
3862378262961788288,,,,,,,,,
3864142669886768896,3325.988,3.279,3.6535,0.30470806,0.07471614,0.00700733,-0.174,0.0082,0.0104
3877070590167177344,5625.6333,1.8872,1.4019,1.7560672,0.0369398,0.0359735,0.2073,0.0047,0.0051
3882879683758393344,5106.7734,15.4253,12.6564,2.611326,0.0562844,0.056542,-0.0663,0.0168,0.0058
3892632287473304064,4199.8223,6.5117,4.6083,0.67161876,0.02065424,0.02131951,0.2678,0.0238,0.0129
3896271842760486272,4915.8745,4.2065,2.7519,0.80703217,0.01930473,0.02010777,-0.4,0.0115,0.0108
3899064464855774592,,,,,,,,,
3962403923821595264,4757.89,4.581,4.258,0.76699543,0.01712007,0.0171482,0.264,0.0055,0.0059
3997075206232885888,5053.029,5.0677,22.845,0.7866658,0.01688677,0.0166811,-0.5258,0.0975,0.1947
404433018447476096,5310.2046,4.208,7.9292,0.78498983,0.01649947,0.01649457,0.068,0.0056,0.0074
4056326681029056896,5365.067,67.259,40.547,,,,-3.7743,1.1059,0.3369
4056443366649948160,5676.5703,18.4502,18.1206,1.2209766,0.068377,0.0428537,-0.1735,0.0239,0.0265
415703635408772480,,,,,,,,,
4223507222112425344,,,,,,,,,
4224062406762625152,5807.3564,12.3799,11.0141,1.5804461,0.0320039,0.0319577,0.1668,0.0132,0.0117
4255957040079935488,5279.8193,25.4781,33.4873,2.1498635,0.1201839,0.0682825,-0.3004,0.0332,0.032
4256135160951556480,5019.701,55.7136,54.041,1.2235675,0.0464506,0.0401727,-0.696,0.0726,0.065
4263752921128319616,4772.0527,36.0337,22.0157,0.8346744,0.0186309,0.01928065,-0.0432,0.0274,0.0211
427224073427887360,3399.8037,1.9827,0.823,0.57765704,0.03778202,0.03778088,-1.3635,0.0065,0.0011
4285511294172309504,6248.989,16.9973,16.3254,1.4664786,0.0337851,0.032346,-0.2372,0.0134,0.0141
4287832775526476800,4786.036,24.247,22.511,0.9297028,0.02044316,0.0202767,-0.3255,0.0245,0.0218
4334991786994866304,5377.682,58.6803,85.826,1.2867287,0.0079464,0.0055481,-0.7578,0.0566,0.0976
4439085988769170432,5902.4565,15.9285,13.5225,1.722459,0.1042673,0.0985004,-0.1802,0.0153,0.0114
4453211899986180352,6046.362,7.011,3.962,1.5194585,0.0306647,0.0306477,-0.2371,0.0079,0.008
4477340334766250496,,,,,,,,,
4534144923690481408,5525.9883,11.0807,9.3086,1.3767178,0.0278262,0.0278458,-0.0546,0.0109,0.0097
4558177980124887936,6560.81,9.9844,8.372,1.7258207,0.035676,0.035654,-0.2705,0.0046,0.0045
457317534880081152,,,,,,,,,
4583004815239650176,5806.3364,10.4006,10.6974,1.5112371,0.0310216,0.0310035,-0.2014,0.0091,0.0104
4596481632339898240,5133.9497,28.9813,20.4437,0.9008674,0.0190984,0.0189252,0.3885,0.0221,0.0287
4606030169272920320,5752.1475,1.3579,1.0355,1.1435164,0.02322,0.023216,-0.0345,0.0043,0.0038
4608935250790855296,6124.7437,10.5503,5.6527,2.2016575,0.0451899,0.044991,0.0353,0.0107,0.0075
4613145315172329984,6230.717,3.548,3.44,1.5671675,0.0319522,0.0319756,-0.2916,0.0031,0.003
4620574887039870720,,,,,,,,,
4624979393181971328,5628.948,14.2517,3.494,1.1054605,0.0226318,0.0227651,-0.0402,0.0138,0.0049
4668163021600295552,6141.14,3.2038,1.665,1.4540989,0.0291861,0.0291752,-0.167,0.0066,0.0058
4684513614202233728,5857.7227,13.0156,29.6543,1.2820479,0.02733,0.0266667,0.3599,0.0088,0.0438
4698692748651744128,5216.258,7.6746,7.932,0.8651048,0.0179006,0.0179016,-0.0702,0.0075,0.0083
470650560779277952,6715.0464,30.6929,13.6624,1.5261508,0.0320389,0.0318638,-0.57,0.0105,0.0092
4707634458245031552,5650.196,14.6287,18.8093,2.332882,0.0471849,0.0474642,0.1848,0.0211,0.0121
4727755005637190016,6386.467,9.8416,9.505,1.5742754,0.0328116,0.0323955,-0.4556,0.0047,0.0051
4745660479479743488,5937.6963,6.6047,3.2817,1.748071,0.0351378,0.0351223,0.0249,0.0071,0.0055
4746157737910069888,5949.5474,2.1496,1.3944,1.2552606,0.025295,0.0252773,-0.3425,0.0053,0.0052
4747624104168195072,5953.785,1.4547,1.2845,2.0027626,0.0401364,0.0401452,0.0217,0.0066,0.0064
4756649415309914240,6147.792,2.836,1.6704,1.2684034,0.0255162,0.0255244,-0.0258,0.0061,0.0061
4837286842168217088,6451.811,6.9956,4.0185,1.7082589,0.0354348,0.0354666,-0.0193,0.0102,0.0093
4864759888238232320,5987.569,7.43,7.959,2.0100467,0.0424819,0.0418257,-0.1352,0.0052,0.006
4886243456388510720,,,,,,,,,
4895489043507741440,5005.3647,3.8179,1.0417,0.8170502,0.0172285,0.01722465,-0.0854,0.0084,0.004
4911563216311083392,5689.305,14.73,10.45,1.1105418,0.0225265,0.0225197,0.3336,0.0122,0.0085
4917441922731087488,5070.293,7.0947,9.016,1.094315,0.0297801,0.0294922,0.1281,0.0102,0.0101
4968289907406396160,5706.2026,79.48,49.6723,1.7316248,0.0176473,0.0196948,0.177,0.0785,0.0455
497750842338402560,6168.0044,5.4102,4.2749,1.473315,0.0305768,0.0304252,-0.2678,0.0026,0.0027
4990044668377961984,5617.147,0.8603,0.756,1.0554935,0.0218323,0.0223381,0.0245,0.0029,0.0026
4994237247949280000,6454.3584,7.917,7.8264,1.768334,0.0415463,0.0405264,-0.0729,0.0067,0.0062
5001098681543159040,,,,,,,,,
5019835424832215424,5120.498,0.7647,0.739,0.90792906,0.01870524,0.01870516,0.2216,0.0042,0.0041
5057924844082070016,5866.2603,27.2857,17.8723,1.2469124,0.0259572,0.0256634,-0.3282,0.024,0.0151
5065640460769428224,6002.626,10.145,3.861,2.2264502,0.0496658,0.048995,-0.2445,0.0076,0.0066
5086537022856406272,5925.6445,5.3438,2.5365,1.2184604,0.0270827,0.0268178,0.0745,0.0058,0.0045
5089851638095503616,6178.663,25.3966,11.7284,1.9884226,0.0442104,0.0454118,-0.3669,0.0155,0.01
5175239363214344960,4756.42,1.658,1.4386,0.7862985,0.01718445,0.0171831,0.0615,0.0076,0.008
5227928170880093568,5441.074,68.989,35.332,1.7482092,0.035613,0.0356385,-0.446,0.0741,0.0354
5241964708164136192,5418.634,53.9573,57.533,1.2470292,0.1467755,0.1059588,-0.6983,0.0723,0.0763
5242077854771196544,4626.542,15.9883,15.766,0.85068905,0.02121875,0.02322305,-0.128,0.0246,0.026
5253607539857229568,6027.7427,25.6373,23.6201,1.7216551,0.092886,0.1109171,-0.5162,0.0243,0.0298
5262666416118954368,,,,,,,,,
5284358990266469760,4526.034,56.1144,20.3035,0.7085409,0.01842596,0.0174714,0.1973,0.1092,0.0436
5288681857665822080,6040.2407,9.3086,7.7247,1.2296802,0.0257026,0.0257485,-0.2456,0.0074,0.0068
5305241494923209856,6008.917,13.745,6.759,1.0765977,0.0399513,0.0398315,-0.7038,0.0231,0.024
5337273743301313536,6679.9697,22.2933,26.8957,1.5422205,0.0496357,0.0440049,-0.443,0.0138,0.0154
5337294049909975680,4921.7666,71.3134,130.478,0.9276033,0.03243703,0.0279782,-0.9781,0.1392,0.3543
534988616816537728,,,,,,,,,
5351820556994135296,6568.681,7.985,8.5623,1.7778378,0.0363526,0.0363449,-0.1667,0.0067,0.0071
5357465071731312768,3322.5972,0.7808,0.5525,0.5663713,0.04176523,0.04176513,-0.6889,0.0028,0.0027
5376137837173646208,5861.0034,14.6716,16.104,1.9922723,0.0436427,0.0423896,-0.1694,0.0128,0.0147
5385076140853434752,5836.351,4.4874,4.0546,1.759909,0.0365359,0.0374145,0.288,0.002,0.0023
5401743332678544640,6143.1733,6.0737,7.2026,1.2924824,0.0269694,0.0280041,-0.2249,0.0043,0.0044
5409268527708808320,5478.038,15.3497,10.4765,1.4502089,0.029644,0.0296352,0.2007,0.0159,0.0104
5411736896952029568,5454.128,11.4467,15.948,1.0225605,0.020879,0.0209081,0.0589,0.0129,0.018
5444147952811517696,,,,,,,,,
5453063823882876032,6191.335,20.662,7.9078,1.2127479,0.0251726,0.0256583,-0.2808,0.0061,0.0054
545560867790611072,5905.5615,39.6535,6.6391,1.5531057,0.0323849,0.0312857,-0.081,0.0775,0.0123
5509620021956148736,4495.351,2.587,12.1576,0.7415173,0.01744587,0.01748436,0.4926,0.0075,0.0267
5545555570947605376,5696.5625,52.8885,5.8701,1.2016498,0.0258946,0.0246048,-0.045,0.0477,0.0068
5557345496687437696,5002.1724,8.3222,6.8931,0.84487987,0.01778863,0.01775067,0.0608,0.01,0.009
5560886336446650240,5635.6484,30.044,11.269,1.5057007,0.0312153,0.0306503,0.1787,0.0317,0.0141
5574766468155514752,5513.092,52.2273,26.7898,1.8171359,0.0393989,0.037849,0.1461,0.0398,0.0273
5580554052549277056,6137.0757,8.4219,8.353,2.1417952,0.0439333,0.0438522,-0.1254,0.0084,0.0084
5656184406542140032,5471.7446,9.3589,10.5636,1.0466243,0.0216545,0.0215088,-0.135,0.0104,0.0114
5664814198431308288,3204.3516,78.5384,4.1243,0.42553985,0.00119519,0.01874068,-0.8728,0.326,0.0169
5664957444179338240,5990.2417,11.5833,5.9292,1.2653767,0.0255688,0.025488,-0.0278,0.0127,0.0086
5674618444832114304,5952.788,7.4327,7.1166,1.6142629,0.0363747,0.036231,-0.1971,0.0056,0.0058
570653411060484480,6022.5796,2.1758,1.273,1.4471252,0.0293966,0.0293329,-0.2817,0.0055,0.0049
5710154317045164416,5571.3105,6.2798,6.0952,1.0811027,0.0221136,0.0221332,-0.1363,0.0055,0.0052
5723638723350902400,5557.1006,80.5347,33.7696,1.0484737,0.0064058,0.0148206,-0.0613,0.0947,0.0373
5723772524469252096,,,,,,,,,
5738284016370287616,,,,,,,,,
5746824674801810816,4462.219,2.826,4.4265,0.7152785,0.0173415,0.0173392,0.0619,0.0191,0.0372
5751177095877066496,6307.54,9.065,9.415,1.665158,0.0345248,0.0345736,0.0562,0.007,0.0072
5795534040654879744,5326.739,31.358,7.7702,0.98365194,0.02041046,0.0201428,0.2303,0.0375,0.0085
58200934326315136,5804.169,106.7187,72.577,1.0886359,0.0117312,0.0173484,-0.0315,0.0952,0.072
5880886001621564928,4506.4727,18.4907,35.3397,0.7291776,0.01731806,0.01744027,0.2975,0.0545,0.1424
5902750168276592256,5620.91,1.1266,1.0985,1.0829165,0.0218317,0.0218322,-0.6025,0.0103,0.0106
596931979481073152,5640.517,15.2804,9.09,1.0916137,0.0227732,0.0227657,0.111,0.0164,0.0094
6003809889735481856,,,,,,,,,
602494855483616256,4884.575,11.077,13.135,0.8384779,0.0198558,0.01917135,0.5973,0.0158,0.0225
6032746832450438400,6242.985,4.6146,4.752,1.2175927,0.0265979,0.026316,-0.3091,0.0036,0.0038
6042793005779654656,6617.9907,12.5643,12.6601,1.5507603,0.0346582,0.034097,-0.5265,0.0095,0.0086
6086712585429729536,6972.9062,12.4444,12.0172,2.0564487,0.0476282,0.0470267,-0.1819,0.0106,0.012
6112606840179716096,5475.071,20.0877,16.285,1.0731361,0.0221785,0.0221504,0.1477,0.0231,0.0207
6125644402384918784,5645.641,32.7213,9.8905,0.88681865,0.01851022,0.01807455,-0.3973,0.0381,0.0215
6154982877300947840,6993.378,25.966,24.379,1.8906623,0.0446673,0.0435029,-0.1382,0.0123,0.0135
61607255708760960,5523.48,3.9096,4.153,0.9991431,0.0209292,0.0209638,-0.0163,0.0051,0.0052
6160877943251930368,5425.766,9.552,9.4725,0.9144541,0.0188675,0.0188934,-0.0458,0.0097,0.0095
6171009049549197824,6371.4927,13.5088,12.8487,1.4405789,0.0298194,0.0296861,-0.1427,0.0132,0.012
6173435259395017344,5898.265,63.085,48.663,1.7262205,0.0389427,0.038891,-0.3779,0.0757,0.0751
6173451477191225984,5891.3594,16.0439,9.8754,1.6908984,0.0358443,0.0359049,-0.4391,0.0152,0.0127
6186950525042445824,5582.832,62.081,20.1216,0.93815005,0.02127379,0.02014089,-0.1032,0.0678,0.0206
6198312362812872320,5668.4985,13.0069,9.0888,1.357628,0.0304826,0.0296764,-0.2185,0.0137,0.0103
6239410080231903488,3494.6802,2.8022,2.4356,0.39134607,0.04804623,0.04808373,-0.2133,0.0168,0.0114
6255655673768103168,3479.4956,10.4817,9.5606,0.38678145,0.05047995,0.05035421,-0.4533,0.0697,0.0692
6257625719430982016,3849.5154,4.5315,21.9304,0.61235195,0.02406815,0.0239768,-0.6803,0.033,0.1096
6258364939144564992,3924.136,14.992,22.6812,0.6133035,0.0238706,0.0230676,0.0485,0.0274,0.0353
6258810550587404672,5739.13,51.602,51.5514,1.634996,0.0359033,0.0363488,-0.2169,0.0453,0.0656
6264513270727342080,4204.36,13.1605,3.989,0.6505033,0.0189626,0.0188532,0.0137,0.0393,0.0103
6283723285046532864,5475.332,34.946,15.0083,1.1100045,0.0232933,0.0233126,-0.3655,0.0284,0.0123
6284007337003799552,5759.99,23.2253,21.6384,1.6170703,0.0339325,0.0334533,-0.2862,0.0253,0.0215
6347643496607835520,,,,,,,,,
6386751579018596864,5042.8613,8.3203,6.709,0.8530588,0.017879,0.0178598,0.5263,0.0069,0.0059
6407428994690988928,5747.6714,1.0726,1.1548,1.1367322,0.0228752,0.0228711,-0.4168,0.0069,0.0073
6411096106487783296,,,,,,,,,
6453566701615683456,,,,,,,,,
646125297938578944,6011.8174,1.7261,1.3564,2.103899,0.042737,0.0428946,-0.0912,0.0032,0.0031
6482103014085857024,6174.818,13.302,12.4894,2.1220515,0.0476913,0.04683,-0.2819,0.0124,0.0114
6491038642006989056,5542.6895,28.4495,11.3045,0.98796123,0.02033097,0.02024519,0.0298,0.0308,0.0117
6492940453524576128,5601.7773,21.2317,10.5013,1.0401317,0.0212645,0.0210898,0.0888,0.0243,0.0096
6518399301667782016,5718.492,21.92,12.938,1.2479352,0.0255351,0.0253922,0.0998,0.0214,0.0132
651935220461650560,7346.182,3.1383,2.476,1.7256107,0.0353911,0.0353092,-0.1574,0.0103,0.0109
6533307957785865856,5615.818,10.8685,5.6945,1.1272352,0.023228,0.0233106,0.0784,0.0106,0.0072
6534414719318886144,4701.3296,1.5874,0.8931,0.8087366,0.01766463,0.0176645,0.2593,0.0039,0.0039
6541360574788758016,4694.7734,6.0762,1.1079,0.7749384,0.0171712,0.01717275,0.0218,0.024,0.0057
6552346035980010624,4818.802,5.9924,6.7654,0.78304696,0.0170576,0.01706302,0.4667,0.0076,0.0082
6582435924022652672,,,,,,,,,
6675883485986480256,5948.107,3.4687,1.838,1.5955402,0.0339409,0.0337017,-0.0768,0.0057,0.0054
6677909439240233472,5545.8823,75.5957,19.6663,1.2602142,0.0290059,0.0267447,0.1465,0.087,0.0232
6683371847364921088,4608.6196,1.3264,1.2519,0.75387657,0.0171594,0.01715982,0.1953,0.0072,0.0068
6710517793025165696,5711.9224,6.2776,3.8496,1.195653,0.024277,0.0243221,-0.0709,0.0065,0.0048
6801474136516893184,5680.8784,18.9903,22.3911,1.851121,0.0398926,0.0396804,-0.277,0.0102,0.019
684992690384102528,,,,,,,,,
6857756246957592320,4982.377,6.7524,6.981,0.91447407,0.02001166,0.02004093,-0.0764,0.0069,0.0068
6868476691490044672,5212.6826,10.1574,11.2196,0.9055899,0.01875226,0.0187502,0.1039,0.0124,0.0124
6910753016653587840,4729.3774,2.3789,2.8734,0.87354845,0.01865585,0.0186196,0.3494,0.0227,0.0287
702295464353437952,6052.2764,33.3271,37.8614,1.5481696,0.0330047,0.0331597,0.0227,0.0309,0.0533
770622651659107712,5572.2466,7.3589,2.6426,1.2670937,0.0266187,0.0264485,-0.1072,0.0116,0.0067
869913435026514688,4649.1714,1.1411,1.8858,0.72035813,0.01662747,0.01662723,0.7984,0.0012,0.0024
876608292608416512,5753.6,16.2267,14.064,1.564833,0.0332026,0.0340739,0.1108,0.0168,0.0148
898130030131443584,6146.142,12.463,7.3207,1.2772624,0.027156,0.0268744,-0.1311,0.0112,0.0078
920308932010648448,5378.101,9.551,9.342,1.108314,0.0230024,0.0229263,0.1525,0.0115,0.0105
990291507088739072,6220.6177,16.5058,13.5191,1.5365424,0.0316041,0.0315451,-0.2803,0.0158,0.0146
